period,lsa,operator,previous_month_subscribers,subscriber_count,net_addition,monthly_growth_pct,market_share_pct
2024-01-31,Andhra Pradesh,BSNL,6526093.0,6509947.0,-16146.0,-0.2474068328477697,7.808358578865729
2024-01-31,Andhra Pradesh,BSNL (VNO's),0.0,0.0,0.0,,0.0
2024-01-31,Andhra Pradesh,Bharti Airtel,33456471.0,33574662.0,118191.0,0.3532679821491035,40.27114200165028
2024-01-31,Andhra Pradesh,MTNL,0.0,0.0,0.0,,0.0
2024-01-31,Andhra Pradesh,Reliance Com.,0.0,0.0,0.0,,0.0
2024-01-31,Andhra Pradesh,Reliance Jio,32181993.0,32441781.0,259788.0,0.807246462330658,38.91230742508859
2024-01-31,Andhra Pradesh,Vodafone Idea,10889776.0,10845127.0,-44649.0,-0.4100084335986341,13.008191994395398
2024-01-31,Assam,BSNL,3135849.0,3130298.0,-5551.0,-0.1770174520520599,12.08661999538976
2024-01-31,Assam,BSNL (VNO's),0.0,0.0,0.0,,0.0
2024-01-31,Assam,Bharti Airtel,11635040.0,11676769.0,41729.0,0.3586493901181259,45.08601726639039
2024-01-31,Assam,MTNL,0.0,0.0,0.0,,0.0
2024-01-31,Assam,Reliance Com.,0.0,0.0,0.0,,0.0
2024-01-31,Assam,Reliance Jio,9273525.0,9453543.0,180018.0,1.9412035876325344,36.50175857093379
2024-01-31,Assam,Vodafone Idea,1689221.0,1638260.0,-50961.0,-3.0168343869748244,6.325604167286063
2024-01-31,Bihar,BSNL,5212767.0,5184286.0,-28481.0,-0.5463700948076137,5.484052305748584
2024-01-31,Bihar,BSNL (VNO's),0.0,0.0,0.0,,0.0
2024-01-31,Bihar,Bharti Airtel,41196724.0,41219965.0,23241.0,0.0564146799633873,43.60338995594108
2024-01-31,Bihar,MTNL,0.0,0.0,0.0,,0.0
2024-01-31,Bihar,Reliance Com.,0.0,0.0,0.0,,0.0
2024-01-31,Bihar,Reliance Jio,39960736.0,40493694.0,532958.0,1.3337041640073897,42.835124441239856
2024-01-31,Bihar,Vodafone Idea,7685625.0,7635909.0,-49716.0,-0.6468699682849476,8.077433297070487
2024-01-31,Delhi,BSNL,0.0,0.0,0.0,,0.0
2024-01-31,Delhi,BSNL (VNO's),0.0,0.0,0.0,,0.0
2024-01-31,Delhi,Bharti Airtel,17944995.0,17997887.0,52892.0,0.2947451364572684,32.0004357548636
2024-01-31,Delhi,MTNL,1686812.0,1686497.0,-315.0,-0.0186742802398844,2.998609720089375
2024-01-31,Delhi,Reliance Com.,23.0,20.0,-3.0,-13.043478260869565,3.556021410164827e-05
2024-01-31,Delhi,Reliance Jio,19780346.0,20005262.0,224916.0,1.1370680775755897,35.56956999397841
2024-01-31,Delhi,Vodafone Idea,16594404.0,16552965.0,-41439.0,-0.2497167117300506,29.431348970854508
2024-01-31,Gujarat,BSNL,4408539.0,3717156.0,-691383.0,-15.682814646757125,5.629518106364713
2024-01-31,Gujarat,BSNL (VNO's),0.0,0.0,0.0,,0.0
2024-01-31,Gujarat,Bharti Airtel,11696221.0,11763034.0,66813.0,0.5712357863279088,17.814752162347702
2024-01-31,Gujarat,MTNL,0.0,0.0,0.0,,0.0
2024-01-31,Gujarat,Reliance Com.,43.0,39.0,-4.0,-9.30232558139535,5.906429704543576e-05
2024-01-31,Gujarat,Reliance Jio,29363638.0,29693099.0,329461.0,1.1220033430462533,44.96928255219312
2024-01-31,Gujarat,Vodafone Idea,20936910.0,20856409.0,-80501.0,-0.3844932227343958,31.586388114797423
2024-01-31,Haryana,BSNL,4334735.0,4367449.0,32714.0,0.7546943469439308,16.3421901117875
2024-01-31,Haryana,BSNL (VNO's),0.0,0.0,0.0,,0.0
2024-01-31,Haryana,Bharti Airtel,6913441.0,6928123.0,14682.0,0.2123689201947337,25.923760800377416
2024-01-31,Haryana,MTNL,0.0,0.0,0.0,,0.0
2024-01-31,Haryana,Reliance Com.,11.0,7.0,-4.0,-36.36363636363637,2.6192711301840612e-05
2024-01-31,Haryana,Reliance Jio,8570228.0,8632256.0,62028.0,0.7237613748432363,32.30031275594021
2024-01-31,Haryana,Vodafone Idea,6848050.0,6797157.0,-50893.0,-0.7431750644344011,25.433710139183574
2024-01-31,Himachal Pradesh,BSNL,1549857.0,1522917.0,-26940.0,-1.7382248813922831,17.242497067030662
2024-01-31,Himachal Pradesh,BSNL (VNO's),0.0,0.0,0.0,,0.0
2024-01-31,Himachal Pradesh,Bharti Airtel,3565663.0,3566475.0,812.0,0.0227727634383843,40.37970206330232
2024-01-31,Himachal Pradesh,MTNL,0.0,0.0,0.0,,0.0
2024-01-31,Himachal Pradesh,Reliance Com.,92.0,90.0,-2.0,-2.1739130434782608,0.0010189818197792
2024-01-31,Himachal Pradesh,Reliance Jio,3330986.0,3340307.0,9321.0,0.2798270542115758,37.8190233942375
2024-01-31,Himachal Pradesh,Vodafone Idea,404470.0,402557.0,-1913.0,-0.4729646203673944,4.557758493609739
2024-01-31,J&K,BSNL,802417.0,794052.0,-8365.0,-1.0424754211338991,6.574816260823931
2024-01-31,J&K,BSNL (VNO's),0.0,0.0,0.0,,0.0
2024-01-31,J&K,Bharti Airtel,5889912.0,5883713.0,-6199.0,-0.1052477524282196,48.71763046553772
2024-01-31,J&K,MTNL,0.0,0.0,0.0,,0.0
2024-01-31,J&K,Reliance Com.,0.0,0.0,0.0,,0.0
2024-01-31,J&K,Reliance Jio,5172959.0,5099483.0,-73476.0,-1.4203862818166546,42.224141177397954
2024-01-31,J&K,Vodafone Idea,302053.0,299926.0,-2127.0,-0.7041810543182819,2.483412096240395
2024-01-31,Karnataka,BSNL,4224679.0,4226753.0,2074.0,0.0490924872635293,6.348328811042478
2024-01-31,Karnataka,BSNL (VNO's),0.0,0.0,0.0,,0.0
2024-01-31,Karnataka,Bharti Airtel,31952810.0,32016281.0,63471.0,0.1986398066398542,48.08652861776685
2024-01-31,Karnataka,MTNL,0.0,0.0,0.0,,0.0
2024-01-31,Karnataka,Reliance Com.,574.0,549.0,-25.0,-4.355400696864112,0.0008245649833956
2024-01-31,Karnataka,Reliance Jio,23596740.0,23837825.0,241085.0,1.021687741611765,35.80297955430295
2024-01-31,Karnataka,Vodafone Idea,6478767.0,6499154.0,20387.0,0.3146740730142016,9.761338451904326
2024-01-31,Kerala,BSNL,9378546.0,9281824.0,-96722.0,-1.0313112501660706,21.90510172224045
2024-01-31,Kerala,BSNL (VNO's),0.0,0.0,0.0,,0.0
2024-01-31,Kerala,Bharti Airtel,8472706.0,8514603.0,41897.0,0.49449373081044,20.094460403417877
2024-01-31,Kerala,MTNL,0.0,0.0,0.0,,0.0
2024-01-31,Kerala,Reliance Com.,113.0,100.0,-13.0,-11.50442477876106,0.0002359999685648
2024-01-31,Kerala,Reliance Jio,10830851.0,10918889.0,88038.0,0.8128447155260468,25.76857460762586
2024-01-31,Kerala,Vodafone Idea,13703637.0,13657471.0,-46166.0,-0.3368886668553756,32.231627266747246
2024-01-31,Kolkata,BSNL,2026790.0,1989503.0,-37287.0,-1.8397071230862596,8.334317782554521
2024-01-31,Kolkata,BSNL (VNO's),0.0,0.0,0.0,,0.0
2024-01-31,Kolkata,Bharti Airtel,5696375.0,5682729.0,-13646.0,-0.2395558578920804,23.80577931178705
2024-01-31,Kolkata,MTNL,0.0,0.0,0.0,,0.0
2024-01-31,Kolkata,Reliance Com.,0.0,0.0,0.0,,0.0
2024-01-31,Kolkata,Reliance Jio,10724998.0,10853184.0,128186.0,1.1952076820900108,45.4655682391714
2024-01-31,Kolkata,Vodafone Idea,5421655.0,5345800.0,-75855.0,-1.3991115259086018,22.39433466648704
2024-01-31,Madhya Pradesh,BSNL,4808578.0,4740747.0,-67831.0,-1.410624929033074,6.021992433174197
2024-01-31,Madhya Pradesh,BSNL (VNO's),0.0,0.0,0.0,,0.0
2024-01-31,Madhya Pradesh,Bharti Airtel,15898273.0,15982845.0,84572.0,0.531957150314377,20.30240627702681
2024-01-31,Madhya Pradesh,MTNL,0.0,0.0,0.0,,0.0
2024-01-31,Madhya Pradesh,Reliance Com.,0.0,0.0,0.0,,0.0
2024-01-31,Madhya Pradesh,Reliance Jio,41814615.0,42300730.0,486115.0,1.1625480708120834,53.73302476967127
2024-01-31,Madhya Pradesh,Vodafone Idea,15839576.0,15699573.0,-140003.0,-0.8838809826727686,19.94257652012772
2024-01-31,Maharashtra,BSNL,5857052.0,5879904.0,22852.0,0.390162149832373,6.300709349297335
2024-01-31,Maharashtra,BSNL (VNO's),0.0,0.0,0.0,,0.0
2024-01-31,Maharashtra,Bharti Airtel,21533174.0,21602792.0,69618.0,0.32330579783547,23.14883262130226
2024-01-31,Maharashtra,MTNL,0.0,0.0,0.0,,0.0
2024-01-31,Maharashtra,Reliance Com.,0.0,0.0,0.0,,0.0
2024-01-31,Maharashtra,Reliance Jio,43085341.0,43224553.0,139212.0,0.3231075738729792,46.31799179141328
2024-01-31,Maharashtra,Vodafone Idea,22913859.0,22614053.0,-299806.0,-1.3084046646180374,24.23246623798712
2024-01-31,Mumbai,BSNL,0.0,0.0,0.0,,0.0
2024-01-31,Mumbai,BSNL (VNO's),0.0,0.0,0.0,,0.0
2024-01-31,Mumbai,Bharti Airtel,9994591.0,9985385.0,-9206.0,-0.0921098222028295,29.13745203813069
2024-01-31,Mumbai,MTNL,251914.0,247836.0,-4078.0,-1.6188064180633073,0.7231878954414033
2024-01-31,Mumbai,Reliance Com.,877.0,604.0,-273.0,-31.12884834663626,0.0017624779646484
2024-01-31,Mumbai,Reliance Jio,12848855.0,12918730.0,69875.0,0.5438227764263819,37.6969817156334
2024-01-31,Mumbai,Vodafone Idea,11254136.0,11117377.0,-136759.0,-1.2151887981449665,32.44061587282986
2024-01-31,North East,BSNL,1252368.0,1244179.0,-8189.0,-0.653881287289359,9.97756973670704
2024-01-31,North East,BSNL (VNO's),0.0,0.0,0.0,,0.0
2024-01-31,North East,Bharti Airtel,6217335.0,6214956.0,-2379.0,-0.0382639828801246,49.84022146376514
2024-01-31,North East,MTNL,0.0,0.0,0.0,,0.0
2024-01-31,North East,Reliance Com.,0.0,0.0,0.0,,0.0
2024-01-31,North East,Reliance Jio,4191746.0,4220040.0,28294.0,0.6749931889957073,33.842191028536234
2024-01-31,North East,Vodafone Idea,811436.0,790585.0,-20851.0,-2.569641968066489,6.340017770991582
2024-01-31,Odisha,BSNL,5450152.0,5450059.0,-93.0,-0.0017063744277223,16.31145198184989
2024-01-31,Odisha,BSNL (VNO's),0.0,0.0,0.0,,0.0
2024-01-31,Odisha,Bharti Airtel,11462775.0,11501940.0,39165.0,0.3416711921851384,34.42409375900674
2024-01-31,Odisha,MTNL,0.0,0.0,0.0,,0.0
2024-01-31,Odisha,Reliance Com.,29.0,24.0,-5.0,-17.24137931034483,7.182946965608947e-05
2024-01-31,Odisha,Reliance Jio,14851441.0,14982176.0,130735.0,0.8802849501270616,44.840073182258
2024-01-31,Odisha,Vodafone Idea,1501230.0,1478271.0,-22959.0,-1.5293459363322075,4.42430924741571
2024-01-31,Punjab,BSNL,4118815.0,4153406.0,34591.0,0.8398289313795351,11.792080488342584
2024-01-31,Punjab,BSNL (VNO's),0.0,0.0,0.0,,0.0
2024-01-31,Punjab,Bharti Airtel,12532709.0,12541225.0,8516.0,0.0679501933700048,35.606231276791675
2024-01-31,Punjab,MTNL,0.0,0.0,0.0,,0.0
2024-01-31,Punjab,Reliance Com.,106.0,99.0,-7.0,-6.60377358490566,0.000281074368445
2024-01-31,Punjab,Reliance Jio,11935545.0,12021176.0,85631.0,0.7174452444358427,34.129741941079715
2024-01-31,Punjab,Vodafone Idea,6545598.0,6506089.0,-39509.0,-0.6035964933990753,18.47166521941758
2024-01-31,Rajasthan,BSNL,5660820.0,5658798.0,-2022.0,-0.0357192067580315,8.551322650019378
2024-01-31,Rajasthan,BSNL (VNO's),0.0,0.0,0.0,,0.0
2024-01-31,Rajasthan,Bharti Airtel,23079164.0,23202594.0,123430.0,0.5348113995810246,35.06272314569343
2024-01-31,Rajasthan,MTNL,0.0,0.0,0.0,,0.0
2024-01-31,Rajasthan,Reliance Com.,155.0,151.0,-4.0,-2.5806451612903225,0.0002281844519194
2024-01-31,Rajasthan,Reliance Jio,26285709.0,26524805.0,239096.0,0.9096045307356936,40.08309994169208
2024-01-31,Rajasthan,Vodafone Idea,11008394.0,10788187.0,-220207.0,-2.000355365187692,16.302626078143202
2024-01-31,Tamil Nadu,BSNL,7506630.0,7485773.0,-20857.0,-0.2778477159524314,9.562508973906308
2024-01-31,Tamil Nadu,BSNL (VNO's),176911.0,179740.0,2829.0,1.599109156581558,0.2296042590350949
2024-01-31,Tamil Nadu,Bharti Airtel,29098516.0,29152903.0,54387.0,0.1869064388025836,37.24062919793589
2024-01-31,Tamil Nadu,MTNL,0.0,0.0,0.0,,0.0
2024-01-31,Tamil Nadu,Reliance Com.,238.0,213.0,-25.0,-10.504201680672267,0.0002720913940941
2024-01-31,Tamil Nadu,Reliance Jio,25473310.0,25606514.0,133204.0,0.5229159461412749,32.71038540915648
2024-01-31,Tamil Nadu,Vodafone Idea,15960200.0,15857377.0,-102823.0,-0.6442463127028483,20.25660006857214
2024-01-31,U.P.(E),BSNL,8244426.0,7983694.0,-260732.0,-3.162524595405429,7.857292401398987
2024-01-31,U.P.(E),BSNL (VNO's),0.0,0.0,0.0,,0.0
2024-01-31,U.P.(E),Bharti Airtel,37050222.0,36929390.0,-120832.0,-0.3261302995701348,36.34470652749213
2024-01-31,U.P.(E),MTNL,0.0,0.0,0.0,,0.0
2024-01-31,U.P.(E),Reliance Com.,0.0,0.0,0.0,,0.0
2024-01-31,U.P.(E),Reliance Jio,38846885.0,39329936.0,483051.0,1.2434742193614752,38.70724595410451
2024-01-31,U.P.(E),Vodafone Idea,17377795.0,17365697.0,-12098.0,-0.0696175780644207,17.09075511700438
2024-01-31,U.P.(W),BSNL,4940774.0,4927032.0,-13742.0,-0.2781345594839998,7.801287997425069
2024-01-31,U.P.(W),BSNL (VNO's),0.0,0.0,0.0,,0.0
2024-01-31,U.P.(W),Bharti Airtel,18663992.0,18694147.0,30155.0,0.161567793213799,29.59965038043184
2024-01-31,U.P.(W),MTNL,0.0,0.0,0.0,,0.0
2024-01-31,U.P.(W),Reliance Com.,8.0,5.0,-3.0,-37.5,7.916822944751596e-06
2024-01-31,U.P.(W),Reliance Jio,23813944.0,23987854.0,173910.0,0.730286423785997,37.98151858851027
2024-01-31,U.P.(W),Vodafone Idea,15566328.0,15547610.0,-18718.0,-0.1202467274234488,24.617535116809872
2024-01-31,West Bengal,BSNL,2339459.0,2346957.0,7498.0,0.3205014492666894,4.079298354780314
2024-01-31,West Bengal,BSNL (VNO's),0.0,0.0,0.0,,0.0
2024-01-31,West Bengal,Bharti Airtel,17779617.0,17851161.0,71544.0,0.4023933698909262,31.027501440468875
2024-01-31,West Bengal,MTNL,0.0,0.0,0.0,,0.0
2024-01-31,West Bengal,Reliance Com.,115.0,76.0,-39.0,-33.91304347826087,0.0001320972966114
2024-01-31,West Bengal,Reliance Jio,23877462.0,24104708.0,227246.0,0.9517175652923248,41.89693108431892
2024-01-31,West Bengal,Vodafone Idea,13315440.0,13230448.0,-84992.0,-0.6382965940291871,22.99613702313528
2024-02-29,Andhra Pradesh,BSNL,6509947.0,6540254.0,30307.0,0.4655491050848801,7.818125708953339
2024-02-29,Andhra Pradesh,BSNL (VNO's),0.0,0.0,0.0,,0.0
2024-02-29,Andhra Pradesh,Bharti Airtel,33574662.0,33650768.0,76106.0,0.226676891043609,40.2256448185077
2024-02-29,Andhra Pradesh,MTNL,0.0,0.0,0.0,,0.0
2024-02-29,Andhra Pradesh,Reliance Com.,0.0,0.0,0.0,,0.0
2024-02-29,Andhra Pradesh,Reliance Jio,32441781.0,32639853.0,198072.0,0.6105460116385102,39.017211544958
2024-02-29,Andhra Pradesh,Vodafone Idea,10845127.0,10824137.0,-20990.0,-0.1935431461521843,12.939017927580956
2024-02-29,Assam,BSNL,3130298.0,3127976.0,-2322.0,-0.0741782411770381,11.93455965181342
2024-02-29,Assam,BSNL (VNO's),0.0,0.0,0.0,,0.0
2024-02-29,Assam,Bharti Airtel,11676769.0,11744084.0,67315.0,0.5764865263670113,44.80867853650653
2024-02-29,Assam,MTNL,0.0,0.0,0.0,,0.0
2024-02-29,Assam,Reliance Com.,0.0,0.0,0.0,,0.0
2024-02-29,Assam,Reliance Jio,9453543.0,9743408.0,289865.0,3.066204913861396,37.175248143833606
2024-02-29,Assam,Vodafone Idea,1638260.0,1593928.0,-44332.0,-2.7060417760306668,6.081513667846447
2024-02-29,Bihar,BSNL,5184286.0,5202006.0,17720.0,0.341802130515176,5.4832935296083125
2024-02-29,Bihar,BSNL (VNO's),0.0,0.0,0.0,,0.0
2024-02-29,Bihar,Bharti Airtel,41219965.0,41415483.0,195518.0,0.4743283988717603,43.65493810647336
2024-02-29,Bihar,MTNL,0.0,0.0,0.0,,0.0
2024-02-29,Bihar,Reliance Com.,0.0,0.0,0.0,,0.0
2024-02-29,Bihar,Reliance Jio,40493694.0,40639042.0,145348.0,0.3589398388796043,42.83651269300351
2024-02-29,Bihar,Vodafone Idea,7635909.0,7613568.0,-22341.0,-0.2925781331338548,8.025255670914817
2024-02-29,Delhi,BSNL,0.0,0.0,0.0,,0.0
2024-02-29,Delhi,BSNL (VNO's),0.0,0.0,0.0,,0.0
2024-02-29,Delhi,Bharti Airtel,17997887.0,18094479.0,96592.0,0.5366852231042455,32.01587672256834
2024-02-29,Delhi,MTNL,1686497.0,1686179.0,-318.0,-0.0188556516851201,2.983479048840454
2024-02-29,Delhi,Reliance Com.,20.0,20.0,0.0,0.0,3.5387453512829346e-05
2024-02-29,Delhi,Reliance Jio,20005262.0,20212747.0,207485.0,1.03715212527584,35.76388224145404
2024-02-29,Delhi,Vodafone Idea,16552965.0,16523781.0,-29184.0,-0.1763067825008994,29.23672659968364
2024-02-29,Gujarat,BSNL,3717156.0,3727863.0,10707.0,0.2880427940070312,5.617893914923665
2024-02-29,Gujarat,BSNL (VNO's),0.0,0.0,0.0,,0.0
2024-02-29,Gujarat,Bharti Airtel,11763034.0,11814734.0,51700.0,0.4395124591155649,17.80481800029715
2024-02-29,Gujarat,MTNL,0.0,0.0,0.0,,0.0
2024-02-29,Gujarat,Reliance Com.,39.0,39.0,0.0,0.0,5.877304575893024e-05
2024-02-29,Gujarat,Reliance Jio,29693099.0,29993690.0,300591.0,1.0123261300546635,45.20052602177355
2024-02-29,Gujarat,Vodafone Idea,20856409.0,20820623.0,-35786.0,-0.1715827494560545,31.37670328995988
2024-02-29,Haryana,BSNL,4367449.0,4300321.0,-67128.0,-1.5370070720917406,16.095643956796977
2024-02-29,Haryana,BSNL (VNO's),0.0,0.0,0.0,,0.0
2024-02-29,Haryana,Bharti Airtel,6928123.0,6974944.0,46821.0,0.675810749895751,26.106473270855208
2024-02-29,Haryana,MTNL,0.0,0.0,0.0,,0.0
2024-02-29,Haryana,Reliance Com.,7.0,7.0,0.0,0.0,2.620025521294314e-05
2024-02-29,Haryana,Reliance Jio,8632256.0,8677058.0,44802.0,0.5190068505845981,32.477304871072846
2024-02-29,Haryana,Vodafone Idea,6797157.0,6764967.0,-32190.0,-0.4735803513145276,25.32055170101976
2024-02-29,Himachal Pradesh,BSNL,1522917.0,1527016.0,4099.0,0.269154523851267,17.275763895841926
2024-02-29,Himachal Pradesh,BSNL (VNO's),0.0,0.0,0.0,,0.0
2024-02-29,Himachal Pradesh,Bharti Airtel,3566475.0,3570642.0,4167.0,0.116838054381427,40.39615049781849
2024-02-29,Himachal Pradesh,MTNL,0.0,0.0,0.0,,0.0
2024-02-29,Himachal Pradesh,Reliance Com.,90.0,90.0,0.0,0.0,0.0010182072425081
2024-02-29,Himachal Pradesh,Reliance Jio,3340307.0,3340150.0,-157.0,-0.0047001667810773,37.7884991229276
2024-02-29,Himachal Pradesh,Vodafone Idea,402557.0,401167.0,-1390.0,-0.3452927163109821,4.538568276169482
2024-02-29,J&K,BSNL,794052.0,789339.0,-4713.0,-0.5935379546931435,6.559225223674068
2024-02-29,J&K,BSNL (VNO's),0.0,0.0,0.0,,0.0
2024-02-29,J&K,Bharti Airtel,5883713.0,5890199.0,6486.0,0.1102365122160105,48.94619656859698
2024-02-29,J&K,MTNL,0.0,0.0,0.0,,0.0
2024-02-29,J&K,Reliance Com.,0.0,0.0,0.0,,0.0
2024-02-29,J&K,Reliance Jio,5099483.0,5057801.0,-41682.0,-0.817376977234751,42.029160975859455
2024-02-29,J&K,Vodafone Idea,299926.0,296689.0,-3237.0,-1.0792662190006868,2.465417231869496
2024-02-29,Karnataka,BSNL,4226753.0,4177660.0,-49093.0,-1.161482584858874,6.253979976234139
2024-02-29,Karnataka,BSNL (VNO's),0.0,0.0,0.0,,0.0
2024-02-29,Karnataka,Bharti Airtel,32016281.0,32076289.0,60008.0,0.1874296393138228,48.018380892150006
2024-02-29,Karnataka,MTNL,0.0,0.0,0.0,,0.0
2024-02-29,Karnataka,Reliance Com.,549.0,549.0,0.0,0.0,0.000821856016754
2024-02-29,Karnataka,Reliance Jio,23837825.0,24062561.0,224736.0,0.9427705757551288,36.02178604072915
2024-02-29,Karnataka,Vodafone Idea,6499154.0,6482963.0,-16191.0,-0.24912473223438,9.705031234869953
2024-02-29,Kerala,BSNL,9281824.0,9169799.0,-112025.0,-1.2069287243541786,21.70603929456809
2024-02-29,Kerala,BSNL (VNO's),0.0,0.0,0.0,,0.0
2024-02-29,Kerala,Bharti Airtel,8514603.0,8543494.0,28891.0,0.3393111810380355,20.223498516914784
2024-02-29,Kerala,MTNL,0.0,0.0,0.0,,0.0
2024-02-29,Kerala,Reliance Com.,100.0,100.0,0.0,0.0,0.0002367122692064
2024-02-29,Kerala,Reliance Jio,10918889.0,10944591.0,25702.0,0.2353902489529841,25.90718971146218
2024-02-29,Kerala,Vodafone Idea,13657471.0,13587397.0,-70074.0,-0.5130818143417621,32.16303576478574
2024-02-29,Kolkata,BSNL,1989503.0,1879504.0,-109999.0,-5.528968792708531,7.915703475641332
2024-02-29,Kolkata,BSNL (VNO's),0.0,0.0,0.0,,0.0
2024-02-29,Kolkata,Bharti Airtel,5682729.0,5687695.0,4966.0,0.087387591419545,23.95424914226723
2024-02-29,Kolkata,MTNL,0.0,0.0,0.0,,0.0
2024-02-29,Kolkata,Reliance Com.,0.0,0.0,0.0,,0.0
2024-02-29,Kolkata,Reliance Jio,10853184.0,10857566.0,4382.0,0.0403752484063662,45.72763501604953
2024-02-29,Kolkata,Vodafone Idea,5345800.0,5319227.0,-26573.0,-0.4970818212428448,22.4024123660419
2024-02-29,Madhya Pradesh,BSNL,4740747.0,4709237.0,-31510.0,-0.6646631849368886,5.945324327379871
2024-02-29,Madhya Pradesh,BSNL (VNO's),0.0,0.0,0.0,,0.0
2024-02-29,Madhya Pradesh,Bharti Airtel,15982845.0,16082645.0,99800.0,0.6244194947770563,20.30404088116913
2024-02-29,Madhya Pradesh,MTNL,0.0,0.0,0.0,,0.0
2024-02-29,Madhya Pradesh,Reliance Com.,0.0,0.0,0.0,,0.0
2024-02-29,Madhya Pradesh,Reliance Jio,42300730.0,42789573.0,488843.0,1.1556372667800296,54.021041904473456
2024-02-29,Madhya Pradesh,Vodafone Idea,15699573.0,15627630.0,-71943.0,-0.4582481319714874,19.72959288697755
2024-02-29,Maharashtra,BSNL,5879904.0,5803243.0,-76661.0,-1.3037797896020071,6.209462297847826
2024-02-29,Maharashtra,BSNL (VNO's),0.0,0.0,0.0,,0.0
2024-02-29,Maharashtra,Bharti Airtel,21602792.0,21684659.0,81867.0,0.3789649041660911,23.20255631242506
2024-02-29,Maharashtra,MTNL,0.0,0.0,0.0,,0.0
2024-02-29,Maharashtra,Reliance Com.,0.0,0.0,0.0,,0.0
2024-02-29,Maharashtra,Reliance Jio,43224553.0,43588462.0,363909.0,0.8419034431657396,46.639596413621256
2024-02-29,Maharashtra,Vodafone Idea,22614053.0,22381696.0,-232357.0,-1.027489411119714,23.94838497610586
2024-02-29,Mumbai,BSNL,0.0,0.0,0.0,,0.0
2024-02-29,Mumbai,BSNL (VNO's),0.0,0.0,0.0,,0.0
2024-02-29,Mumbai,Bharti Airtel,9985385.0,10008950.0,23565.0,0.2359949065559315,29.19784833915952
2024-02-29,Mumbai,MTNL,247836.0,244320.0,-3516.0,-1.4186800949014673,0.7127239426936345
2024-02-29,Mumbai,Reliance Com.,604.0,604.0,0.0,0.0,0.0017619730737841
2024-02-29,Mumbai,Reliance Jio,12918730.0,13054092.0,135362.0,1.0477964939278086,38.08105729586375
2024-02-29,Mumbai,Vodafone Idea,11117377.0,10971786.0,-145591.0,-1.3095804882752469,32.00660844920932
2024-02-29,North East,BSNL,1244179.0,1243019.0,-1160.0,-0.0932341728963437,9.921996578520028
2024-02-29,North East,BSNL (VNO's),0.0,0.0,0.0,,0.0
2024-02-29,North East,Bharti Airtel,6214956.0,6237691.0,22735.0,0.3658111175686521,49.79034814420791
2024-02-29,North East,MTNL,0.0,0.0,0.0,,0.0
2024-02-29,North East,Reliance Com.,0.0,0.0,0.0,,0.0
2024-02-29,North East,Reliance Jio,4220040.0,4275426.0,55386.0,1.312452014672847,34.12720332007441
2024-02-29,North East,Vodafone Idea,790585.0,771776.0,-18809.0,-2.379124319333152,6.160451957197656
2024-02-29,Odisha,BSNL,5450059.0,5447101.0,-2958.0,-0.0542746417974557,16.245384563651605
2024-02-29,Odisha,BSNL (VNO's),0.0,0.0,0.0,,0.0
2024-02-29,Odisha,Bharti Airtel,11501940.0,11560013.0,58073.0,0.5048974346936256,34.476477808252845
2024-02-29,Odisha,MTNL,0.0,0.0,0.0,,0.0
2024-02-29,Odisha,Reliance Com.,24.0,24.0,0.0,0.0,7.157738208409179e-05
2024-02-29,Odisha,Reliance Jio,14982176.0,15069232.0,87056.0,0.5810637920686554,44.94234069074262
2024-02-29,Odisha,Vodafone Idea,1478271.0,1453775.0,-24496.0,-1.657070997131108,4.335725359970856
2024-02-29,Punjab,BSNL,4153406.0,4070392.0,-83014.0,-1.9986969730385136,11.551330830634663
2024-02-29,Punjab,BSNL (VNO's),0.0,0.0,0.0,,0.0
2024-02-29,Punjab,Bharti Airtel,12541225.0,12591205.0,49980.0,0.3985256623655185,35.73247355815886
2024-02-29,Punjab,MTNL,0.0,0.0,0.0,,0.0
2024-02-29,Punjab,Reliance Com.,99.0,99.0,0.0,0.0,0.000280951257823
2024-02-29,Punjab,Reliance Jio,12021176.0,12080430.0,59254.0,0.4929135053009789,34.28294953073903
2024-02-29,Punjab,Vodafone Idea,6506089.0,6495303.0,-10786.0,-0.1657831609742811,18.432965129209624
2024-02-29,Rajasthan,BSNL,5658798.0,5677538.0,18740.0,0.3311657351967679,8.562787996757338
2024-02-29,Rajasthan,BSNL (VNO's),0.0,0.0,0.0,,0.0
2024-02-29,Rajasthan,Bharti Airtel,23202594.0,23258253.0,55659.0,0.2398826613955319,35.07779069271669
2024-02-29,Rajasthan,MTNL,0.0,0.0,0.0,,0.0
2024-02-29,Rajasthan,Reliance Com.,151.0,151.0,0.0,0.0,0.0002277362102218
2024-02-29,Rajasthan,Reliance Jio,26524805.0,26628291.0,103486.0,0.3901480142832341,40.16043759618368
2024-02-29,Rajasthan,Vodafone Idea,10788187.0,10740550.0,-47637.0,-0.4415663169353664,16.198755978132077
2024-02-29,Tamil Nadu,BSNL,7485773.0,7939281.0,453508.0,6.05826545902474,10.071965509452026
2024-02-29,Tamil Nadu,BSNL (VNO's),179740.0,180341.0,601.0,0.3343718704795816,0.2287849909758941
2024-02-29,Tamil Nadu,Bharti Airtel,29152903.0,29266114.0,113211.0,0.3883352542969734,37.12770599802313
2024-02-29,Tamil Nadu,MTNL,0.0,0.0,0.0,,0.0
2024-02-29,Tamil Nadu,Reliance Com.,213.0,213.0,0.0,0.0,0.0002702169949033
2024-02-29,Tamil Nadu,Reliance Jio,25606514.0,25731054.0,124540.0,0.4863606190206132,32.643042664675505
2024-02-29,Tamil Nadu,Vodafone Idea,15857377.0,15708535.0,-148842.0,-0.9386293836616232,19.928230619878548
2024-02-29,U.P.(E),BSNL,7983694.0,7847050.0,-136644.0,-1.711538543436159,7.688788814969619
2024-02-29,U.P.(E),BSNL (VNO's),0.0,0.0,0.0,,0.0
2024-02-29,U.P.(E),Bharti Airtel,36929390.0,37105908.0,176518.0,0.4779878573678038,36.35754715462392
2024-02-29,U.P.(E),MTNL,0.0,0.0,0.0,,0.0
2024-02-29,U.P.(E),Reliance Com.,0.0,0.0,0.0,,0.0
2024-02-29,U.P.(E),Reliance Jio,39329936.0,39737349.0,407413.0,1.0358852351043744,38.93591662188264
2024-02-29,U.P.(E),Vodafone Idea,17365697.0,17368030.0,2333.0,0.0134345313061721,17.017747408523814
2024-02-29,U.P.(W),BSNL,4927032.0,4921579.0,-5453.0,-0.1106751488522908,7.758508396434671
2024-02-29,U.P.(W),BSNL (VNO's),0.0,0.0,0.0,,0.0
2024-02-29,U.P.(W),Bharti Airtel,18694147.0,18772499.0,78352.0,0.4191258365519432,29.593468095008017
2024-02-29,U.P.(W),MTNL,0.0,0.0,0.0,,0.0
2024-02-29,U.P.(W),Reliance Com.,5.0,5.0,0.0,0.0,7.882133352359752e-06
2024-02-29,U.P.(W),Reliance Jio,23987854.0,24160031.0,172177.0,0.7177674167935155,38.08651722782911
2024-02-29,U.P.(W),Vodafone Idea,15547610.0,15580489.0,32879.0,0.2114730173962429,24.56149839859485
2024-02-29,West Bengal,BSNL,2346957.0,2322968.0,-23989.0,-1.0221320629223287,4.019849017720873
2024-02-29,West Bengal,BSNL (VNO's),0.0,0.0,0.0,,0.0
2024-02-29,West Bengal,Bharti Airtel,17851161.0,17983125.0,131964.0,0.7392460355939874,31.119433141912285
2024-02-29,West Bengal,MTNL,0.0,0.0,0.0,,0.0
2024-02-29,West Bengal,Reliance Com.,76.0,76.0,0.0,0.0,0.0001315164588348
2024-02-29,West Bengal,Reliance Jio,24104708.0,24306901.0,202193.0,0.8388112396964112,42.06259927329543
2024-02-29,West Bengal,Vodafone Idea,13230448.0,13174374.0,-56074.0,-0.4238254063656801,22.797987050612587
2024-03-31,Andhra Pradesh,BSNL,6540254.0,6555686.0,15432.0,0.2359541387842123,7.820639757064693
2024-03-31,Andhra Pradesh,BSNL (VNO's),0.0,0.0,0.0,,0.0
2024-03-31,Andhra Pradesh,Bharti Airtel,33650768.0,33747893.0,97125.0,0.2886263992548402,40.25972472033671
2024-03-31,Andhra Pradesh,MTNL,0.0,0.0,0.0,,0.0
2024-03-31,Andhra Pradesh,Reliance Com.,0.0,0.0,0.0,,0.0
2024-03-31,Andhra Pradesh,Reliance Jio,32639853.0,32746418.0,106565.0,0.326487377256264,39.065009903198366
2024-03-31,Andhra Pradesh,Vodafone Idea,10824137.0,10775447.0,-48690.0,-0.4498280093831037,12.85462561940024
2024-03-31,Assam,BSNL,3127976.0,3076922.0,-51054.0,-1.632173648391164,11.669807012832942
2024-03-31,Assam,BSNL (VNO's),0.0,0.0,0.0,,0.0
2024-03-31,Assam,Bharti Airtel,11744084.0,11816732.0,72648.0,0.618592305708985,44.8171848237841
2024-03-31,Assam,MTNL,0.0,0.0,0.0,,0.0
2024-03-31,Assam,Reliance Com.,0.0,0.0,0.0,,0.0
2024-03-31,Assam,Reliance Jio,9743408.0,9910354.0,166946.0,1.7134251177821969,37.58688670328887
2024-03-31,Assam,Vodafone Idea,1593928.0,1562512.0,-31416.0,-1.970979868601342,5.926121460094088
2024-03-31,Bihar,BSNL,5202006.0,5232153.0,30147.0,0.5795264365323685,5.480028785648878
2024-03-31,Bihar,BSNL (VNO's),0.0,0.0,0.0,,0.0
2024-03-31,Bihar,Bharti Airtel,41415483.0,41601529.0,186046.0,0.4492184722317496,43.5724216105696
2024-03-31,Bihar,MTNL,0.0,0.0,0.0,,0.0
2024-03-31,Bihar,Reliance Com.,0.0,0.0,0.0,,0.0
2024-03-31,Bihar,Reliance Jio,40639042.0,40953756.0,314714.0,0.7744129401475557,42.89396005056435
2024-03-31,Bihar,Vodafone Idea,7613568.0,7689305.0,75737.0,0.994763558951598,8.053589553217163
2024-03-31,Delhi,BSNL,0.0,0.0,0.0,,0.0
2024-03-31,Delhi,BSNL (VNO's),0.0,0.0,0.0,,0.0
2024-03-31,Delhi,Bharti Airtel,18094479.0,18185677.0,91198.0,0.5040100905917214,32.074329743335014
2024-03-31,Delhi,MTNL,1686179.0,1685818.0,-361.0,-0.0214093521506316,2.973300494628248
2024-03-31,Delhi,Reliance Com.,20.0,0.0,-20.0,-100.0,0.0
2024-03-31,Delhi,Reliance Jio,20212747.0,20284618.0,71871.0,0.35557264927919,35.776260979978304
2024-03-31,Delhi,Vodafone Idea,16523781.0,16542428.0,18647.0,0.1128494743424643,29.176108782058428
2024-03-31,Gujarat,BSNL,3727863.0,3228496.0,-499367.0,-13.395529824996252,4.894127172001853
2024-03-31,Gujarat,BSNL (VNO's),0.0,0.0,0.0,,0.0
2024-03-31,Gujarat,Bharti Airtel,11814734.0,11867361.0,52627.0,0.4454353352348009,17.989916645414795
2024-03-31,Gujarat,MTNL,0.0,0.0,0.0,,0.0
2024-03-31,Gujarat,Reliance Com.,39.0,0.0,-39.0,-100.0,0.0
2024-03-31,Gujarat,Reliance Jio,29993690.0,30151939.0,158249.0,0.5276076401403095,45.70779209527978
2024-03-31,Gujarat,Vodafone Idea,20820623.0,20718941.0,-101682.0,-0.4883715535313232,31.40816408730357
2024-03-31,Haryana,BSNL,4300321.0,4105614.0,-194707.0,-4.527731767000649,15.422023766348422
2024-03-31,Haryana,BSNL (VNO's),0.0,0.0,0.0,,0.0
2024-03-31,Haryana,Bharti Airtel,6974944.0,7025769.0,50825.0,0.7286796854569728,26.391077313861945
2024-03-31,Haryana,MTNL,0.0,0.0,0.0,,0.0
2024-03-31,Haryana,Reliance Com.,7.0,0.0,-7.0,-100.0,0.0
2024-03-31,Haryana,Reliance Jio,8677058.0,8730215.0,53157.0,0.6126154740466181,32.79353178728724
2024-03-31,Haryana,Vodafone Idea,6764967.0,6760161.0,-4806.0,-0.0710424751517634,25.393367132502405
2024-03-31,Himachal Pradesh,BSNL,1527016.0,1471707.0,-55309.0,-3.622031465289165,16.723418674596115
2024-03-31,Himachal Pradesh,BSNL (VNO's),0.0,0.0,0.0,,0.0
2024-03-31,Himachal Pradesh,Bharti Airtel,3570642.0,3580729.0,10087.0,0.2824982174074018,40.68882612318068
2024-03-31,Himachal Pradesh,MTNL,0.0,0.0,0.0,,0.0
2024-03-31,Himachal Pradesh,Reliance Com.,90.0,0.0,-90.0,-100.0,0.0
2024-03-31,Himachal Pradesh,Reliance Jio,3340150.0,3347915.0,7765.0,0.232474589464545,38.04329546027875
2024-03-31,Himachal Pradesh,Vodafone Idea,401167.0,399925.0,-1242.0,-0.3095967514775642,4.544459741944458
2024-03-31,J&K,BSNL,789339.0,781259.0,-8080.0,-1.023641299872425,6.468386245434201
2024-03-31,J&K,BSNL (VNO's),0.0,0.0,0.0,,0.0
2024-03-31,J&K,Bharti Airtel,5890199.0,5959033.0,68834.0,1.1686192605716716,49.33745031198168
2024-03-31,J&K,MTNL,0.0,0.0,0.0,,0.0
2024-03-31,J&K,Reliance Com.,0.0,0.0,0.0,,0.0
2024-03-31,J&K,Reliance Jio,5057801.0,5039894.0,-17907.0,-0.3540471442035778,41.72749501515676
2024-03-31,J&K,Vodafone Idea,296689.0,297927.0,1238.0,0.4172719581784292,2.466668427427364
2024-03-31,Karnataka,BSNL,4177660.0,4163875.0,-13785.0,-0.3299694087120541,6.223312208061437
2024-03-31,Karnataka,BSNL (VNO's),0.0,0.0,0.0,,0.0
2024-03-31,Karnataka,Bharti Airtel,32076289.0,32180209.0,103920.0,0.3239776272124247,48.09642160911856
2024-03-31,Karnataka,MTNL,0.0,0.0,0.0,,0.0
2024-03-31,Karnataka,Reliance Com.,549.0,11.0,-538.0,-97.99635701275044,1.644055940408293e-05
2024-03-31,Karnataka,Reliance Jio,24062561.0,24153860.0,91299.0,0.3794234537213225,36.10027001526387
2024-03-31,Karnataka,Vodafone Idea,6482963.0,6409744.0,-73219.0,-1.1294064149371206,9.579979726996738
2024-03-31,Kerala,BSNL,9169799.0,9049332.0,-120467.0,-1.313736538827078,21.41486811289304
2024-03-31,Kerala,BSNL (VNO's),0.0,0.0,0.0,,0.0
2024-03-31,Kerala,Bharti Airtel,8543494.0,8578649.0,35155.0,0.4114827025102376,20.30101635367138
2024-03-31,Kerala,MTNL,0.0,0.0,0.0,,0.0
2024-03-31,Kerala,Reliance Com.,100.0,13.0,-87.0,-87.0,3.076395975610238e-05
2024-03-31,Kerala,Reliance Jio,10944591.0,10983541.0,38950.0,0.35588355928513,25.9920933310385
2024-03-31,Kerala,Vodafone Idea,13587397.0,13645704.0,58307.0,0.4291256080910861,32.29199143843733
2024-03-31,Kolkata,BSNL,1879504.0,1783000.0,-96504.0,-5.134546135576194,7.53357129221747
2024-03-31,Kolkata,BSNL (VNO's),0.0,0.0,0.0,,0.0
2024-03-31,Kolkata,Bharti Airtel,5687695.0,5693000.0,5305.0,0.093271527393786,24.054190334601262
2024-03-31,Kolkata,MTNL,0.0,0.0,0.0,,0.0
2024-03-31,Kolkata,Reliance Com.,0.0,0.0,0.0,,0.0
2024-03-31,Kolkata,Reliance Jio,10857566.0,10912379.0,54813.0,0.50483690359331,46.10722667649848
2024-03-31,Kolkata,Vodafone Idea,5319227.0,5279015.0,-40212.0,-0.7559745053181599,22.305011696682783
2024-03-31,Madhya Pradesh,BSNL,4709237.0,4706319.0,-2918.0,-0.0619633286666183,5.919926707570513
2024-03-31,Madhya Pradesh,BSNL (VNO's),0.0,0.0,0.0,,0.0
2024-03-31,Madhya Pradesh,Bharti Airtel,16082645.0,16164992.0,82347.0,0.5120239861042758,20.33342148470252
2024-03-31,Madhya Pradesh,MTNL,0.0,0.0,0.0,,0.0
2024-03-31,Madhya Pradesh,Reliance Com.,0.0,0.0,0.0,,0.0
2024-03-31,Madhya Pradesh,Reliance Jio,42789573.0,43079693.0,290120.0,0.6780156464753692,54.18855482270506
2024-03-31,Madhya Pradesh,Vodafone Idea,15627630.0,15548612.0,-79018.0,-0.5056300923428568,19.55809698502192
2024-03-31,Maharashtra,BSNL,5803243.0,5729299.0,-73944.0,-1.27418410705876,6.1442127732042655
2024-03-31,Maharashtra,BSNL (VNO's),0.0,0.0,0.0,,0.0
2024-03-31,Maharashtra,Bharti Airtel,21684659.0,21758839.0,74180.0,0.3420851579911863,23.334606295446463
2024-03-31,Maharashtra,MTNL,0.0,0.0,0.0,,0.0
2024-03-31,Maharashtra,Reliance Com.,0.0,0.0,0.0,,0.0
2024-03-31,Maharashtra,Reliance Jio,43588462.0,43484846.0,-103616.0,-0.2377142831972369,46.634002909260005
2024-03-31,Maharashtra,Vodafone Idea,22381696.0,22274096.0,-107600.0,-0.480749984272863,23.88717802208927
2024-03-31,Mumbai,BSNL,0.0,0.0,0.0,,0.0
2024-03-31,Mumbai,BSNL (VNO's),0.0,0.0,0.0,,0.0
2024-03-31,Mumbai,Bharti Airtel,10008950.0,10038459.0,29509.0,0.2948261306131012,29.21716168689349
2024-03-31,Mumbai,MTNL,244320.0,240007.0,-4313.0,-1.7653077930582843,0.6985457952247696
2024-03-31,Mumbai,Reliance Com.,604.0,3.0,-601.0,-99.50331125827816,8.731567769583007e-06
2024-03-31,Mumbai,Reliance Jio,13054092.0,13117048.0,62956.0,0.4822702337320742,38.17746451629108
2024-03-31,Mumbai,Vodafone Idea,10971786.0,10962574.0,-9212.0,-0.0839608063810212,31.90681927002289
2024-03-31,North East,BSNL,1243019.0,1240979.0,-2040.0,-0.1641165581539783,9.887799070148708
2024-03-31,North East,BSNL (VNO's),0.0,0.0,0.0,,0.0
2024-03-31,North East,Bharti Airtel,6237691.0,6283732.0,46041.0,0.7381096626940963,50.06714813599882
2024-03-31,North East,MTNL,0.0,0.0,0.0,,0.0
2024-03-31,North East,Reliance Com.,0.0,0.0,0.0,,0.0
2024-03-31,North East,Reliance Jio,4275426.0,4267960.0,-7466.0,-0.1746258735386836,34.005999230794295
2024-03-31,North East,Vodafone Idea,771776.0,757938.0,-13838.0,-1.7930072974541835,6.039053563058175
2024-03-31,Odisha,BSNL,5447101.0,5429594.0,-17507.0,-0.321400319178954,16.10867015357932
2024-03-31,Odisha,BSNL (VNO's),0.0,0.0,0.0,,0.0
2024-03-31,Odisha,Bharti Airtel,11560013.0,11634283.0,74270.0,0.6424733259383013,34.51691366249397
2024-03-31,Odisha,MTNL,0.0,0.0,0.0,,0.0
2024-03-31,Odisha,Reliance Com.,24.0,0.0,-24.0,-100.0,0.0
2024-03-31,Odisha,Reliance Jio,15069232.0,15194499.0,125267.0,0.8312766038773576,45.079461289350704
2024-03-31,Odisha,Vodafone Idea,1453775.0,1447659.0,-6116.0,-0.4206978383862702,4.2949548945760005
2024-03-31,Punjab,BSNL,4070392.0,3867585.0,-202807.0,-4.9824930866609405,11.007240086067185
2024-03-31,Punjab,BSNL (VNO's),0.0,0.0,0.0,,0.0
2024-03-31,Punjab,Bharti Airtel,12591205.0,12627262.0,36057.0,0.2863665550676047,35.93749186214986
2024-03-31,Punjab,MTNL,0.0,0.0,0.0,,0.0
2024-03-31,Punjab,Reliance Com.,99.0,0.0,-99.0,-100.0,0.0
2024-03-31,Punjab,Reliance Jio,12080430.0,12172376.0,91946.0,0.7611152914258847,34.64287534724696
2024-03-31,Punjab,Vodafone Idea,6495303.0,6469514.0,-25789.0,-0.3970407539109414,18.412392704536
2024-03-31,Rajasthan,BSNL,5677538.0,5562912.0,-114626.0,-2.018938490592225,8.386367304849214
2024-03-31,Rajasthan,BSNL (VNO's),0.0,0.0,0.0,,0.0
2024-03-31,Rajasthan,Bharti Airtel,23258253.0,23338405.0,80152.0,0.3446174568657414,35.183809601757034
2024-03-31,Rajasthan,MTNL,0.0,0.0,0.0,,0.0
2024-03-31,Rajasthan,Reliance Com.,151.0,0.0,-151.0,-100.0,0.0
2024-03-31,Rajasthan,Reliance Jio,26628291.0,26774730.0,146439.0,0.5499376584099971,40.36424093499329
2024-03-31,Rajasthan,Vodafone Idea,10740550.0,10656750.0,-83800.0,-0.7802207521961165,16.065582158400467
2024-03-31,Tamil Nadu,BSNL,7939281.0,7485604.0,-453677.0,-5.714333577561998,9.54350549664749
2024-03-31,Tamil Nadu,BSNL (VNO's),180341.0,181317.0,976.0,0.5411969546581199,0.2311636824677919
2024-03-31,Tamil Nadu,Bharti Airtel,29266114.0,29405361.0,139247.0,0.4757960007946391,37.48932274996163
2024-03-31,Tamil Nadu,MTNL,0.0,0.0,0.0,,0.0
2024-03-31,Tamil Nadu,Reliance Com.,213.0,4.0,-209.0,-98.12206572769952,5.099658222180864e-06
2024-03-31,Tamil Nadu,Reliance Jio,25731054.0,25746031.0,14977.0,0.0582059328001099,32.82398966941835
2024-03-31,Tamil Nadu,Vodafone Idea,15708535.0,15618312.0,-90223.0,-0.5743565520272896,19.912013301846518
2024-03-31,U.P.(E),BSNL,7847050.0,7390773.0,-456277.0,-5.814630975971862,7.237472547607576
2024-03-31,U.P.(E),BSNL (VNO's),0.0,0.0,0.0,,0.0
2024-03-31,U.P.(E),Bharti Airtel,37105908.0,37315603.0,209695.0,0.5651256398307245,36.541597517597
2024-03-31,U.P.(E),MTNL,0.0,0.0,0.0,,0.0
2024-03-31,U.P.(E),Reliance Com.,0.0,0.0,0.0,,0.0
2024-03-31,U.P.(E),Reliance Jio,39737349.0,40004379.0,267030.0,0.6719874544222867,39.17460254787815
2024-03-31,U.P.(E),Vodafone Idea,17368030.0,17407394.0,39364.0,0.2266463150973369,17.046327386917284
2024-03-31,U.P.(W),BSNL,4921579.0,4874908.0,-46671.0,-0.9482932205294275,7.67240289415109
2024-03-31,U.P.(W),BSNL (VNO's),0.0,0.0,0.0,,0.0
2024-03-31,U.P.(W),Bharti Airtel,18772499.0,18858334.0,85835.0,0.4572380054461582,29.680300912441403
2024-03-31,U.P.(W),MTNL,0.0,0.0,0.0,,0.0
2024-03-31,U.P.(W),Reliance Com.,5.0,0.0,-5.0,-100.0,0.0
2024-03-31,U.P.(W),Reliance Jio,24160031.0,24279514.0,119483.0,0.4945482064985761,38.21245723656362
2024-03-31,U.P.(W),Vodafone Idea,15580489.0,15525461.0,-55028.0,-0.3531853204350646,24.43483895684388
2024-03-31,West Bengal,BSNL,2322968.0,2331648.0,8680.0,0.3736599040537794,4.027032096819631
2024-03-31,West Bengal,BSNL (VNO's),0.0,0.0,0.0,,0.0
2024-03-31,West Bengal,Bharti Airtel,17983125.0,18102939.0,119814.0,0.6662579501616098,31.265918526196007
2024-03-31,West Bengal,MTNL,0.0,0.0,0.0,,0.0
2024-03-31,West Bengal,Reliance Com.,76.0,0.0,-76.0,-100.0,0.0
2024-03-31,West Bengal,Reliance Jio,24306901.0,24396882.0,89981.0,0.3701870509942835,42.13630311107041
2024-03-31,West Bengal,Vodafone Idea,13174374.0,13068442.0,-105932.0,-0.8040761557247426,22.57074626591395
2024-04-30,Andhra Pradesh,BSNL,6555686.0,6298530.0,-257156.0,-3.9226405901685952,7.52008196175719
2024-04-30,Andhra Pradesh,BSNL (VNO's),0.0,0.0,0.0,,0.0
2024-04-30,Andhra Pradesh,Bharti Airtel,33747893.0,33802990.0,55097.0,0.1632605626668307,40.3588226701244
2024-04-30,Andhra Pradesh,MTNL,0.0,0.0,0.0,,0.0
2024-04-30,Andhra Pradesh,Reliance Com.,0.0,0.0,0.0,,0.0
2024-04-30,Andhra Pradesh,Reliance Jio,32746418.0,32902714.0,156296.0,0.4772918980024013,39.283944991014685
2024-04-30,Andhra Pradesh,Vodafone Idea,10775447.0,10751901.0,-23546.0,-0.2185152968596105,12.837150377103718
2024-04-30,Assam,BSNL,3076922.0,2997110.0,-79812.0,-2.5938909078618178,11.354518159515692
2024-04-30,Assam,BSNL (VNO's),0.0,0.0,0.0,,0.0
2024-04-30,Assam,Bharti Airtel,11816732.0,11842815.0,26083.0,0.2207293860942264,44.86637393265006
2024-04-30,Assam,MTNL,0.0,0.0,0.0,,0.0
2024-04-30,Assam,Reliance Com.,0.0,0.0,0.0,,0.0
2024-04-30,Assam,Reliance Jio,9910354.0,9999391.0,89037.0,0.8984240118970523,37.88258245229497
2024-04-30,Assam,Vodafone Idea,1562512.0,1556432.0,-6080.0,-0.389117011581351,5.896525455539278
2024-04-30,Bihar,BSNL,5232153.0,5243821.0,11668.0,0.2230057110332974,5.465303859901512
2024-04-30,Bihar,BSNL (VNO's),0.0,0.0,0.0,,0.0
2024-04-30,Bihar,Bharti Airtel,41601529.0,41479959.0,-121570.0,-0.2922248362554174,43.231944803466114
2024-04-30,Bihar,MTNL,0.0,0.0,0.0,,0.0
2024-04-30,Bihar,Reliance Com.,0.0,0.0,0.0,,0.0
2024-04-30,Bihar,Reliance Jio,40953756.0,41499744.0,545988.0,1.33318174772541,43.25256546097295
2024-04-30,Bihar,Vodafone Idea,7689305.0,7723950.0,34645.0,0.4505608764381176,8.050185875659425
2024-04-30,Delhi,BSNL,0.0,0.0,0.0,,0.0
2024-04-30,Delhi,BSNL (VNO's),0.0,0.0,0.0,,0.0
2024-04-30,Delhi,Bharti Airtel,18185677.0,18236749.0,51072.0,0.280836396687349,32.16630722994314
2024-04-30,Delhi,MTNL,1685818.0,1685302.0,-516.0,-0.0306082863037409,2.9725661030503647
2024-04-30,Delhi,Reliance Com.,0.0,0.0,0.0,,0.0
2024-04-30,Delhi,Reliance Jio,20284618.0,20303751.0,19133.0,0.0943227030452335,35.81212268624552
2024-04-30,Delhi,Vodafone Idea,16542428.0,16469388.0,-73040.0,-0.4415313157173784,29.04900398076098
2024-04-30,Gujarat,BSNL,3228496.0,2663437.0,-565059.0,-17.50223633543297,4.064675328992012
2024-04-30,Gujarat,BSNL (VNO's),0.0,0.0,0.0,,0.0
2024-04-30,Gujarat,Bharti Airtel,11867361.0,11899129.0,31768.0,0.267692202166935,18.159279188054157
2024-04-30,Gujarat,MTNL,0.0,0.0,0.0,,0.0
2024-04-30,Gujarat,Reliance Com.,0.0,0.0,0.0,,0.0
2024-04-30,Gujarat,Reliance Jio,30151939.0,30368938.0,216999.0,0.7196850590603808,46.34608329624017
2024-04-30,Gujarat,Vodafone Idea,20718941.0,20594935.0,-124006.0,-0.5985151461167827,31.429962186713677
2024-04-30,Haryana,BSNL,4105614.0,4151046.0,45432.0,1.1065823528466143,15.52401206334385
2024-04-30,Haryana,BSNL (VNO's),0.0,0.0,0.0,,0.0
2024-04-30,Haryana,Bharti Airtel,7025769.0,7055277.0,29508.0,0.4199967291836666,26.38520634515551
2024-04-30,Haryana,MTNL,0.0,0.0,0.0,,0.0
2024-04-30,Haryana,Reliance Com.,0.0,0.0,0.0,,0.0
2024-04-30,Haryana,Reliance Jio,8730215.0,8785964.0,55749.0,0.6385753386371356,32.85760049975471
2024-04-30,Haryana,Vodafone Idea,6760161.0,6747231.0,-12930.0,-0.1912676340104917,25.233181091745934
2024-04-30,Himachal Pradesh,BSNL,1471707.0,1499470.0,27763.0,1.88644886516134,16.96735718421555
2024-04-30,Himachal Pradesh,BSNL (VNO's),0.0,0.0,0.0,,0.0
2024-04-30,Himachal Pradesh,Bharti Airtel,3580729.0,3580137.0,-592.0,-0.0165329462240789,40.5112894872361
2024-04-30,Himachal Pradesh,MTNL,0.0,0.0,0.0,,0.0
2024-04-30,Himachal Pradesh,Reliance Com.,0.0,0.0,0.0,,0.0
2024-04-30,Himachal Pradesh,Reliance Jio,3347915.0,3358689.0,10774.0,0.3218122323894125,38.00547922512337
2024-04-30,Himachal Pradesh,Vodafone Idea,399925.0,399085.0,-840.0,-0.210039382384197,4.515874103424985
2024-04-30,J&K,BSNL,781259.0,775479.0,-5780.0,-0.7398314771413833,6.37076071078748
2024-04-30,J&K,BSNL (VNO's),0.0,0.0,0.0,,0.0
2024-04-30,J&K,Bharti Airtel,5959033.0,6034748.0,75715.0,1.270592057469727,49.57701686042218
2024-04-30,J&K,MTNL,0.0,0.0,0.0,,0.0
2024-04-30,J&K,Reliance Com.,0.0,0.0,0.0,,0.0
2024-04-30,J&K,Reliance Jio,5039894.0,5064589.0,24695.0,0.4899904640851573,41.60690955846187
2024-04-30,J&K,Vodafone Idea,297927.0,297655.0,-272.0,-0.0912975326170505,2.445312870328465
2024-04-30,Karnataka,BSNL,4163875.0,4167414.0,3539.0,0.0849929452733331,6.199280231977316
2024-04-30,Karnataka,BSNL (VNO's),0.0,0.0,0.0,,0.0
2024-04-30,Karnataka,Bharti Airtel,32180209.0,32235233.0,55024.0,0.1709870809105062,47.95185760523981
2024-04-30,Karnataka,MTNL,0.0,0.0,0.0,,0.0
2024-04-30,Karnataka,Reliance Com.,11.0,2.0,-9.0,-81.81818181818183,2.975120893665624e-06
2024-04-30,Karnataka,Reliance Jio,24153860.0,24376370.0,222510.0,0.9212192171354806,36.26132384936195
2024-04-30,Karnataka,Vodafone Idea,6409744.0,6445140.0,35396.0,0.5522217423972002,9.587535338300029
2024-04-30,Kerala,BSNL,9049332.0,8950516.0,-98816.0,-1.0919701034286289,21.194978344243346
2024-04-30,Kerala,BSNL (VNO's),0.0,0.0,0.0,,0.0
2024-04-30,Kerala,Bharti Airtel,8578649.0,8652608.0,73959.0,0.8621287571038283,20.489526992770774
2024-04-30,Kerala,MTNL,0.0,0.0,0.0,,0.0
2024-04-30,Kerala,Reliance Com.,13.0,0.0,-13.0,-100.0,0.0
2024-04-30,Kerala,Reliance Jio,10983541.0,11021013.0,37472.0,0.3411650213715231,26.09795143281397
2024-04-30,Kerala,Vodafone Idea,13645704.0,13605281.0,-40423.0,-0.2962324259708403,32.21754323017191
2024-04-30,Kolkata,BSNL,1783000.0,1671358.0,-111642.0,-6.26146943353898,7.10062937356167
2024-04-30,Kolkata,BSNL (VNO's),0.0,0.0,0.0,,0.0
2024-04-30,Kolkata,Bharti Airtel,5693000.0,5667019.0,-25981.0,-0.4563674688213596,24.075872178152192
2024-04-30,Kolkata,MTNL,0.0,0.0,0.0,,0.0
2024-04-30,Kolkata,Reliance Com.,0.0,0.0,0.0,,0.0
2024-04-30,Kolkata,Reliance Jio,10912379.0,10918229.0,5850.0,0.0536088418483265,46.385213428046455
2024-04-30,Kolkata,Vodafone Idea,5279015.0,5281561.0,2546.0,0.0482286941787435,22.43828502023968
2024-04-30,Madhya Pradesh,BSNL,4706319.0,4714048.0,7729.0,0.1642260118789227,5.90306960375742
2024-04-30,Madhya Pradesh,BSNL (VNO's),0.0,0.0,0.0,,0.0
2024-04-30,Madhya Pradesh,Bharti Airtel,16164992.0,16188116.0,23124.0,0.143049869743208,20.271235146884194
2024-04-30,Madhya Pradesh,MTNL,0.0,0.0,0.0,,0.0
2024-04-30,Madhya Pradesh,Reliance Com.,0.0,0.0,0.0,,0.0
2024-04-30,Madhya Pradesh,Reliance Jio,43079693.0,43450326.0,370633.0,0.8603427141414401,54.4097766259382
2024-04-30,Madhya Pradesh,Vodafone Idea,15548612.0,15505081.0,-43531.0,-0.2799671121769583,19.41591862342019
2024-04-30,Maharashtra,BSNL,5729299.0,5633705.0,-95594.0,-1.6685112786049394,6.051922174049355
2024-04-30,Maharashtra,BSNL (VNO's),0.0,0.0,0.0,,0.0
2024-04-30,Maharashtra,Bharti Airtel,21758839.0,21831018.0,72179.0,0.331722662224763,23.45164006923873
2024-04-30,Maharashtra,MTNL,0.0,0.0,0.0,,0.0
2024-04-30,Maharashtra,Reliance Com.,0.0,0.0,0.0,,0.0
2024-04-30,Maharashtra,Reliance Jio,43484846.0,43523793.0,38947.0,0.0895645347346981,46.75477469186514
2024-04-30,Maharashtra,Vodafone Idea,22274096.0,22100999.0,-173097.0,-0.7771224475282857,23.741663064846776
2024-04-30,Mumbai,BSNL,0.0,0.0,0.0,,0.0
2024-04-30,Mumbai,BSNL (VNO's),0.0,0.0,0.0,,0.0
2024-04-30,Mumbai,Bharti Airtel,10038459.0,10074700.0,36241.0,0.3610215472315023,29.3114942475898
2024-04-30,Mumbai,MTNL,240007.0,236821.0,-3186.0,-1.327461282379264,0.6890108270428363
2024-04-30,Mumbai,Reliance Com.,3.0,0.0,-3.0,-100.0,0.0
2024-04-30,Mumbai,Reliance Jio,13117048.0,13182049.0,65001.0,0.4955459490580502,38.35206541484578
2024-04-30,Mumbai,Vodafone Idea,10962574.0,10877588.0,-84986.0,-0.7752376403570913,31.647429510521587
2024-04-30,North East,BSNL,1240979.0,1237585.0,-3394.0,-0.2734937496927829,9.797444716915647
2024-04-30,North East,BSNL (VNO's),0.0,0.0,0.0,,0.0
2024-04-30,North East,Bharti Airtel,6283732.0,6329479.0,45747.0,0.72802277372746,50.10784761400513
2024-04-30,North East,MTNL,0.0,0.0,0.0,,0.0
2024-04-30,North East,Reliance Com.,0.0,0.0,0.0,,0.0
2024-04-30,North East,Reliance Jio,4267960.0,4312212.0,44252.0,1.036841957281699,34.13798541322031
2024-04-30,North East,Vodafone Idea,757938.0,752436.0,-5502.0,-0.7259168955772108,5.956722255858905
2024-04-30,Odisha,BSNL,5429594.0,5340098.0,-89496.0,-1.64830003864009,15.83636648060266
2024-04-30,Odisha,BSNL (VNO's),0.0,0.0,0.0,,0.0
2024-04-30,Odisha,Bharti Airtel,11634283.0,11643237.0,8954.0,0.0769621987018882,34.5286862062293
2024-04-30,Odisha,MTNL,0.0,0.0,0.0,,0.0
2024-04-30,Odisha,Reliance Com.,0.0,0.0,0.0,,0.0
2024-04-30,Odisha,Reliance Jio,15194499.0,15307685.0,113186.0,0.744914327218028,45.39581663662805
2024-04-30,Odisha,Vodafone Idea,1447659.0,1429455.0,-18204.0,-1.2574784531440069,4.239130676539996
2024-04-30,Punjab,BSNL,3867585.0,3903491.0,35906.0,0.9283829573234976,11.07828281480928
2024-04-30,Punjab,BSNL (VNO's),0.0,0.0,0.0,,0.0
2024-04-30,Punjab,Bharti Airtel,12627262.0,12643439.0,16177.0,0.1281116999077076,35.88264786412713
2024-04-30,Punjab,MTNL,0.0,0.0,0.0,,0.0
2024-04-30,Punjab,Reliance Com.,0.0,0.0,0.0,,0.0
2024-04-30,Punjab,Reliance Jio,12172376.0,12231491.0,59115.0,0.4856488166320198,34.713520934157245
2024-04-30,Punjab,Vodafone Idea,6469514.0,6457103.0,-12411.0,-0.1918382122675675,18.325548386906352
2024-04-30,Rajasthan,BSNL,5562912.0,5507916.0,-54996.0,-0.9886189103836264,8.284058003187607
2024-04-30,Rajasthan,BSNL (VNO's),0.0,0.0,0.0,,0.0
2024-04-30,Rajasthan,Bharti Airtel,23338405.0,23370326.0,31921.0,0.1367745567874068,35.149616685767064
2024-04-30,Rajasthan,MTNL,0.0,0.0,0.0,,0.0
2024-04-30,Rajasthan,Reliance Com.,0.0,0.0,0.0,,0.0
2024-04-30,Rajasthan,Reliance Jio,26774730.0,26961003.0,186273.0,0.6957044944991042,40.55009420552439
2024-04-30,Rajasthan,Vodafone Idea,10656750.0,10648894.0,-7856.0,-0.0737185352006944,16.01623110552094
2024-04-30,Tamil Nadu,BSNL,7485604.0,7439395.0,-46209.0,-0.6173048961713711,9.485318548191168
2024-04-30,Tamil Nadu,BSNL (VNO's),181317.0,175938.0,-5379.0,-2.966627508727808,0.2243230766388473
2024-04-30,Tamil Nadu,Bharti Airtel,29405361.0,29488741.0,83380.0,0.2835537370209466,37.59850121819117
2024-04-30,Tamil Nadu,MTNL,0.0,0.0,0.0,,0.0
2024-04-30,Tamil Nadu,Reliance Com.,4.0,0.0,-4.0,-100.0,0.0
2024-04-30,Tamil Nadu,Reliance Jio,25746031.0,25808010.0,61979.0,0.2407322511186287,32.905524702600566
2024-04-30,Tamil Nadu,Vodafone Idea,15618312.0,15518545.0,-99767.0,-0.6387822192308619,19.78633245437825
2024-04-30,U.P.(E),BSNL,7390773.0,7447567.0,56794.0,0.7684446538947955,7.277723278541504
2024-04-30,U.P.(E),BSNL (VNO's),0.0,0.0,0.0,,0.0
2024-04-30,U.P.(E),Bharti Airtel,37315603.0,37338963.0,23360.0,0.0626011590915467,36.48743814210733
2024-04-30,U.P.(E),MTNL,0.0,0.0,0.0,,0.0
2024-04-30,U.P.(E),Reliance Com.,0.0,0.0,0.0,,0.0
2024-04-30,U.P.(E),Reliance Jio,40004379.0,40237859.0,233480.0,0.5836361064372477,39.32022405746343
2024-04-30,U.P.(E),Vodafone Idea,17407394.0,17309359.0,-98035.0,-0.5631802210026383,16.914614521887735
2024-04-30,U.P.(W),BSNL,4874908.0,4883224.0,8316.0,0.1705878346832391,7.660924432079034
2024-04-30,U.P.(W),BSNL (VNO's),0.0,0.0,0.0,,0.0
2024-04-30,U.P.(W),Bharti Airtel,18858334.0,18918229.0,59895.0,0.3176049379547525,29.67939270403449
2024-04-30,U.P.(W),MTNL,0.0,0.0,0.0,,0.0
2024-04-30,U.P.(W),Reliance Com.,0.0,0.0,0.0,,0.0
2024-04-30,U.P.(W),Reliance Jio,24279514.0,24387588.0,108074.0,0.445124231069864,38.2598604423384
2024-04-30,U.P.(W),Vodafone Idea,15525461.0,15552927.0,27466.0,0.1769094006290698,24.39982242154808
2024-04-30,West Bengal,BSNL,2331648.0,2313911.0,-17737.0,-0.760706590360123,3.9898263446641455
2024-04-30,West Bengal,BSNL (VNO's),0.0,0.0,0.0,,0.0
2024-04-30,West Bengal,Bharti Airtel,18102939.0,18204620.0,101681.0,0.5616822771153347,31.38982980356626
2024-04-30,West Bengal,MTNL,0.0,0.0,0.0,,0.0
2024-04-30,West Bengal,Reliance Com.,0.0,0.0,0.0,,0.0
2024-04-30,West Bengal,Reliance Jio,24396882.0,24419223.0,22341.0,0.0915731772609303,42.10553441408448
2024-04-30,West Bengal,Vodafone Idea,13068442.0,13057527.0,-10915.0,-0.0835218153778392,22.51480943768511
2024-05-31,Andhra Pradesh,BSNL,6298530.0,6295338.0,-3192.0,-0.0506784916480512,7.4919521474780675
2024-05-31,Andhra Pradesh,BSNL (VNO's),0.0,0.0,0.0,,0.0
2024-05-31,Andhra Pradesh,Bharti Airtel,33802990.0,34010404.0,207414.0,0.6135966078740371,40.47508160553042
2024-05-31,Andhra Pradesh,MTNL,0.0,0.0,0.0,,0.0
2024-05-31,Andhra Pradesh,Reliance Com.,0.0,0.0,0.0,,0.0
2024-05-31,Andhra Pradesh,Reliance Jio,32902714.0,32994663.0,91949.0,0.2794571900664486,39.26626915316781
2024-05-31,Andhra Pradesh,Vodafone Idea,10751901.0,10727601.0,-24300.0,-0.2260065452611589,12.766697093823694
2024-05-31,Assam,BSNL,2997110.0,2977451.0,-19659.0,-0.6559318810454071,11.255849073950651
2024-05-31,Assam,BSNL (VNO's),0.0,0.0,0.0,,0.0
2024-05-31,Assam,Bharti Airtel,11842815.0,11905489.0,62674.0,0.5292153934685293,45.007084024415406
2024-05-31,Assam,MTNL,0.0,0.0,0.0,,0.0
2024-05-31,Assam,Reliance Com.,0.0,0.0,0.0,,0.0
2024-05-31,Assam,Reliance Jio,9999391.0,10024600.0,25209.0,0.2521053532160108,37.89663864383518
2024-05-31,Assam,Vodafone Idea,1556432.0,1544938.0,-11494.0,-0.738483917061587,5.840428257798759
2024-05-31,Bihar,BSNL,5243821.0,5256069.0,12248.0,0.2335701390264846,5.4675832792971
2024-05-31,Bihar,BSNL (VNO's),0.0,0.0,0.0,,0.0
2024-05-31,Bihar,Bharti Airtel,41479959.0,41474249.0,-5710.0,-0.0137656838088967,43.14325218215448
2024-05-31,Bihar,MTNL,0.0,0.0,0.0,,0.0
2024-05-31,Bihar,Reliance Com.,0.0,0.0,0.0,,0.0
2024-05-31,Bihar,Reliance Jio,41499744.0,41687594.0,187850.0,0.4526533946811816,43.36518259340319
2024-05-31,Bihar,Vodafone Idea,7723950.0,7713573.0,-10377.0,-0.1343483580292467,8.023981945145236
2024-05-31,Delhi,BSNL,0.0,0.0,0.0,,0.0
2024-05-31,Delhi,BSNL (VNO's),0.0,0.0,0.0,,0.0
2024-05-31,Delhi,Bharti Airtel,18236749.0,18281949.0,45200.0,0.2478511932143168,32.15493487552222
2024-05-31,Delhi,MTNL,1685302.0,1685013.0,-289.0,-0.0171482618545518,2.9636601261390854
2024-05-31,Delhi,Reliance Com.,0.0,0.0,0.0,,0.0
2024-05-31,Delhi,Reliance Jio,20303751.0,20388694.0,84943.0,0.4183611195783478,35.86035207553367
2024-05-31,Delhi,Vodafone Idea,16469388.0,16500155.0,30767.0,0.1868132562059986,29.021052922805023
2024-05-31,Gujarat,BSNL,2663437.0,2675956.0,12519.0,0.4700317672240792,4.079416881368058
2024-05-31,Gujarat,BSNL (VNO's),0.0,0.0,0.0,,0.0
2024-05-31,Gujarat,Bharti Airtel,11899129.0,11924385.0,25256.0,0.2122508294514665,18.17837717396401
2024-05-31,Gujarat,MTNL,0.0,0.0,0.0,,0.0
2024-05-31,Gujarat,Reliance Com.,0.0,0.0,0.0,,0.0
2024-05-31,Gujarat,Reliance Jio,30368938.0,30516865.0,147927.0,0.4870996806012775,46.52207070946982
2024-05-31,Gujarat,Vodafone Idea,20594935.0,20479326.0,-115609.0,-0.5613467583170328,31.220135235198104
2024-05-31,Haryana,BSNL,4151046.0,4055885.0,-95161.0,-2.292458334598075,15.242395535144263
2024-05-31,Haryana,BSNL (VNO's),0.0,0.0,0.0,,0.0
2024-05-31,Haryana,Bharti Airtel,7055277.0,7028290.0,-26987.0,-0.3825080149227308,26.412971796709986
2024-05-31,Haryana,MTNL,0.0,0.0,0.0,,0.0
2024-05-31,Haryana,Reliance Com.,0.0,0.0,0.0,,0.0
2024-05-31,Haryana,Reliance Jio,8785964.0,8796184.0,10220.0,0.1163218970621778,33.05688295597814
2024-05-31,Haryana,Vodafone Idea,6747231.0,6728877.0,-18354.0,-0.272022700867956,25.287749712167614
2024-05-31,Himachal Pradesh,BSNL,1499470.0,1507563.0,8093.0,0.5397240358259918,17.035478305165608
2024-05-31,Himachal Pradesh,BSNL (VNO's),0.0,0.0,0.0,,0.0
2024-05-31,Himachal Pradesh,Bharti Airtel,3580137.0,3581035.0,898.0,0.0250828390086748,40.4657344685023
2024-05-31,Himachal Pradesh,MTNL,0.0,0.0,0.0,,0.0
2024-05-31,Himachal Pradesh,Reliance Com.,0.0,0.0,0.0,,0.0
2024-05-31,Himachal Pradesh,Reliance Jio,3358689.0,3365275.0,6586.0,0.1960884142592541,38.02764412062129
2024-05-31,Himachal Pradesh,Vodafone Idea,399085.0,395676.0,-3409.0,-0.8542039916308556,4.47114310571081
2024-05-31,J&K,BSNL,775479.0,775103.0,-376.0,-0.0484861614563386,6.320054611061708
2024-05-31,J&K,BSNL (VNO's),0.0,0.0,0.0,,0.0
2024-05-31,J&K,Bharti Airtel,6034748.0,6096286.0,61538.0,1.019727750023696,49.708052277763
2024-05-31,J&K,MTNL,0.0,0.0,0.0,,0.0
2024-05-31,J&K,Reliance Com.,0.0,0.0,0.0,,0.0
2024-05-31,J&K,Reliance Jio,5064589.0,5099769.0,35180.0,0.6946269480109837,41.58262654614877
2024-05-31,J&K,Vodafone Idea,297655.0,293024.0,-4631.0,-1.5558280559708388,2.3892665650265137
2024-05-31,Karnataka,BSNL,4167414.0,4174103.0,6689.0,0.1605072114265585,6.185199630023351
2024-05-31,Karnataka,BSNL (VNO's),0.0,0.0,0.0,,0.0
2024-05-31,Karnataka,Bharti Airtel,32235233.0,32384375.0,149142.0,0.4626676655323075,47.987273976837045
2024-05-31,Karnataka,MTNL,0.0,0.0,0.0,,0.0
2024-05-31,Karnataka,Reliance Com.,2.0,2.0,0.0,0.0,2.9636066144143303e-06
2024-05-31,Karnataka,Reliance Jio,24376370.0,24484441.0,108071.0,0.4433432869619226,36.28112564891871
2024-05-31,Karnataka,Vodafone Idea,6445140.0,6442419.0,-2721.0,-0.0422178571761047,9.546397780614278
2024-05-31,Kerala,BSNL,8950516.0,8795341.0,-155175.0,-1.7336989286427733,20.84857992067322
2024-05-31,Kerala,BSNL (VNO's),0.0,0.0,0.0,,0.0
2024-05-31,Kerala,Bharti Airtel,8652608.0,8746805.0,94197.0,1.0886544265035467,20.733529614490685
2024-05-31,Kerala,MTNL,0.0,0.0,0.0,,0.0
2024-05-31,Kerala,Reliance Com.,0.0,0.0,0.0,,0.0
2024-05-31,Kerala,Reliance Jio,11021013.0,11083502.0,62489.0,0.5669986960363806,26.27246371095123
2024-05-31,Kerala,Vodafone Idea,13605281.0,13561115.0,-44166.0,-0.3246239456575722,32.14542675388486
2024-05-31,Kolkata,BSNL,1671358.0,1573316.0,-98042.0,-5.866008359669203,6.699957589652914
2024-05-31,Kolkata,BSNL (VNO's),0.0,0.0,0.0,,0.0
2024-05-31,Kolkata,Bharti Airtel,5667019.0,5660012.0,-7007.0,-0.1236452533510122,24.103130176599343
2024-05-31,Kolkata,MTNL,0.0,0.0,0.0,,0.0
2024-05-31,Kolkata,Reliance Com.,0.0,0.0,0.0,,0.0
2024-05-31,Kolkata,Reliance Jio,10918229.0,10986067.0,67838.0,0.6213278728628975,46.78410629338634
2024-05-31,Kolkata,Vodafone Idea,5281561.0,5263082.0,-18479.0,-0.3498776214077618,22.4128059403614
2024-05-31,Madhya Pradesh,BSNL,4714048.0,4659304.0,-54744.0,-1.1612949210529888,5.804619512893263
2024-05-31,Madhya Pradesh,BSNL (VNO's),0.0,0.0,0.0,,0.0
2024-05-31,Madhya Pradesh,Bharti Airtel,16188116.0,16228824.0,40708.0,0.2514684228850349,20.21807301298874
2024-05-31,Madhya Pradesh,MTNL,0.0,0.0,0.0,,0.0
2024-05-31,Madhya Pradesh,Reliance Com.,0.0,0.0,0.0,,0.0
2024-05-31,Madhya Pradesh,Reliance Jio,43450326.0,43944459.0,494133.0,1.1372365767750512,54.74655961382601
2024-05-31,Madhya Pradesh,Vodafone Idea,15505081.0,15436309.0,-68772.0,-0.443544925692423,19.230747860291984
2024-05-31,Maharashtra,BSNL,5633705.0,5655254.0,21549.0,0.3825013911804044,6.083281601766364
2024-05-31,Maharashtra,BSNL (VNO's),0.0,0.0,0.0,,0.0
2024-05-31,Maharashtra,Bharti Airtel,21831018.0,21919771.0,88753.0,0.406545402509402,23.57880647610733
2024-05-31,Maharashtra,MTNL,0.0,0.0,0.0,,0.0
2024-05-31,Maharashtra,Reliance Com.,0.0,0.0,0.0,,0.0
2024-05-31,Maharashtra,Reliance Jio,43523793.0,43407659.0,-116134.0,-0.2668287665093894,46.69304214637364
2024-05-31,Maharashtra,Vodafone Idea,22100999.0,21981186.0,-119813.0,-0.5421157658981841,23.644869775752667
2024-05-31,Mumbai,BSNL,0.0,0.0,0.0,,0.0
2024-05-31,Mumbai,BSNL (VNO's),0.0,0.0,0.0,,0.0
2024-05-31,Mumbai,Bharti Airtel,10074700.0,10117220.0,42520.0,0.4220473066195519,29.5616978254757
2024-05-31,Mumbai,MTNL,236821.0,233680.0,-3141.0,-1.32631818968757,0.6827940430135119
2024-05-31,Mumbai,Reliance Com.,0.0,0.0,0.0,,0.0
2024-05-31,Mumbai,Reliance Jio,13182049.0,13168049.0,-14000.0,-0.1062050368649062,38.475973191158985
2024-05-31,Mumbai,Vodafone Idea,10877588.0,10705134.0,-172454.0,-1.5854066177170896,31.2795349403518
2024-05-31,North East,BSNL,1237585.0,1233208.0,-4377.0,-0.3536726770282445,9.716281994109758
2024-05-31,North East,BSNL (VNO's),0.0,0.0,0.0,,0.0
2024-05-31,North East,Bharti Airtel,6329479.0,6348113.0,18634.0,0.2944002184066018,50.015938948234265
2024-05-31,North East,MTNL,0.0,0.0,0.0,,0.0
2024-05-31,North East,Reliance Com.,0.0,0.0,0.0,,0.0
2024-05-31,North East,Reliance Jio,4312212.0,4366518.0,54306.0,1.25935366814062,34.40321520810452
2024-05-31,North East,Vodafone Idea,752436.0,744341.0,-8095.0,-1.0758390082345874,5.864563849551456
2024-05-31,Odisha,BSNL,5340098.0,5334229.0,-5869.0,-0.1099043500699799,15.746979980525827
2024-05-31,Odisha,BSNL (VNO's),0.0,0.0,0.0,,0.0
2024-05-31,Odisha,Bharti Airtel,11643237.0,11631129.0,-12108.0,-0.1039916992156047,34.335825386182975
2024-05-31,Odisha,MTNL,0.0,0.0,0.0,,0.0
2024-05-31,Odisha,Reliance Com.,0.0,0.0,0.0,,0.0
2024-05-31,Odisha,Reliance Jio,15307685.0,15492844.0,185159.0,1.2095819844738116,45.73585129348773
2024-05-31,Odisha,Vodafone Idea,1429455.0,1416414.0,-13041.0,-0.91230573890049,4.181343339803468
2024-05-31,Punjab,BSNL,3903491.0,3720785.0,-182706.0,-4.680579512031666,10.633279383683403
2024-05-31,Punjab,BSNL (VNO's),0.0,0.0,0.0,,0.0
2024-05-31,Punjab,Bharti Airtel,12643439.0,12609543.0,-33896.0,-0.2680916165293319,36.035619800544616
2024-05-31,Punjab,MTNL,0.0,0.0,0.0,,0.0
2024-05-31,Punjab,Reliance Com.,0.0,0.0,0.0,,0.0
2024-05-31,Punjab,Reliance Jio,12231491.0,12216608.0,-14883.0,-0.1216777251440564,34.912688044308325
2024-05-31,Punjab,Vodafone Idea,6457103.0,6444950.0,-12153.0,-0.1882113387381307,18.418412771463647
2024-05-31,Rajasthan,BSNL,5507916.0,5521645.0,13729.0,0.2492594295192592,8.292584370005564
2024-05-31,Rajasthan,BSNL (VNO's),0.0,0.0,0.0,,0.0
2024-05-31,Rajasthan,Bharti Airtel,23370326.0,23474299.0,103973.0,0.4448932376895385,35.25445858693147
2024-05-31,Rajasthan,MTNL,0.0,0.0,0.0,,0.0
2024-05-31,Rajasthan,Reliance Com.,0.0,0.0,0.0,,0.0
2024-05-31,Rajasthan,Reliance Jio,26961003.0,27037993.0,76990.0,0.2855605928310605,40.60652905938717
2024-05-31,Rajasthan,Vodafone Idea,10648894.0,10551397.0,-97497.0,-0.9155598694099124,15.846427983675804
2024-05-31,Tamil Nadu,BSNL,7439395.0,7419439.0,-19956.0,-0.268247619598099,9.435543219861373
2024-05-31,Tamil Nadu,BSNL (VNO's),175938.0,167635.0,-8303.0,-4.719276108629177,0.2131869117950105
2024-05-31,Tamil Nadu,Bharti Airtel,29488741.0,29681291.0,192550.0,0.6529610741943849,37.74666845455329
2024-05-31,Tamil Nadu,MTNL,0.0,0.0,0.0,,0.0
2024-05-31,Tamil Nadu,Reliance Com.,0.0,0.0,0.0,,0.0
2024-05-31,Tamil Nadu,Reliance Jio,25808010.0,25869312.0,61302.0,0.2375309061024077,32.89885009420233
2024-05-31,Tamil Nadu,Vodafone Idea,15518545.0,15495199.0,-23346.0,-0.150439361422092,19.705751319588003
2024-05-31,U.P.(E),BSNL,7447567.0,7475025.0,27458.0,0.3686841622237168,7.277750226811909
2024-05-31,U.P.(E),BSNL (VNO's),0.0,0.0,0.0,,0.0
2024-05-31,U.P.(E),Bharti Airtel,37338963.0,37426815.0,87852.0,0.2352823778207231,36.43907697366864
2024-05-31,U.P.(E),MTNL,0.0,0.0,0.0,,0.0
2024-05-31,U.P.(E),Reliance Com.,0.0,0.0,0.0,,0.0
2024-05-31,U.P.(E),Reliance Jio,40237859.0,40563725.0,325866.0,0.8098492516711686,39.49320019920816
2024-05-31,U.P.(E),Vodafone Idea,17309359.0,17245091.0,-64268.0,-0.3712904677752653,16.789972600311305
2024-05-31,U.P.(W),BSNL,4883224.0,4890092.0,6868.0,0.1406447871324354,7.648324458029045
2024-05-31,U.P.(W),BSNL (VNO's),0.0,0.0,0.0,,0.0
2024-05-31,U.P.(W),Bharti Airtel,18918229.0,18962036.0,43807.0,0.2315597300360408,29.65747959605407
2024-05-31,U.P.(W),MTNL,0.0,0.0,0.0,,0.0
2024-05-31,U.P.(W),Reliance Com.,0.0,0.0,0.0,,0.0
2024-05-31,U.P.(W),Reliance Jio,24387588.0,24574153.0,186565.0,0.7649998023584784,38.43508372137944
2024-05-31,U.P.(W),Vodafone Idea,15552927.0,15510494.0,-42433.0,-0.272829673797093,24.259112224537443
2024-05-31,West Bengal,BSNL,2313911.0,2331371.0,17460.0,0.754566619027266,4.010489261176772
2024-05-31,West Bengal,BSNL (VNO's),0.0,0.0,0.0,,0.0
2024-05-31,West Bengal,Bharti Airtel,18204620.0,18275872.0,71252.0,0.3913951513407036,31.438663513718428
2024-05-31,West Bengal,MTNL,0.0,0.0,0.0,,0.0
2024-05-31,West Bengal,Reliance Com.,0.0,0.0,0.0,,0.0
2024-05-31,West Bengal,Reliance Jio,24419223.0,24547217.0,127994.0,0.5241526317196906,42.22680567368981
2024-05-31,West Bengal,Vodafone Idea,13057527.0,12977375.0,-80152.0,-0.613837520688259,22.324041551414982
2024-06-30,Andhra Pradesh,BSNL,6295338.0,6279421.0,-15917.0,-0.2528378936921258,7.462367955900088
2024-06-30,Andhra Pradesh,BSNL (VNO's),0.0,0.0,0.0,,0.0
2024-06-30,Andhra Pradesh,Bharti Airtel,34010404.0,34108778.0,98374.0,0.2892467846015589,40.53435053360969
2024-06-30,Andhra Pradesh,MTNL,0.0,0.0,0.0,,0.0
2024-06-30,Andhra Pradesh,Reliance Com.,0.0,0.0,0.0,,0.0
2024-06-30,Andhra Pradesh,Reliance Jio,32994663.0,33070341.0,75678.0,0.2293643672008409,39.300287871937385
2024-06-30,Andhra Pradesh,Vodafone Idea,10727601.0,10689294.0,-38307.0,-0.3570882250374524,12.702993638552837
2024-06-30,Assam,BSNL,2977451.0,2976580.0,-871.0,-0.0292532102123594,11.232828367146515
2024-06-30,Assam,BSNL (VNO's),0.0,0.0,0.0,,0.0
2024-06-30,Assam,Bharti Airtel,11905489.0,11966802.0,61313.0,0.5149977459976655,45.15955659502706
2024-06-30,Assam,MTNL,0.0,0.0,0.0,,0.0
2024-06-30,Assam,Reliance Com.,0.0,0.0,0.0,,0.0
2024-06-30,Assam,Reliance Jio,10024600.0,10032509.0,7909.0,0.0788959160465255,37.8600446448114
2024-06-30,Assam,Vodafone Idea,1544938.0,1523045.0,-21893.0,-1.4170795203432112,5.7475703930150255
2024-06-30,Bihar,BSNL,5256069.0,5201342.0,-54727.0,-1.0412154026136262,5.409182761584465
2024-06-30,Bihar,BSNL (VNO's),0.0,0.0,0.0,,0.0
2024-06-30,Bihar,Bharti Airtel,41474249.0,41485026.0,10777.0,0.0259847984227514,43.14272883865036
2024-06-30,Bihar,MTNL,0.0,0.0,0.0,,0.0
2024-06-30,Bihar,Reliance Com.,0.0,0.0,0.0,,0.0
2024-06-30,Bihar,Reliance Jio,41687594.0,41820105.0,132511.0,0.3178667495178541,43.4911972820961
2024-06-30,Bihar,Vodafone Idea,7713573.0,7651158.0,-62415.0,-0.8091580905502547,7.95689111766907
2024-06-30,Delhi,BSNL,0.0,0.0,0.0,,0.0
2024-06-30,Delhi,BSNL (VNO's),0.0,0.0,0.0,,0.0
2024-06-30,Delhi,Bharti Airtel,18281949.0,18306388.0,24439.0,0.1336783074933641,32.08858575737308
2024-06-30,Delhi,MTNL,1685013.0,1684323.0,-690.0,-0.0409492389672958,2.9523870590209222
2024-06-30,Delhi,Reliance Com.,0.0,0.0,0.0,,0.0
2024-06-30,Delhi,Reliance Jio,20388694.0,20464520.0,75826.0,0.3719021924601938,35.87149496686494
2024-06-30,Delhi,Vodafone Idea,16500155.0,16594301.0,94146.0,0.5705764582211501,29.087532216741057
2024-06-30,Gujarat,BSNL,2675956.0,2679193.0,3237.0,0.1209661145399999,4.080090037552094
2024-06-30,Gujarat,BSNL (VNO's),0.0,0.0,0.0,,0.0
2024-06-30,Gujarat,Bharti Airtel,11924385.0,11944421.0,20036.0,0.1680254369512557,18.189922535042463
2024-06-30,Gujarat,MTNL,0.0,0.0,0.0,,0.0
2024-06-30,Gujarat,Reliance Com.,0.0,0.0,0.0,,0.0
2024-06-30,Gujarat,Reliance Jio,30516865.0,30661946.0,145081.0,0.475412530087871,46.69447121075648
2024-06-30,Gujarat,Vodafone Idea,20479326.0,20379486.0,-99840.0,-0.48751604422919,31.03551621664896
2024-06-30,Haryana,BSNL,4055885.0,4055837.0,-48.0,-0.0011834655075279,15.251283644890425
2024-06-30,Haryana,BSNL (VNO's),0.0,0.0,0.0,,0.0
2024-06-30,Haryana,Bharti Airtel,7028290.0,7091863.0,63573.0,0.904530120413358,26.66774187022396
2024-06-30,Haryana,MTNL,0.0,0.0,0.0,,0.0
2024-06-30,Haryana,Reliance Com.,0.0,0.0,0.0,,0.0
2024-06-30,Haryana,Reliance Jio,8796184.0,8728108.0,-68076.0,-0.7739265117691945,32.82056226402522
2024-06-30,Haryana,Vodafone Idea,6728877.0,6717606.0,-11271.0,-0.1675019472045632,25.260412220860395
2024-06-30,Himachal Pradesh,BSNL,1507563.0,1513110.0,5547.0,0.3679448222064351,17.13955990667605
2024-06-30,Himachal Pradesh,BSNL (VNO's),0.0,0.0,0.0,,0.0
2024-06-30,Himachal Pradesh,Bharti Airtel,3581035.0,3595981.0,14946.0,0.4173653706260899,40.73301463394522
2024-06-30,Himachal Pradesh,MTNL,0.0,0.0,0.0,,0.0
2024-06-30,Himachal Pradesh,Reliance Com.,0.0,0.0,0.0,,0.0
2024-06-30,Himachal Pradesh,Reliance Jio,3365275.0,3326252.0,-39023.0,-1.1595783405516635,37.677693901105016
2024-06-30,Himachal Pradesh,Vodafone Idea,395676.0,392830.0,-2846.0,-0.7192753667141804,4.449731558273722
2024-06-30,J&K,BSNL,775103.0,778473.0,3370.0,0.4347809258898495,6.270291560547261
2024-06-30,J&K,BSNL (VNO's),0.0,0.0,0.0,,0.0
2024-06-30,J&K,Bharti Airtel,6096286.0,6179394.0,83108.0,1.3632562514291489,49.77257020795376
2024-06-30,J&K,MTNL,0.0,0.0,0.0,,0.0
2024-06-30,J&K,Reliance Com.,0.0,0.0,0.0,,0.0
2024-06-30,J&K,Reliance Jio,5099769.0,5170633.0,70864.0,1.3895531346615897,41.64740005444912
2024-06-30,J&K,Vodafone Idea,293024.0,286760.0,-6264.0,-2.137708856612428,2.3097381770498564
2024-06-30,Karnataka,BSNL,4174103.0,4120157.0,-53946.0,-1.29239743245435,6.1033911504408
2024-06-30,Karnataka,BSNL (VNO's),0.0,0.0,0.0,,0.0
2024-06-30,Karnataka,Bharti Airtel,32384375.0,32470623.0,86248.0,0.2663259673839621,48.10033041641362
2024-06-30,Karnataka,MTNL,0.0,0.0,0.0,,0.0
2024-06-30,Karnataka,Reliance Com.,2.0,0.0,-2.0,-100.0,0.0
2024-06-30,Karnataka,Reliance Jio,24484441.0,24446440.0,-38001.0,-0.1552046869275063,36.21371359289998
2024-06-30,Karnataka,Vodafone Idea,6442419.0,6468809.0,26390.0,0.4096287434890527,9.582564840245604
2024-06-30,Kerala,BSNL,8795341.0,8586971.0,-208370.0,-2.3690951834613347,20.442575760865385
2024-06-30,Kerala,BSNL (VNO's),0.0,0.0,0.0,,0.0
2024-06-30,Kerala,Bharti Airtel,8746805.0,8806722.0,59917.0,0.685015842927789,20.96572606217954
2024-06-30,Kerala,MTNL,0.0,0.0,0.0,,0.0
2024-06-30,Kerala,Reliance Com.,0.0,0.0,0.0,,0.0
2024-06-30,Kerala,Reliance Jio,11083502.0,11148150.0,64648.0,0.5832813491620248,26.53984751648648
2024-06-30,Kerala,Vodafone Idea,13561115.0,13463485.0,-97630.0,-0.7199260532780675,32.051850660468595
2024-06-30,Kolkata,BSNL,1573316.0,1368962.0,-204354.0,-12.988744791256174,5.896761425098562
2024-06-30,Kolkata,BSNL (VNO's),0.0,0.0,0.0,,0.0
2024-06-30,Kolkata,Bharti Airtel,5660012.0,5660644.0,632.0,0.011166054064903,24.38304874818704
2024-06-30,Kolkata,MTNL,0.0,0.0,0.0,,0.0
2024-06-30,Kolkata,Reliance Com.,0.0,0.0,0.0,,0.0
2024-06-30,Kolkata,Reliance Jio,10986067.0,10942648.0,-43419.0,-0.3952187802968979,47.13511742095977
2024-06-30,Kolkata,Vodafone Idea,5263082.0,5243235.0,-19847.0,-0.3770984377594725,22.585072405754623
2024-06-30,Madhya Pradesh,BSNL,4659304.0,4696704.0,37400.0,0.8026949947889211,5.835192400915432
2024-06-30,Madhya Pradesh,BSNL (VNO's),0.0,0.0,0.0,,0.0
2024-06-30,Madhya Pradesh,Bharti Airtel,16228824.0,16303993.0,75169.0,0.4631820518849671,20.25610642232902
2024-06-30,Madhya Pradesh,MTNL,0.0,0.0,0.0,,0.0
2024-06-30,Madhya Pradesh,Reliance Com.,0.0,0.0,0.0,,0.0
2024-06-30,Madhya Pradesh,Reliance Jio,43944459.0,44122953.0,178494.0,0.4061809021246569,54.81842586876855
2024-06-30,Madhya Pradesh,Vodafone Idea,15436309.0,15365624.0,-70685.0,-0.4579138704725333,19.090275307987
2024-06-30,Maharashtra,BSNL,5655254.0,5676824.0,21570.0,0.3814152290949266,6.081590390870694
2024-06-30,Maharashtra,BSNL (VNO's),0.0,0.0,0.0,,0.0
2024-06-30,Maharashtra,Bharti Airtel,21919771.0,22077455.0,157684.0,0.7193688291725311,23.6516119194254
2024-06-30,Maharashtra,MTNL,0.0,0.0,0.0,,0.0
2024-06-30,Maharashtra,Reliance Com.,0.0,0.0,0.0,,0.0
2024-06-30,Maharashtra,Reliance Jio,43407659.0,43684161.0,276502.0,0.6369889700801419,46.79890970212364
2024-06-30,Maharashtra,Vodafone Idea,21981186.0,21905959.0,-75227.0,-0.3422335810269746,23.467887987580276
2024-06-30,Mumbai,BSNL,0.0,0.0,0.0,,0.0
2024-06-30,Mumbai,BSNL (VNO's),0.0,0.0,0.0,,0.0
2024-06-30,Mumbai,Bharti Airtel,10117220.0,10141827.0,24607.0,0.2432189870339876,29.53698457890891
2024-06-30,Mumbai,MTNL,233680.0,230443.0,-3237.0,-1.3852276617596713,0.6711405486720988
2024-06-30,Mumbai,Reliance Com.,0.0,0.0,0.0,,0.0
2024-06-30,Mumbai,Reliance Jio,13168049.0,13248435.0,80386.0,0.6104624914442527,38.584647548186055
2024-06-30,Mumbai,Vodafone Idea,10705134.0,10715322.0,10188.0,0.095169289800576,31.20722732423294
2024-06-30,North East,BSNL,1233208.0,1228962.0,-4246.0,-0.3443052591290358,9.64974579710739
2024-06-30,North East,BSNL (VNO's),0.0,0.0,0.0,,0.0
2024-06-30,North East,Bharti Airtel,6348113.0,6363875.0,15762.0,0.2482942568917724,49.96881598826228
2024-06-30,North East,MTNL,0.0,0.0,0.0,,0.0
2024-06-30,North East,Reliance Com.,0.0,0.0,0.0,,0.0
2024-06-30,North East,Reliance Jio,4366518.0,4417294.0,50776.0,1.162848750423106,34.68436307313627
2024-06-30,North East,Vodafone Idea,744341.0,725562.0,-18779.0,-2.52290280933067,5.697075141494067
2024-06-30,Odisha,BSNL,5334229.0,5326387.0,-7842.0,-0.1470128110360466,15.587167887733722
2024-06-30,Odisha,BSNL (VNO's),0.0,0.0,0.0,,0.0
2024-06-30,Odisha,Bharti Airtel,11631129.0,11681370.0,50241.0,0.4319529084407885,34.18442470453913
2024-06-30,Odisha,MTNL,0.0,0.0,0.0,,0.0
2024-06-30,Odisha,Reliance Com.,0.0,0.0,0.0,,0.0
2024-06-30,Odisha,Reliance Jio,15492844.0,15765603.0,272759.0,1.7605482892618036,46.13654637043055
2024-06-30,Odisha,Vodafone Idea,1416414.0,1398255.0,-18159.0,-1.282040420385565,4.0918610372965984
2024-06-30,Punjab,BSNL,3720785.0,3714894.0,-5891.0,-0.1583268046930956,10.622837751182592
2024-06-30,Punjab,BSNL (VNO's),0.0,0.0,0.0,,0.0
2024-06-30,Punjab,Bharti Airtel,12609543.0,12593886.0,-15657.0,-0.1241678623880342,36.0125504617063
2024-06-30,Punjab,MTNL,0.0,0.0,0.0,,0.0
2024-06-30,Punjab,Reliance Com.,0.0,0.0,0.0,,0.0
2024-06-30,Punjab,Reliance Jio,12216608.0,12250641.0,34033.0,0.2785797825386555,35.03103229620691
2024-06-30,Punjab,Vodafone Idea,6444950.0,6411404.0,-33546.0,-0.5205005469398521,18.333579490904203
2024-06-30,Rajasthan,BSNL,5521645.0,5523352.0,1707.0,0.0309147002387875,8.26146197318494
2024-06-30,Rajasthan,BSNL (VNO's),0.0,0.0,0.0,,0.0
2024-06-30,Rajasthan,Bharti Airtel,23474299.0,23591034.0,116735.0,0.4972885452298277,35.285897096385135
2024-06-30,Rajasthan,MTNL,0.0,0.0,0.0,,0.0
2024-06-30,Rajasthan,Reliance Com.,0.0,0.0,0.0,,0.0
2024-06-30,Rajasthan,Reliance Jio,27037993.0,27257245.0,219252.0,0.8109033832503766,40.76957127868826
2024-06-30,Rajasthan,Vodafone Idea,10551397.0,10485204.0,-66193.0,-0.6273387305965267,15.683069651741665
2024-06-30,Tamil Nadu,BSNL,7419439.0,7323605.0,-95834.0,-1.2916610002454365,9.30238593029442
2024-06-30,Tamil Nadu,BSNL (VNO's),167635.0,188010.0,20375.0,12.154383034569154,0.2388088350961928
2024-06-30,Tamil Nadu,Bharti Airtel,29681291.0,29845231.0,163940.0,0.5523344655055604,37.90917955580439
2024-06-30,Tamil Nadu,MTNL,0.0,0.0,0.0,,0.0
2024-06-30,Tamil Nadu,Reliance Com.,0.0,0.0,0.0,,0.0
2024-06-30,Tamil Nadu,Reliance Jio,25869312.0,25921142.0,51830.0,0.2003532216086767,32.92483232478591
2024-06-30,Tamil Nadu,Vodafone Idea,15495199.0,15450255.0,-44944.0,-0.2900511313213854,19.62479335401909
2024-06-30,U.P.(E),BSNL,7475025.0,7473038.0,-1987.0,-0.0265818508968197,7.267241352483822
2024-06-30,U.P.(E),BSNL (VNO's),0.0,0.0,0.0,,0.0
2024-06-30,U.P.(E),Bharti Airtel,37426815.0,37400385.0,-26430.0,-0.0706178177330879,36.37043254307226
2024-06-30,U.P.(E),MTNL,0.0,0.0,0.0,,0.0
2024-06-30,U.P.(E),Reliance Com.,0.0,0.0,0.0,,0.0
2024-06-30,U.P.(E),Reliance Jio,40563725.0,40853555.0,289830.0,0.7145053862780107,39.72850724055896
2024-06-30,U.P.(E),Vodafone Idea,17245091.0,17104862.0,-140229.0,-0.8131531460170318,16.63381886388496
2024-06-30,U.P.(W),BSNL,4890092.0,4747091.0,-143001.0,-2.924300810700494,7.435645308442104
2024-06-30,U.P.(W),BSNL (VNO's),0.0,0.0,0.0,,0.0
2024-06-30,U.P.(W),Bharti Airtel,18962036.0,19004620.0,42584.0,0.22457504035959,29.768043954018363
2024-06-30,U.P.(W),MTNL,0.0,0.0,0.0,,0.0
2024-06-30,U.P.(W),Reliance Com.,0.0,0.0,0.0,,0.0
2024-06-30,U.P.(W),Reliance Jio,24574153.0,24691463.0,117310.0,0.4773714886531389,38.67567759171286
2024-06-30,U.P.(W),Vodafone Idea,15510494.0,15399180.0,-111314.0,-0.7176689536774263,24.120633145826677
2024-06-30,West Bengal,BSNL,2331371.0,2310124.0,-21247.0,-0.9113521614534968,3.973481957662156
2024-06-30,West Bengal,BSNL (VNO's),0.0,0.0,0.0,,0.0
2024-06-30,West Bengal,Bharti Airtel,18275872.0,18400179.0,124307.0,0.680170007756675,31.64885489880807
2024-06-30,West Bengal,MTNL,0.0,0.0,0.0,,0.0
2024-06-30,West Bengal,Reliance Com.,0.0,0.0,0.0,,0.0
2024-06-30,West Bengal,Reliance Jio,24547217.0,24503076.0,-44141.0,-0.179820791904842,42.146019171795366
2024-06-30,West Bengal,Vodafone Idea,12977375.0,12925151.0,-52224.0,-0.4024234485017193,22.231643971734407
2024-07-31,Andhra Pradesh,BSNL,6279421.0,6578913.0,299492.0,4.769420620149533,7.819281104638589
2024-07-31,Andhra Pradesh,BSNL (VNO's),0.0,0.0,0.0,,0.0
2024-07-31,Andhra Pradesh,Bharti Airtel,34108778.0,33989599.0,-119179.0,-0.3494085891907356,40.39789387926891
2024-07-31,Andhra Pradesh,MTNL,0.0,0.0,0.0,,0.0
2024-07-31,Andhra Pradesh,Reliance Com.,0.0,0.0,0.0,,0.0
2024-07-31,Andhra Pradesh,Reliance Jio,33070341.0,32978117.0,-92224.0,-0.2788722378157515,39.19571016133831
2024-07-31,Andhra Pradesh,Vodafone Idea,10689294.0,10590428.0,-98866.0,-0.9249067337842892,12.587114854754187
2024-07-31,Assam,BSNL,2976580.0,3033387.0,56807.0,1.9084654200458244,11.439639164463037
2024-07-31,Assam,BSNL (VNO's),0.0,0.0,0.0,,0.0
2024-07-31,Assam,Bharti Airtel,11966802.0,11970108.0,3306.0,0.0276264285144853,45.1421847194744
2024-07-31,Assam,MTNL,0.0,0.0,0.0,,0.0
2024-07-31,Assam,Reliance Com.,0.0,0.0,0.0,,0.0
2024-07-31,Assam,Reliance Jio,10032509.0,10002075.0,-30434.0,-0.3033538270436637,37.72025425568732
2024-07-31,Assam,Vodafone Idea,1523045.0,1510887.0,-12158.0,-0.7982692566536116,5.697921860375238
2024-07-31,Bihar,BSNL,5201342.0,5561593.0,360251.0,6.926116375350823,5.789982085762885
2024-07-31,Bihar,BSNL (VNO's),0.0,0.0,0.0,,0.0
2024-07-31,Bihar,Bharti Airtel,41485026.0,41089037.0,-395989.0,-0.954534775993632,42.77637506938181
2024-07-31,Bihar,MTNL,0.0,0.0,0.0,,0.0
2024-07-31,Bihar,Reliance Com.,0.0,0.0,0.0,,0.0
2024-07-31,Bihar,Reliance Jio,41820105.0,41812880.0,-7225.0,-0.0172763793873783,43.52994297751619
2024-07-31,Bihar,Vodafone Idea,7651158.0,7591934.0,-59224.0,-0.7740527643005151,7.903699867339117
2024-07-31,Delhi,BSNL,0.0,0.0,0.0,,0.0
2024-07-31,Delhi,BSNL (VNO's),0.0,0.0,0.0,,0.0
2024-07-31,Delhi,Bharti Airtel,18306388.0,18301168.0,-5220.0,-0.0285146365301554,32.048820372222416
2024-07-31,Delhi,MTNL,1684323.0,1684191.0,-132.0,-0.0078369766369039,2.949338251608512
2024-07-31,Delhi,Reliance Com.,0.0,0.0,0.0,,0.0
2024-07-31,Delhi,Reliance Jio,20464520.0,20375069.0,-89451.0,-0.4371028492239251,35.68061483576553
2024-07-31,Delhi,Vodafone Idea,16594301.0,16743602.0,149301.0,0.8997124976821862,29.32122654040354
2024-07-31,Gujarat,BSNL,2679193.0,2899535.0,220342.0,8.224192881961098,4.412429988615322
2024-07-31,Gujarat,BSNL (VNO's),0.0,0.0,0.0,,0.0
2024-07-31,Gujarat,Bharti Airtel,11944421.0,11916953.0,-27468.0,-0.2299651025361547,18.13488052053841
2024-07-31,Gujarat,MTNL,0.0,0.0,0.0,,0.0
2024-07-31,Gujarat,Reliance Com.,0.0,0.0,0.0,,0.0
2024-07-31,Gujarat,Reliance Jio,30661946.0,30576502.0,-85444.0,-0.278664635310492,46.530452079990894
2024-07-31,Gujarat,Vodafone Idea,20379486.0,20319894.0,-59592.0,-0.2924116928169827,30.92223741085538
2024-07-31,Haryana,BSNL,4055837.0,4081920.0,26083.0,0.6430978365254816,15.353196641819226
2024-07-31,Haryana,BSNL (VNO's),0.0,0.0,0.0,,0.0
2024-07-31,Haryana,Bharti Airtel,7091863.0,7092103.0,240.0,0.0033841601283047,26.675302789627448
2024-07-31,Haryana,MTNL,0.0,0.0,0.0,,0.0
2024-07-31,Haryana,Reliance Com.,0.0,0.0,0.0,,0.0
2024-07-31,Haryana,Reliance Jio,8728108.0,8728381.0,273.0,0.0031278256410209,32.8297834983828
2024-07-31,Haryana,Vodafone Idea,6717606.0,6684372.0,-33234.0,-0.494729818926564,25.14171707017052
2024-07-31,Himachal Pradesh,BSNL,1513110.0,1568692.0,55582.0,3.673361487267945,17.675056286220418
2024-07-31,Himachal Pradesh,BSNL (VNO's),0.0,0.0,0.0,,0.0
2024-07-31,Himachal Pradesh,Bharti Airtel,3595981.0,3592169.0,-3812.0,-0.1060072341872774,40.47435013668464
2024-07-31,Himachal Pradesh,MTNL,0.0,0.0,0.0,,0.0
2024-07-31,Himachal Pradesh,Reliance Com.,0.0,0.0,0.0,,0.0
2024-07-31,Himachal Pradesh,Reliance Jio,3326252.0,3326011.0,-241.0,-0.0072453921110006,37.47544555182805
2024-07-31,Himachal Pradesh,Vodafone Idea,392830.0,388302.0,-4528.0,-1.1526614566097293,4.375148025266885
2024-07-31,J&K,BSNL,778473.0,839986.0,61513.0,7.901751248919359,6.695937435306401
2024-07-31,J&K,BSNL (VNO's),0.0,0.0,0.0,,0.0
2024-07-31,J&K,Bharti Airtel,6179394.0,6171783.0,-7611.0,-0.1231674173875302,49.19828762894578
2024-07-31,J&K,MTNL,0.0,0.0,0.0,,0.0
2024-07-31,J&K,Reliance Com.,0.0,0.0,0.0,,0.0
2024-07-31,J&K,Reliance Jio,5170633.0,5252747.0,82114.0,1.5880840895108974,41.872204150418455
2024-07-31,J&K,Vodafone Idea,286760.0,280195.0,-6565.0,-2.2893709024968616,2.233570785329371
2024-07-31,Karnataka,BSNL,4120157.0,4300925.0,180768.0,4.387405625562327,6.361754012168334
2024-07-31,Karnataka,BSNL (VNO's),0.0,0.0,0.0,,0.0
2024-07-31,Karnataka,Bharti Airtel,32470623.0,32362339.0,-108284.0,-0.3334829762890598,47.86906071982232
2024-07-31,Karnataka,MTNL,0.0,0.0,0.0,,0.0
2024-07-31,Karnataka,Reliance Com.,0.0,0.0,0.0,,0.0
2024-07-31,Karnataka,Reliance Jio,24446440.0,24544376.0,97936.0,0.4006145680107206,36.30504658745926
2024-07-31,Karnataka,Vodafone Idea,6468809.0,6398322.0,-70487.0,-1.089644167883145,9.464138680550096
2024-07-31,Kerala,BSNL,8586971.0,8605862.0,18891.0,0.219996084766095,20.558218327336373
2024-07-31,Kerala,BSNL (VNO's),0.0,0.0,0.0,,0.0
2024-07-31,Kerala,Bharti Airtel,8806722.0,8779707.0,-27015.0,-0.3067543178948989,20.97351007441712
2024-07-31,Kerala,MTNL,0.0,0.0,0.0,,0.0
2024-07-31,Kerala,Reliance Com.,0.0,0.0,0.0,,0.0
2024-07-31,Kerala,Reliance Jio,11148150.0,11103636.0,-44514.0,-0.3992949502832308,26.52505619021917
2024-07-31,Kerala,Vodafone Idea,13463485.0,13371728.0,-91757.0,-0.6815248800737699,31.94321540802733
2024-07-31,Kolkata,BSNL,1368962.0,1525975.0,157013.0,11.469492944289176,6.559488485630874
2024-07-31,Kolkata,BSNL (VNO's),0.0,0.0,0.0,,0.0
2024-07-31,Kolkata,Bharti Airtel,5660644.0,5604615.0,-56029.0,-0.9897990405331972,24.09174957577554
2024-07-31,Kolkata,MTNL,0.0,0.0,0.0,,0.0
2024-07-31,Kolkata,Reliance Com.,0.0,0.0,0.0,,0.0
2024-07-31,Kolkata,Reliance Jio,10942648.0,10918837.0,-23811.0,-0.2175981535730657,46.93522867542414
2024-07-31,Kolkata,Vodafone Idea,5243235.0,5214201.0,-29034.0,-0.5537421076873342,22.41353326316944
2024-07-31,Madhya Pradesh,BSNL,4696704.0,4875012.0,178308.0,3.7964495952906554,6.043450105064037
2024-07-31,Madhya Pradesh,BSNL (VNO's),0.0,0.0,0.0,,0.0
2024-07-31,Madhya Pradesh,Bharti Airtel,16303993.0,16241312.0,-62681.0,-0.3844518333637655,20.134013765048746
2024-07-31,Madhya Pradesh,MTNL,0.0,0.0,0.0,,0.0
2024-07-31,Madhya Pradesh,Reliance Com.,0.0,0.0,0.0,,0.0
2024-07-31,Madhya Pradesh,Reliance Jio,44122953.0,44298910.0,175957.0,0.3987879052428789,54.91642939416812
2024-07-31,Madhya Pradesh,Vodafone Idea,15365624.0,15250808.0,-114816.0,-0.7472264061648262,18.906106735719103
2024-07-31,Maharashtra,BSNL,5676824.0,5586235.0,-90589.0,-1.5957690426900677,6.021103284006124
2024-07-31,Maharashtra,BSNL (VNO's),0.0,0.0,0.0,,0.0
2024-07-31,Maharashtra,Bharti Airtel,22077455.0,22144837.0,67382.0,0.3052072804587304,23.86873283785597
2024-07-31,Maharashtra,MTNL,0.0,0.0,0.0,,0.0
2024-07-31,Maharashtra,Reliance Com.,0.0,0.0,0.0,,0.0
2024-07-31,Maharashtra,Reliance Jio,43684161.0,43319323.0,-364838.0,-0.8351722721651905,46.69157634367728
2024-07-31,Maharashtra,Vodafone Idea,21905959.0,21727203.0,-178756.0,-0.81601540475813,23.418587534460634
2024-07-31,Mumbai,BSNL,0.0,0.0,0.0,,0.0
2024-07-31,Mumbai,BSNL (VNO's),0.0,0.0,0.0,,0.0
2024-07-31,Mumbai,Bharti Airtel,10141827.0,10121680.0,-20147.0,-0.1986525701927276,29.58733512110173
2024-07-31,Mumbai,MTNL,230443.0,227566.0,-2877.0,-1.248464913232339,0.6652128405727742
2024-07-31,Mumbai,Reliance Com.,0.0,0.0,0.0,,0.0
2024-07-31,Mumbai,Reliance Jio,13248435.0,13150628.0,-97807.0,-0.7382532351934398,38.44144822686984
2024-07-31,Mumbai,Vodafone Idea,10715322.0,10709628.0,-5694.0,-0.0531388604094212,31.306003811455657
2024-07-31,North East,BSNL,1228962.0,1245260.0,16298.0,1.3261597998961725,9.844554137576944
2024-07-31,North East,BSNL (VNO's),0.0,0.0,0.0,,0.0
2024-07-31,North East,Bharti Airtel,6363875.0,6313850.0,-50025.0,-0.7860776649447074,49.91490784377575
2024-07-31,North East,MTNL,0.0,0.0,0.0,,0.0
2024-07-31,North East,Reliance Com.,0.0,0.0,0.0,,0.0
2024-07-31,North East,Reliance Jio,4417294.0,4379819.0,-37475.0,-0.8483700654744738,34.62519093063948
2024-07-31,North East,Vodafone Idea,725562.0,710298.0,-15264.0,-2.103748542509117,5.6153470880078284
2024-07-31,Odisha,BSNL,5326387.0,5392482.0,66095.0,1.240897441361283,15.686056287139245
2024-07-31,Odisha,BSNL (VNO's),0.0,0.0,0.0,,0.0
2024-07-31,Odisha,Bharti Airtel,11681370.0,11637636.0,-43734.0,-0.3743910174919551,33.85242887138761
2024-07-31,Odisha,MTNL,0.0,0.0,0.0,,0.0
2024-07-31,Odisha,Reliance Com.,0.0,0.0,0.0,,0.0
2024-07-31,Odisha,Reliance Jio,15765603.0,15950256.0,184653.0,1.1712396918785788,46.39730154134598
2024-07-31,Odisha,Vodafone Idea,1398255.0,1397177.0,-1078.0,-0.0770960947752734,4.064213300127167
2024-07-31,Punjab,BSNL,3714894.0,3908114.0,193220.0,5.201225122439563,11.192125326611228
2024-07-31,Punjab,BSNL (VNO's),0.0,0.0,0.0,,0.0
2024-07-31,Punjab,Bharti Airtel,12593886.0,12515326.0,-78560.0,-0.6237947524695714,35.841609813684045
2024-07-31,Punjab,MTNL,0.0,0.0,0.0,,0.0
2024-07-31,Punjab,Reliance Com.,0.0,0.0,0.0,,0.0
2024-07-31,Punjab,Reliance Jio,12250641.0,12134660.0,-115981.0,-0.9467341341567352,34.751451855246856
2024-07-31,Punjab,Vodafone Idea,6411404.0,6360326.0,-51078.0,-0.7966741762022795,18.214813004457877
2024-07-31,Rajasthan,BSNL,5523352.0,5567277.0,43925.0,0.7952598349697791,8.375563863137188
2024-07-31,Rajasthan,BSNL (VNO's),0.0,0.0,0.0,,0.0
2024-07-31,Rajasthan,Bharti Airtel,23591034.0,23433054.0,-157980.0,-0.6696611941638506,35.25332766545339
2024-07-31,Rajasthan,MTNL,0.0,0.0,0.0,,0.0
2024-07-31,Rajasthan,Reliance Com.,0.0,0.0,0.0,,0.0
2024-07-31,Rajasthan,Reliance Jio,27257245.0,27158930.0,-98315.0,-0.360693092790559,40.85863747564069
2024-07-31,Rajasthan,Vodafone Idea,10485204.0,10311213.0,-173991.0,-1.659395468128231,15.512470995768735
2024-07-31,Tamil Nadu,BSNL,7323605.0,7506870.0,183265.0,2.5023878267601813,9.556784021686829
2024-07-31,Tamil Nadu,BSNL (VNO's),188010.0,203346.0,15336.0,8.157012924844423,0.2588740451977894
2024-07-31,Tamil Nadu,Bharti Airtel,29845231.0,29836739.0,-8492.0,-0.0284534571034146,37.98430911077989
2024-07-31,Tamil Nadu,MTNL,0.0,0.0,0.0,,0.0
2024-07-31,Tamil Nadu,Reliance Com.,0.0,0.0,0.0,,0.0
2024-07-31,Tamil Nadu,Reliance Jio,25921142.0,25669296.0,-251846.0,-0.9715852796917666,32.67885521672143
2024-07-31,Tamil Nadu,Vodafone Idea,15450255.0,15333918.0,-116337.0,-0.7529778634721562,19.521177605614064
2024-07-31,U.P.(E),BSNL,7473038.0,7942489.0,469451.0,6.281929785450041,7.728380253221107
2024-07-31,U.P.(E),BSNL (VNO's),0.0,0.0,0.0,,0.0
2024-07-31,U.P.(E),Bharti Airtel,37400385.0,37038900.0,-361485.0,-0.9665274836074548,36.0404280523437
2024-07-31,U.P.(E),MTNL,0.0,0.0,0.0,,0.0
2024-07-31,U.P.(E),Reliance Com.,0.0,0.0,0.0,,0.0
2024-07-31,U.P.(E),Reliance Jio,40853555.0,40871703.0,18148.0,0.0444220827293977,39.76990869999541
2024-07-31,U.P.(E),Vodafone Idea,17104862.0,16917330.0,-187532.0,-1.0963666354046002,16.46128299443978
2024-07-31,U.P.(W),BSNL,4747091.0,4934399.0,187308.0,3.945742771731151,7.726829040662713
2024-07-31,U.P.(W),BSNL (VNO's),0.0,0.0,0.0,,0.0
2024-07-31,U.P.(W),Bharti Airtel,19004620.0,18918504.0,-86116.0,-0.4531319226588061,29.62469109471968
2024-07-31,U.P.(W),MTNL,0.0,0.0,0.0,,0.0
2024-07-31,U.P.(W),Reliance Com.,0.0,0.0,0.0,,0.0
2024-07-31,U.P.(W),Reliance Jio,24691463.0,24686267.0,-5196.0,-0.0210437105326646,38.656493883278095
2024-07-31,U.P.(W),Vodafone Idea,15399180.0,15321425.0,-77755.0,-0.5049294832581995,23.991985981339507
2024-07-31,West Bengal,BSNL,2310124.0,2558072.0,247948.0,10.73310350440063,4.403418181955892
2024-07-31,West Bengal,BSNL (VNO's),0.0,0.0,0.0,,0.0
2024-07-31,West Bengal,Bharti Airtel,18400179.0,18254778.0,-145401.0,-0.7902151386679445,31.42343974398235
2024-07-31,West Bengal,MTNL,0.0,0.0,0.0,,0.0
2024-07-31,West Bengal,Reliance Com.,0.0,0.0,0.0,,0.0
2024-07-31,West Bengal,Reliance Jio,24503076.0,24530334.0,27258.0,0.1112431761628621,42.22606664122465
2024-07-31,West Bengal,Vodafone Idea,12925151.0,12749686.0,-175465.0,-1.3575470027390784,21.94707543283711
2024-08-31,Andhra Pradesh,BSNL,6578913.0,6855104.0,276191.0,4.198125131005685,8.1915232487736
2024-08-31,Andhra Pradesh,BSNL (VNO's),0.0,0.0,0.0,,0.0
2024-08-31,Andhra Pradesh,Bharti Airtel,33989599.0,33802351.0,-187248.0,-0.5508979379250694,40.392201792956826
2024-08-31,Andhra Pradesh,MTNL,0.0,0.0,0.0,,0.0
2024-08-31,Andhra Pradesh,Reliance Com.,0.0,0.0,0.0,,0.0
2024-08-31,Andhra Pradesh,Reliance Jio,32978117.0,32570216.0,-407901.0,-1.2368838402750528,38.919859068743214
2024-08-31,Andhra Pradesh,Vodafone Idea,10590428.0,10457668.0,-132760.0,-1.2535848409526036,12.49641588952636
2024-08-31,Assam,BSNL,3033387.0,2993033.0,-40354.0,-1.330328111777363,11.417565324309448
2024-08-31,Assam,BSNL (VNO's),0.0,0.0,0.0,,0.0
2024-08-31,Assam,Bharti Airtel,11970108.0,11863283.0,-106825.0,-0.8924313799006659,45.2550334771684
2024-08-31,Assam,MTNL,0.0,0.0,0.0,,0.0
2024-08-31,Assam,Reliance Com.,0.0,0.0,0.0,,0.0
2024-08-31,Assam,Reliance Jio,10002075.0,9872296.0,-129779.0,-1.2975207644413784,37.65998720392287
2024-08-31,Assam,Vodafone Idea,1510887.0,1485672.0,-25215.0,-1.6688872165820476,5.66741399459928
2024-08-31,Bihar,BSNL,5561593.0,5849336.0,287743.0,5.173751477319538,6.148425675090735
2024-08-31,Bihar,BSNL (VNO's),0.0,0.0,0.0,,0.0
2024-08-31,Bihar,Bharti Airtel,41089037.0,40599123.0,-489914.0,-1.1923229059858471,42.67504725995682
2024-08-31,Bihar,MTNL,0.0,0.0,0.0,,0.0
2024-08-31,Bihar,Reliance Com.,0.0,0.0,0.0,,0.0
2024-08-31,Bihar,Reliance Jio,41812880.0,41122293.0,-690587.0,-1.651613091468466,43.22496811600565
2024-08-31,Bihar,Vodafone Idea,7591934.0,7564756.0,-27178.0,-0.3579851985014622,7.951558948946801
2024-08-31,Delhi,BSNL,0.0,0.0,0.0,,0.0
2024-08-31,Delhi,BSNL (VNO's),0.0,0.0,0.0,,0.0
2024-08-31,Delhi,Bharti Airtel,18301168.0,18330214.0,29046.0,0.1587111817125551,32.16591437677452
2024-08-31,Delhi,MTNL,1684191.0,1684274.0,83.0,0.0049281821361116,2.955569055059997
2024-08-31,Delhi,Reliance Com.,0.0,0.0,0.0,,0.0
2024-08-31,Delhi,Reliance Jio,20375069.0,20218058.0,-157011.0,-0.7706035253181228,35.47870867697787
2024-08-31,Delhi,Vodafone Idea,16743602.0,16753908.0,10306.0,0.0615518691856149,29.399807891187614
2024-08-31,Gujarat,BSNL,2899535.0,3130938.0,231403.0,7.980693456019672,4.751231892417476
2024-08-31,Gujarat,BSNL (VNO's),0.0,0.0,0.0,,0.0
2024-08-31,Gujarat,Bharti Airtel,11916953.0,11966970.0,50017.0,0.4197129920710437,18.160004931302744
2024-08-31,Gujarat,MTNL,0.0,0.0,0.0,,0.0
2024-08-31,Gujarat,Reliance Com.,0.0,0.0,0.0,,0.0
2024-08-31,Gujarat,Reliance Jio,30576502.0,30579662.0,3160.0,0.0103347335152987,46.40496405669699
2024-08-31,Gujarat,Vodafone Idea,20319894.0,20219824.0,-100070.0,-0.4924730414440154,30.683799119582787
2024-08-31,Haryana,BSNL,4081920.0,4115406.0,33486.0,0.8203492474129822,15.520612375778994
2024-08-31,Haryana,BSNL (VNO's),0.0,0.0,0.0,,0.0
2024-08-31,Haryana,Bharti Airtel,7092103.0,7060416.0,-31687.0,-0.4467927214255067,26.627258634445305
2024-08-31,Haryana,MTNL,0.0,0.0,0.0,,0.0
2024-08-31,Haryana,Reliance Com.,0.0,0.0,0.0,,0.0
2024-08-31,Haryana,Reliance Jio,8728381.0,8693206.0,-35175.0,-0.4029956987441314,32.785071662138854
2024-08-31,Haryana,Vodafone Idea,6684372.0,6646717.0,-37655.0,-0.5633289110779591,25.06705732763684
2024-08-31,Himachal Pradesh,BSNL,1568692.0,1625405.0,56713.0,3.6153049802000647,18.25277648199759
2024-08-31,Himachal Pradesh,BSNL (VNO's),0.0,0.0,0.0,,0.0
2024-08-31,Himachal Pradesh,Bharti Airtel,3592169.0,3572415.0,-19754.0,-0.5499184476008784,40.11707389600464
2024-08-31,Himachal Pradesh,MTNL,0.0,0.0,0.0,,0.0
2024-08-31,Himachal Pradesh,Reliance Com.,0.0,0.0,0.0,,0.0
2024-08-31,Himachal Pradesh,Reliance Jio,3326011.0,3320829.0,-5182.0,-0.1558022508043419,37.29184386164406
2024-08-31,Himachal Pradesh,Vodafone Idea,388302.0,386325.0,-1977.0,-0.5091397932537046,4.338305760353708
2024-08-31,J&K,BSNL,839986.0,895434.0,55448.0,6.6010623986590256,7.140300297474635
2024-08-31,J&K,BSNL (VNO's),0.0,0.0,0.0,,0.0
2024-08-31,J&K,Bharti Airtel,6171783.0,6112285.0,-59498.0,-0.964032598035284,48.740108599572665
2024-08-31,J&K,MTNL,0.0,0.0,0.0,,0.0
2024-08-31,J&K,Reliance Com.,0.0,0.0,0.0,,0.0
2024-08-31,J&K,Reliance Jio,5252747.0,5255606.0,2859.0,0.0544286637068185,41.9088454148597
2024-08-31,J&K,Vodafone Idea,280195.0,277240.0,-2955.0,-1.0546226734952444,2.2107456880930005
2024-08-31,Karnataka,BSNL,4300925.0,4511626.0,210701.0,4.8989694077436825,6.694620607459571
2024-08-31,Karnataka,BSNL (VNO's),0.0,0.0,0.0,,0.0
2024-08-31,Karnataka,Bharti Airtel,32362339.0,32236966.0,-125373.0,-0.3874040130412082,47.83513901763434
2024-08-31,Karnataka,MTNL,0.0,0.0,0.0,,0.0
2024-08-31,Karnataka,Reliance Com.,0.0,0.0,0.0,,0.0
2024-08-31,Karnataka,Reliance Jio,24544376.0,24298893.0,-245483.0,-1.000159873691635,36.05615133352257
2024-08-31,Karnataka,Vodafone Idea,6398322.0,6344325.0,-53997.0,-0.8439243914263771,9.414089041383516
2024-08-31,Kerala,BSNL,8605862.0,8678415.0,72553.0,0.8430648783352557,20.80296666130437
2024-08-31,Kerala,BSNL (VNO's),0.0,0.0,0.0,,0.0
2024-08-31,Kerala,Bharti Airtel,8779707.0,8761014.0,-18693.0,-0.2129114331491927,21.00096413472055
2024-08-31,Kerala,MTNL,0.0,0.0,0.0,,0.0
2024-08-31,Kerala,Reliance Com.,0.0,0.0,0.0,,0.0
2024-08-31,Kerala,Reliance Jio,11103636.0,10974715.0,-128921.0,-1.161070121534964,26.30741100331305
2024-08-31,Kerala,Vodafone Idea,13371728.0,13303055.0,-68673.0,-0.5135686277794463,31.88865820066204
2024-08-31,Kolkata,BSNL,1525975.0,1615508.0,89533.0,5.867265191107325,6.954988809648474
2024-08-31,Kolkata,BSNL (VNO's),0.0,0.0,0.0,,0.0
2024-08-31,Kolkata,Bharti Airtel,5604615.0,5538557.0,-66058.0,-1.1786358206585108,23.84426567779313
2024-08-31,Kolkata,MTNL,0.0,0.0,0.0,,0.0
2024-08-31,Kolkata,Reliance Com.,0.0,0.0,0.0,,0.0
2024-08-31,Kolkata,Reliance Jio,10918837.0,10912480.0,-6357.0,-0.0582204863027078,46.97975886564027
2024-08-31,Kolkata,Vodafone Idea,5214201.0,5161501.0,-52700.0,-1.0107013519425123,22.220986646918124
2024-08-31,Madhya Pradesh,BSNL,4875012.0,5028617.0,153605.0,3.150864038898776,6.259798017816999
2024-08-31,Madhya Pradesh,BSNL (VNO's),0.0,0.0,0.0,,0.0
2024-08-31,Madhya Pradesh,Bharti Airtel,16241312.0,16223521.0,-17791.0,-0.1095416429411614,20.19560539166384
2024-08-31,Madhya Pradesh,MTNL,0.0,0.0,0.0,,0.0
2024-08-31,Madhya Pradesh,Reliance Com.,0.0,0.0,0.0,,0.0
2024-08-31,Madhya Pradesh,Reliance Jio,44298910.0,44053945.0,-244965.0,-0.552982003394666,54.83988889748793
2024-08-31,Madhya Pradesh,Vodafone Idea,15250808.0,15025854.0,-224954.0,-1.4750300443097837,18.704707693031228
2024-08-31,Maharashtra,BSNL,5586235.0,5643171.0,56936.0,1.0192195638028116,6.1091542550648015
2024-08-31,Maharashtra,BSNL (VNO's),0.0,0.0,0.0,,0.0
2024-08-31,Maharashtra,Bharti Airtel,22144837.0,22213479.0,68642.0,0.3099684138564668,24.047750768609102
2024-08-31,Maharashtra,MTNL,0.0,0.0,0.0,,0.0
2024-08-31,Maharashtra,Reliance Com.,0.0,0.0,0.0,,0.0
2024-08-31,Maharashtra,Reliance Jio,43319323.0,42912627.0,-406696.0,-0.9388327698473036,46.456125081635605
2024-08-31,Maharashtra,Vodafone Idea,21727203.0,21603100.0,-124103.0,-0.5711871887053295,23.386969894690488
2024-08-31,Mumbai,BSNL,0.0,0.0,0.0,,0.0
2024-08-31,Mumbai,BSNL (VNO's),0.0,0.0,0.0,,0.0
2024-08-31,Mumbai,Bharti Airtel,10121680.0,10081363.0,-40317.0,-0.3983232032626994,29.656523575145957
2024-08-31,Mumbai,MTNL,227566.0,224744.0,-2822.0,-1.2400798010247576,0.6611333938052427
2024-08-31,Mumbai,Reliance Com.,0.0,0.0,0.0,,0.0
2024-08-31,Mumbai,Reliance Jio,13150628.0,12987614.0,-163014.0,-1.2395909913960004,38.20589346657746
2024-08-31,Mumbai,Vodafone Idea,10709628.0,10700024.0,-9604.0,-0.089676317422043,31.47644956447135
2024-08-31,North East,BSNL,1245260.0,1284846.0,39586.0,3.1789345196986973,10.19849766458161
2024-08-31,North East,BSNL (VNO's),0.0,0.0,0.0,,0.0
2024-08-31,North East,Bharti Airtel,6313850.0,6237710.0,-76140.0,-1.2059203180309954,49.51198109916469
2024-08-31,North East,MTNL,0.0,0.0,0.0,,0.0
2024-08-31,North East,Reliance Com.,0.0,0.0,0.0,,0.0
2024-08-31,North East,Reliance Jio,4379819.0,4381906.0,2087.0,0.0476503709399863,34.78148984969105
2024-08-31,North East,Vodafone Idea,710298.0,693923.0,-16375.0,-2.3053704219918965,5.508031386562643
2024-08-31,Odisha,BSNL,5392482.0,5452811.0,60329.0,1.1187612680023782,16.062641228664674
2024-08-31,Odisha,BSNL (VNO's),0.0,0.0,0.0,,0.0
2024-08-31,Odisha,Bharti Airtel,11637636.0,11482170.0,-155466.0,-1.3358898662924326,33.8236511840474
2024-08-31,Odisha,MTNL,0.0,0.0,0.0,,0.0
2024-08-31,Odisha,Reliance Com.,0.0,0.0,0.0,,0.0
2024-08-31,Odisha,Reliance Jio,15950256.0,15607868.0,-342388.0,-2.14659877559332,45.97694364032718
2024-08-31,Odisha,Vodafone Idea,1397177.0,1404314.0,7137.0,0.5108157377340166,4.136763946960752
2024-08-31,Punjab,BSNL,3908114.0,4088583.0,180469.0,4.617802858360836,11.69647579193346
2024-08-31,Punjab,BSNL (VNO's),0.0,0.0,0.0,,0.0
2024-08-31,Punjab,Bharti Airtel,12515326.0,12418200.0,-97126.0,-0.7760564926554849,35.52555388490049
2024-08-31,Punjab,MTNL,0.0,0.0,0.0,,0.0
2024-08-31,Punjab,Reliance Com.,0.0,0.0,0.0,,0.0
2024-08-31,Punjab,Reliance Jio,12134660.0,12131893.0,-2767.0,-0.0228024518198284,34.70649679481302
2024-08-31,Punjab,Vodafone Idea,6360326.0,6317007.0,-43319.0,-0.681081441422971,18.071473528353028
2024-08-31,Rajasthan,BSNL,5567277.0,5589613.0,22336.0,0.4012015209589895,8.488626730607612
2024-08-31,Rajasthan,BSNL (VNO's),0.0,0.0,0.0,,0.0
2024-08-31,Rajasthan,Bharti Airtel,23433054.0,23140674.0,-292380.0,-1.2477246883824873,35.14242289773488
2024-08-31,Rajasthan,MTNL,0.0,0.0,0.0,,0.0
2024-08-31,Rajasthan,Reliance Com.,0.0,0.0,0.0,,0.0
2024-08-31,Rajasthan,Reliance Jio,27158930.0,27092955.0,-65975.0,-0.2429219413283218,41.14452682576578
2024-08-31,Rajasthan,Vodafone Idea,10311213.0,10025018.0,-286195.0,-2.7755706336393207,15.22442354589172
2024-08-31,Tamil Nadu,BSNL,7506870.0,7734172.0,227302.0,3.027919758834241,9.877049180327868
2024-08-31,Tamil Nadu,BSNL (VNO's),203346.0,204460.0,1114.0,0.5478347250499149,0.2611089429365982
2024-08-31,Tamil Nadu,Bharti Airtel,29836739.0,29795754.0,-40985.0,-0.13736420726139,38.05114854220346
2024-08-31,Tamil Nadu,MTNL,0.0,0.0,0.0,,0.0
2024-08-31,Tamil Nadu,Reliance Com.,0.0,0.0,0.0,,0.0
2024-08-31,Tamil Nadu,Reliance Jio,25669296.0,25340156.0,-329140.0,-1.2822322824903338,32.36105520399344
2024-08-31,Tamil Nadu,Vodafone Idea,15333918.0,15229938.0,-103980.0,-0.6781045783602078,19.449638130538634
2024-08-31,U.P.(E),BSNL,7942489.0,8223052.0,280563.0,3.532431710009293,8.069459758924378
2024-08-31,U.P.(E),BSNL (VNO's),0.0,0.0,0.0,,0.0
2024-08-31,U.P.(E),Bharti Airtel,37038900.0,36548722.0,-490178.0,-1.3234140322741763,35.86605574415851
2024-08-31,U.P.(E),MTNL,0.0,0.0,0.0,,0.0
2024-08-31,U.P.(E),Reliance Com.,0.0,0.0,0.0,,0.0
2024-08-31,U.P.(E),Reliance Jio,40871703.0,40490160.0,-381543.0,-0.9335138298494682,39.73387457022156
2024-08-31,U.P.(E),Vodafone Idea,16917330.0,16641443.0,-275887.0,-1.6307951668496152,16.330609926695562
2024-08-31,U.P.(W),BSNL,4934399.0,5140253.0,205854.0,4.171815047790014,8.084675478067844
2024-08-31,U.P.(W),BSNL (VNO's),0.0,0.0,0.0,,0.0
2024-08-31,U.P.(W),Bharti Airtel,18918504.0,18822073.0,-96431.0,-0.509717893127279,29.60366970837872
2024-08-31,U.P.(W),MTNL,0.0,0.0,0.0,,0.0
2024-08-31,U.P.(W),Reliance Com.,0.0,0.0,0.0,,0.0
2024-08-31,U.P.(W),Reliance Jio,24686267.0,24431436.0,-254831.0,-1.0322783918686451,38.42616920279681
2024-08-31,U.P.(W),Vodafone Idea,15321425.0,15186440.0,-134985.0,-0.8810211843872224,23.885485610756632
2024-08-31,West Bengal,BSNL,2558072.0,2590529.0,32457.0,1.268807132871944,4.483289803825515
2024-08-31,West Bengal,BSNL (VNO's),0.0,0.0,0.0,,0.0
2024-08-31,West Bengal,Bharti Airtel,18254778.0,18109835.0,-144943.0,-0.7940003433621599,31.341721557435733
2024-08-31,West Bengal,MTNL,0.0,0.0,0.0,,0.0
2024-08-31,West Bengal,Reliance Com.,0.0,0.0,0.0,,0.0
2024-08-31,West Bengal,Reliance Jio,24530334.0,24501064.0,-29270.0,-0.1193216529379502,42.4026793037547
2024-08-31,West Bengal,Vodafone Idea,12749686.0,12580449.0,-169237.0,-1.3273817096358296,21.772309334984048
2024-09-30,Andhra Pradesh,BSNL,6855104.0,6748163.0,-106941.0,-1.5600200959752033,8.168958897268514
2024-09-30,Andhra Pradesh,BSNL (VNO's),0.0,0.0,0.0,,0.0
2024-09-30,Andhra Pradesh,Bharti Airtel,33802351.0,33608237.0,-194114.0,-0.5742618316696374,40.68430277434894
2024-09-30,Andhra Pradesh,MTNL,0.0,0.0,0.0,,0.0
2024-09-30,Andhra Pradesh,Reliance Com.,0.0,0.0,0.0,,0.0
2024-09-30,Andhra Pradesh,Reliance Jio,32570216.0,31933802.0,-636414.0,-1.9539753743113035,38.6573228849853
2024-09-30,Andhra Pradesh,Vodafone Idea,10457668.0,10317179.0,-140489.0,-1.3434065797460772,12.489415443397244
2024-09-30,Assam,BSNL,2993033.0,2963211.0,-29822.0,-0.9963805945340396,11.403376713877057
2024-09-30,Assam,BSNL (VNO's),0.0,0.0,0.0,,0.0
2024-09-30,Assam,Bharti Airtel,11863283.0,11754115.0,-109168.0,-0.9202174473963068,45.23356631817073
2024-09-30,Assam,MTNL,0.0,0.0,0.0,,0.0
2024-09-30,Assam,Reliance Com.,0.0,0.0,0.0,,0.0
2024-09-30,Assam,Reliance Jio,9872296.0,9796756.0,-75540.0,-0.7651715467202361,37.70102744689303
2024-09-30,Assam,Vodafone Idea,1485672.0,1471300.0,-14372.0,-0.9673736867895472,5.662029521059186
2024-09-30,Bihar,BSNL,5849336.0,6022905.0,173569.0,2.9673282574295614,6.363430425091993
2024-09-30,Bihar,BSNL (VNO's),0.0,0.0,0.0,,0.0
2024-09-30,Bihar,Bharti Airtel,40599123.0,40272539.0,-326584.0,-0.8044114647501129,42.54948400619034
2024-09-30,Bihar,MTNL,0.0,0.0,0.0,,0.0
2024-09-30,Bihar,Reliance Com.,0.0,0.0,0.0,,0.0
2024-09-30,Bihar,Reliance Jio,41122293.0,40831802.0,-290491.0,-0.7064075925921738,43.14036684260039
2024-09-30,Bihar,Vodafone Idea,7564756.0,7521467.0,-43289.0,-0.5722458199577092,7.94671872611728
2024-09-30,Delhi,BSNL,0.0,0.0,0.0,,0.0
2024-09-30,Delhi,BSNL (VNO's),0.0,0.0,0.0,,0.0
2024-09-30,Delhi,Bharti Airtel,18330214.0,18343793.0,13579.0,0.0740798770816314,32.45745749642317
2024-09-30,Delhi,MTNL,1684274.0,1684335.0,61.0,0.00362173850573,2.9802577728737947
2024-09-30,Delhi,Reliance Com.,0.0,0.0,0.0,,0.0
2024-09-30,Delhi,Reliance Jio,20218058.0,19743455.0,-474603.0,-2.3474213003049056,34.93401563651767
2024-09-30,Delhi,Vodafone Idea,16753908.0,16744837.0,-9071.0,-0.0541425916866679,29.628269094185374
2024-09-30,Gujarat,BSNL,3130938.0,3262611.0,131673.0,4.205544792008018,5.01249493736031
2024-09-30,Gujarat,BSNL (VNO's),0.0,0.0,0.0,,0.0
2024-09-30,Gujarat,Bharti Airtel,11966970.0,12046106.0,79136.0,0.6612868587453633,18.506970441743025
2024-09-30,Gujarat,MTNL,0.0,0.0,0.0,,0.0
2024-09-30,Gujarat,Reliance Com.,0.0,0.0,0.0,,0.0
2024-09-30,Gujarat,Reliance Jio,30579662.0,29672226.0,-907436.0,-2.967449411311348,45.58676550934542
2024-09-30,Gujarat,Vodafone Idea,20219824.0,20108619.0,-111205.0,-0.5499800591736109,30.89376911155125
2024-09-30,Haryana,BSNL,4115406.0,4090143.0,-25263.0,-0.6138640999211256,15.641842477315054
2024-09-30,Haryana,BSNL (VNO's),0.0,0.0,0.0,,0.0
2024-09-30,Haryana,Bharti Airtel,7060416.0,7041795.0,-18621.0,-0.2637380007070405,26.929779263841088
2024-09-30,Haryana,MTNL,0.0,0.0,0.0,,0.0
2024-09-30,Haryana,Reliance Com.,0.0,0.0,0.0,,0.0
2024-09-30,Haryana,Reliance Jio,8693206.0,8417076.0,-276130.0,-3.176388549862962,32.18923566036422
2024-09-30,Haryana,Vodafone Idea,6646717.0,6599715.0,-47002.0,-0.707146099344985,25.23914259847964
2024-09-30,Himachal Pradesh,BSNL,1625405.0,1648951.0,23546.0,1.448623573816987,18.66431942764373
2024-09-30,Himachal Pradesh,BSNL (VNO's),0.0,0.0,0.0,,0.0
2024-09-30,Himachal Pradesh,Bharti Airtel,3572415.0,3543951.0,-28464.0,-0.7967719315924943,40.11364406820909
2024-09-30,Himachal Pradesh,MTNL,0.0,0.0,0.0,,0.0
2024-09-30,Himachal Pradesh,Reliance Com.,0.0,0.0,0.0,,0.0
2024-09-30,Himachal Pradesh,Reliance Jio,3320829.0,3257181.0,-63648.0,-1.916629853569696,36.86772173196901
2024-09-30,Himachal Pradesh,Vodafone Idea,386325.0,384694.0,-1631.0,-0.4221833948100692,4.354314772178177
2024-09-30,J&K,BSNL,895434.0,918356.0,22922.0,2.5598759930938515,7.432901976660671
2024-09-30,J&K,BSNL (VNO's),0.0,0.0,0.0,,0.0
2024-09-30,J&K,Bharti Airtel,6112285.0,6101622.0,-10663.0,-0.1744519439129556,49.38472468698003
2024-09-30,J&K,MTNL,0.0,0.0,0.0,,0.0
2024-09-30,J&K,Reliance Com.,0.0,0.0,0.0,,0.0
2024-09-30,J&K,Reliance Jio,5255606.0,5064598.0,-191008.0,-3.634366807557492,40.99135899933324
2024-09-30,J&K,Vodafone Idea,277240.0,270706.0,-6534.0,-2.356802770163036,2.191014337026059
2024-09-30,Karnataka,BSNL,4511626.0,4505377.0,-6249.0,-0.1385088214315636,6.725747476286744
2024-09-30,Karnataka,BSNL (VNO's),0.0,0.0,0.0,,0.0
2024-09-30,Karnataka,Bharti Airtel,32236966.0,32032297.0,-204669.0,-0.6348891517892844,47.81867104737682
2024-09-30,Karnataka,MTNL,0.0,0.0,0.0,,0.0
2024-09-30,Karnataka,Reliance Com.,0.0,0.0,0.0,,0.0
2024-09-30,Karnataka,Reliance Jio,24298893.0,24050978.0,-247915.0,-1.0202728165435355,35.9039442394561
2024-09-30,Karnataka,Vodafone Idea,6344325.0,6398356.0,54031.0,0.8516430037868488,9.55163723688032
2024-09-30,Kerala,BSNL,8678415.0,8705813.0,27398.0,0.315702809787271,20.983648575678348
2024-09-30,Kerala,BSNL (VNO's),0.0,0.0,0.0,,0.0
2024-09-30,Kerala,Bharti Airtel,8761014.0,8765522.0,4508.0,0.051455231095396,21.12756536699987
2024-09-30,Kerala,MTNL,0.0,0.0,0.0,,0.0
2024-09-30,Kerala,Reliance Com.,0.0,0.0,0.0,,0.0
2024-09-30,Kerala,Reliance Jio,10974715.0,10777151.0,-197564.0,-1.800174309765675,25.97620110046247
2024-09-30,Kerala,Vodafone Idea,13303055.0,13240071.0,-62984.0,-0.4734551574807441,31.91258495685931
2024-09-30,Kolkata,BSNL,1615508.0,1520952.0,-94556.0,-5.853019607454745,6.6807624514718
2024-09-30,Kolkata,BSNL (VNO's),0.0,0.0,0.0,,0.0
2024-09-30,Kolkata,Bharti Airtel,5538557.0,5446548.0,-92009.0,-1.6612449777080924,23.923893304021973
2024-09-30,Kolkata,MTNL,0.0,0.0,0.0,,0.0
2024-09-30,Kolkata,Reliance Com.,0.0,0.0,0.0,,0.0
2024-09-30,Kolkata,Reliance Jio,10912480.0,10674262.0,-238218.0,-2.182986818761638,46.886561026759736
2024-09-30,Kolkata,Vodafone Idea,5161501.0,5124382.0,-37119.0,-0.7191512701440919,22.50878321774649
2024-09-30,Madhya Pradesh,BSNL,5028617.0,5103966.0,75349.0,1.4984040343498024,6.369114639623572
2024-09-30,Madhya Pradesh,BSNL (VNO's),0.0,0.0,0.0,,0.0
2024-09-30,Madhya Pradesh,Bharti Airtel,16223521.0,16194135.0,-29386.0,-0.1811320736109011,20.20826594545114
2024-09-30,Madhya Pradesh,MTNL,0.0,0.0,0.0,,0.0
2024-09-30,Madhya Pradesh,Reliance Com.,0.0,0.0,0.0,,0.0
2024-09-30,Madhya Pradesh,Reliance Jio,44053945.0,44011162.0,-42783.0,-0.097115025680447,54.92045523050989
2024-09-30,Madhya Pradesh,Vodafone Idea,15025854.0,14826930.0,-198924.0,-1.323878163597224,18.5021641844154
2024-09-30,Maharashtra,BSNL,5643171.0,5755259.0,112088.0,1.986259144016724,6.263685823304859
2024-09-30,Maharashtra,BSNL (VNO's),0.0,0.0,0.0,,0.0
2024-09-30,Maharashtra,Bharti Airtel,22213479.0,22167747.0,-45732.0,-0.2058750004895676,24.126073669057952
2024-09-30,Maharashtra,MTNL,0.0,0.0,0.0,,0.0
2024-09-30,Maharashtra,Reliance Com.,0.0,0.0,0.0,,0.0
2024-09-30,Maharashtra,Reliance Jio,42912627.0,42505258.0,-407369.0,-0.9492986761215992,46.26022598644395
2024-09-30,Maharashtra,Vodafone Idea,21603100.0,21454681.0,-148419.0,-0.687026398989034,23.35001452119324
2024-09-30,Mumbai,BSNL,0.0,0.0,0.0,,0.0
2024-09-30,Mumbai,BSNL (VNO's),0.0,0.0,0.0,,0.0
2024-09-30,Mumbai,Bharti Airtel,10081363.0,10037605.0,-43758.0,-0.4340484515833821,29.708124686810088
2024-09-30,Mumbai,MTNL,224744.0,222576.0,-2168.0,-0.9646531164346992,0.6587543104447169
2024-09-30,Mumbai,Reliance Com.,0.0,0.0,0.0,,0.0
2024-09-30,Mumbai,Reliance Jio,12987614.0,12807250.0,-180364.0,-1.388738531958218,37.90539475254789
2024-09-30,Mumbai,Vodafone Idea,10700024.0,10719976.0,19952.0,0.1864668714761761,31.727726250197303
2024-09-30,North East,BSNL,1284846.0,1288485.0,3639.0,0.2832246043494706,10.3814797080196
2024-09-30,North East,BSNL (VNO's),0.0,0.0,0.0,,0.0
2024-09-30,North East,Bharti Airtel,6237710.0,6220020.0,-17690.0,-0.2835976664513098,50.11545451710813
2024-09-30,North East,MTNL,0.0,0.0,0.0,,0.0
2024-09-30,North East,Reliance Com.,0.0,0.0,0.0,,0.0
2024-09-30,North East,Reliance Jio,4381906.0,4216092.0,-165814.0,-3.784061091223773,33.969563902679326
2024-09-30,North East,Vodafone Idea,693923.0,686784.0,-7139.0,-1.028788496706407,5.533501872192949
2024-09-30,Odisha,BSNL,5452811.0,5514987.0,62176.0,1.140255915710264,16.1821763485213
2024-09-30,Odisha,BSNL (VNO's),0.0,0.0,0.0,,0.0
2024-09-30,Odisha,Bharti Airtel,11482170.0,11713511.0,231341.0,2.014784661784314,34.369999541675085
2024-09-30,Odisha,MTNL,0.0,0.0,0.0,,0.0
2024-09-30,Odisha,Reliance Com.,0.0,0.0,0.0,,0.0
2024-09-30,Odisha,Reliance Jio,15607868.0,15446786.0,-161082.0,-1.0320563961714693,45.324243750686975
2024-09-30,Odisha,Vodafone Idea,1404314.0,1405342.0,1028.0,0.0732030016079025,4.123580359116643
2024-09-30,Punjab,BSNL,4088583.0,4149718.0,61135.0,1.4952613166957844,12.12936640828094
2024-09-30,Punjab,BSNL (VNO's),0.0,0.0,0.0,,0.0
2024-09-30,Punjab,Bharti Airtel,12418200.0,12343209.0,-74991.0,-0.6038797893414504,36.07842861008651
2024-09-30,Punjab,MTNL,0.0,0.0,0.0,,0.0
2024-09-30,Punjab,Reliance Com.,0.0,0.0,0.0,,0.0
2024-09-30,Punjab,Reliance Jio,12131893.0,11452678.0,-679215.0,-5.598590426077777,33.475462144188626
2024-09-30,Punjab,Vodafone Idea,6317007.0,6266553.0,-50454.0,-0.7987010304088629,18.31674283744393
2024-09-30,Rajasthan,BSNL,5589613.0,5607144.0,17531.0,0.3136353089203134,8.657580501387493
2024-09-30,Rajasthan,BSNL (VNO's),0.0,0.0,0.0,,0.0
2024-09-30,Rajasthan,Bharti Airtel,23140674.0,23013606.0,-127068.0,-0.5491110587358,35.53362399328682
2024-09-30,Rajasthan,MTNL,0.0,0.0,0.0,,0.0
2024-09-30,Rajasthan,Reliance Com.,0.0,0.0,0.0,,0.0
2024-09-30,Rajasthan,Reliance Jio,27092955.0,26359937.0,-733018.0,-2.705566816170477,40.70044867565426
2024-09-30,Rajasthan,Vodafone Idea,10025018.0,9785029.0,-239989.0,-2.393900938631732,15.108346829671426
2024-09-30,Tamil Nadu,BSNL,7734172.0,7823388.0,89216.0,1.1535300740661054,10.057750066005934
2024-09-30,Tamil Nadu,BSNL (VNO's),204460.0,204747.0,287.0,0.1403697544752029,0.2632228074032014
2024-09-30,Tamil Nadu,Bharti Airtel,29795754.0,29721923.0,-73831.0,-0.2477903395228729,38.21051352880278
2024-09-30,Tamil Nadu,MTNL,0.0,0.0,0.0,,0.0
2024-09-30,Tamil Nadu,Reliance Com.,0.0,0.0,0.0,,0.0
2024-09-30,Tamil Nadu,Reliance Jio,25340156.0,24888813.0,-451343.0,-1.7811374168335825,31.99706579726832
2024-09-30,Tamil Nadu,Vodafone Idea,15229938.0,15145802.0,-84136.0,-0.5524382305430264,19.471447800519776
2024-09-30,U.P.(E),BSNL,8223052.0,8297577.0,74525.0,0.9062936729574372,8.191632082866345
2024-09-30,U.P.(E),BSNL (VNO's),0.0,0.0,0.0,,0.0
2024-09-30,U.P.(E),Bharti Airtel,36548722.0,36304870.0,-243852.0,-0.6671970636893951,35.8413230580797
2024-09-30,U.P.(E),MTNL,0.0,0.0,0.0,,0.0
2024-09-30,U.P.(E),Reliance Com.,0.0,0.0,0.0,,0.0
2024-09-30,U.P.(E),Reliance Jio,40490160.0,40173383.0,-316777.0,-0.7823555155129048,39.66044220621
2024-09-30,U.P.(E),Vodafone Idea,16641443.0,16517501.0,-123942.0,-0.7447791636818994,16.306602652843946
2024-09-30,U.P.(W),BSNL,5140253.0,5286252.0,145999.0,2.8403076657899917,8.407916234043853
2024-09-30,U.P.(W),BSNL (VNO's),0.0,0.0,0.0,,0.0
2024-09-30,U.P.(W),Bharti Airtel,18822073.0,18783592.0,-38481.0,-0.2044461308804827,29.875773631385005
2024-09-30,U.P.(W),MTNL,0.0,0.0,0.0,,0.0
2024-09-30,U.P.(W),Reliance Com.,0.0,0.0,0.0,,0.0
2024-09-30,U.P.(W),Reliance Jio,24431436.0,23803581.0,-627855.0,-2.569865316144332,37.8601918936664
2024-09-30,U.P.(W),Vodafone Idea,15186440.0,14998895.0,-187545.0,-1.2349503899531424,23.856118240904745
2024-09-30,West Bengal,BSNL,2590529.0,2681800.0,91271.0,3.5232572188923577,4.699214688997253
2024-09-30,West Bengal,BSNL (VNO's),0.0,0.0,0.0,,0.0
2024-09-30,West Bengal,Bharti Airtel,18109835.0,18025740.0,-84095.0,-0.46436093978769,31.58580885526338
2024-09-30,West Bengal,MTNL,0.0,0.0,0.0,,0.0
2024-09-30,West Bengal,Reliance Com.,0.0,0.0,0.0,,0.0
2024-09-30,West Bengal,Reliance Jio,24501064.0,23895866.0,-605198.0,-2.470088645946152,41.871804203710205
2024-09-30,West Bengal,Vodafone Idea,12580449.0,12465704.0,-114745.0,-0.9120898626114218,21.843172252029163
2024-10-31,Andhra Pradesh,BSNL,6748163.0,6747075.0,-1088.0,-0.016122906337621,8.192738521547822
2024-10-31,Andhra Pradesh,BSNL (VNO's),0.0,0.0,0.0,,0.0
2024-10-31,Andhra Pradesh,Bharti Airtel,33608237.0,33741507.0,133270.0,0.3965396935281074,40.97113848207935
2024-10-31,Andhra Pradesh,MTNL,0.0,0.0,0.0,,0.0
2024-10-31,Andhra Pradesh,Reliance Com.,0.0,0.0,0.0,,0.0
2024-10-31,Andhra Pradesh,Reliance Jio,31933802.0,31642502.0,-291300.0,-0.9121995558186275,38.42238971014166
2024-10-31,Andhra Pradesh,Vodafone Idea,10317179.0,10223247.0,-93932.0,-0.910442670423766,12.413733286231174
2024-10-31,Assam,BSNL,2963211.0,2984559.0,21348.0,0.7204346906109622,11.45665416727989
2024-10-31,Assam,BSNL (VNO's),0.0,0.0,0.0,,0.0
2024-10-31,Assam,Bharti Airtel,11754115.0,11890497.0,136382.0,1.1602915234366855,45.643363728470106
2024-10-31,Assam,MTNL,0.0,0.0,0.0,,0.0
2024-10-31,Assam,Reliance Com.,0.0,0.0,0.0,,0.0
2024-10-31,Assam,Reliance Jio,9796756.0,9710611.0,-86145.0,-0.8793216856681947,37.275561307377046
2024-10-31,Assam,Vodafone Idea,1471300.0,1465211.0,-6089.0,-0.4138516957792428,5.62442079687295
2024-10-31,Bihar,BSNL,6022905.0,6049430.0,26525.0,0.4404020983229853,6.406002038550144
2024-10-31,Bihar,BSNL (VNO's),0.0,0.0,0.0,,0.0
2024-10-31,Bihar,Bharti Airtel,40272539.0,40526286.0,253747.0,0.6300745031248216,42.91503013190766
2024-10-31,Bihar,MTNL,0.0,0.0,0.0,,0.0
2024-10-31,Bihar,Reliance Com.,0.0,0.0,0.0,,0.0
2024-10-31,Bihar,Reliance Jio,40831802.0,40364110.0,-467692.0,-1.1454111185198244,42.743294978909134
2024-10-31,Bihar,Vodafone Idea,7521467.0,7493956.0,-27511.0,-0.3657664123235534,7.93567285063305
2024-10-31,Delhi,BSNL,0.0,0.0,0.0,,0.0
2024-10-31,Delhi,BSNL (VNO's),0.0,0.0,0.0,,0.0
2024-10-31,Delhi,Bharti Airtel,18343793.0,18407951.0,64158.0,0.3497531835427929,32.59422381646159
2024-10-31,Delhi,MTNL,1684335.0,1684424.0,89.0,0.0052839844805219,2.982542318687153
2024-10-31,Delhi,Reliance Com.,0.0,0.0,0.0,,0.0
2024-10-31,Delhi,Reliance Jio,19743455.0,19608802.0,-134653.0,-0.6820133558184218,34.7205227328495
2024-10-31,Delhi,Vodafone Idea,16744837.0,16774937.0,30100.0,0.1797569005897161,29.702711132001756
2024-10-31,Gujarat,BSNL,3262611.0,3321146.0,58535.0,1.7941152040497623,5.0969608516133045
2024-10-31,Gujarat,BSNL (VNO's),0.0,0.0,0.0,,0.0
2024-10-31,Gujarat,Bharti Airtel,12046106.0,12183652.0,137546.0,1.141829567164692,18.698243700722625
2024-10-31,Gujarat,MTNL,0.0,0.0,0.0,,0.0
2024-10-31,Gujarat,Reliance Com.,0.0,0.0,0.0,,0.0
2024-10-31,Gujarat,Reliance Jio,29672226.0,29689509.0,17283.0,0.0582463883902744,45.56447234678056
2024-10-31,Gujarat,Vodafone Idea,20108619.0,19965032.0,-143587.0,-0.7140569921783292,30.640323100883517
2024-10-31,Haryana,BSNL,4090143.0,4134037.0,43894.0,1.0731654125540355,15.87539744780885
2024-10-31,Haryana,BSNL (VNO's),0.0,0.0,0.0,,0.0
2024-10-31,Haryana,Bharti Airtel,7041795.0,7099729.0,57934.0,0.8227163670626595,27.26415357354917
2024-10-31,Haryana,MTNL,0.0,0.0,0.0,,0.0
2024-10-31,Haryana,Reliance Com.,0.0,0.0,0.0,,0.0
2024-10-31,Haryana,Reliance Jio,8417076.0,8292980.0,-124096.0,-1.4743362184207438,31.84643812494417
2024-10-31,Haryana,Vodafone Idea,6599715.0,6513780.0,-85935.0,-1.3021016816635265,25.01401085369781
2024-10-31,Himachal Pradesh,BSNL,1648951.0,1649665.0,714.0,0.0433002557383451,18.75322777328177
2024-10-31,Himachal Pradesh,BSNL (VNO's),0.0,0.0,0.0,,0.0
2024-10-31,Himachal Pradesh,Bharti Airtel,3543951.0,3542799.0,-1152.0,-0.0325060927761134,40.27418694217001
2024-10-31,Himachal Pradesh,MTNL,0.0,0.0,0.0,,0.0
2024-10-31,Himachal Pradesh,Reliance Com.,0.0,0.0,0.0,,0.0
2024-10-31,Himachal Pradesh,Reliance Jio,3257181.0,3222401.0,-34780.0,-1.067794513108114,36.63193431990796
2024-10-31,Himachal Pradesh,Vodafone Idea,384694.0,381834.0,-2860.0,-0.7434480392207833,4.3406509646402585
2024-10-31,J&K,BSNL,918356.0,924203.0,5847.0,0.6366811998832698,7.547975263433036
2024-10-31,J&K,BSNL (VNO's),0.0,0.0,0.0,,0.0
2024-10-31,J&K,Bharti Airtel,6101622.0,6101786.0,164.0,0.002687809897106,49.83334807478662
2024-10-31,J&K,MTNL,0.0,0.0,0.0,,0.0
2024-10-31,J&K,Reliance Com.,0.0,0.0,0.0,,0.0
2024-10-31,J&K,Reliance Jio,5064598.0,4949994.0,-114604.0,-2.262844948404592,40.42665114281381
2024-10-31,J&K,Vodafone Idea,270706.0,268400.0,-2306.0,-0.8518466528263133,2.1920255189665334
2024-10-31,Karnataka,BSNL,4505377.0,4550894.0,45517.0,1.010281714493593,6.775048328612772
2024-10-31,Karnataka,BSNL (VNO's),0.0,0.0,0.0,,0.0
2024-10-31,Karnataka,Bharti Airtel,32032297.0,32164155.0,131858.0,0.4116407886702599,47.88371352397839
2024-10-31,Karnataka,MTNL,0.0,0.0,0.0,,0.0
2024-10-31,Karnataka,Reliance Com.,0.0,0.0,0.0,,0.0
2024-10-31,Karnataka,Reliance Jio,24050978.0,24043176.0,-7802.0,-0.032439429282252,35.79377576655108
2024-10-31,Karnataka,Vodafone Idea,6398356.0,6413163.0,14807.0,0.2314188207095698,9.547462380857755
2024-10-31,Kerala,BSNL,8705813.0,8703442.0,-2371.0,-0.0272346764167803,21.047845056066816
2024-10-31,Kerala,BSNL (VNO's),0.0,0.0,0.0,,0.0
2024-10-31,Kerala,Bharti Airtel,8765522.0,8825708.0,60186.0,0.6866219718574661,21.343525296553864
2024-10-31,Kerala,MTNL,0.0,0.0,0.0,,0.0
2024-10-31,Kerala,Reliance Com.,0.0,0.0,0.0,,0.0
2024-10-31,Kerala,Reliance Jio,10777151.0,10684182.0,-92969.0,-0.8626491361214109,25.837939436698505
2024-10-31,Kerala,Vodafone Idea,13240071.0,13137419.0,-102652.0,-0.7753130628982277,31.77069021068082
2024-10-31,Kolkata,BSNL,1520952.0,1545662.0,24710.0,1.624640356829144,6.810926251017952
2024-10-31,Kolkata,BSNL (VNO's),0.0,0.0,0.0,,0.0
2024-10-31,Kolkata,Bharti Airtel,5446548.0,5469883.0,23335.0,0.4284365069398084,24.102921411470827
2024-10-31,Kolkata,MTNL,0.0,0.0,0.0,,0.0
2024-10-31,Kolkata,Reliance Com.,0.0,0.0,0.0,,0.0
2024-10-31,Kolkata,Reliance Jio,10674262.0,10612514.0,-61748.0,-0.5784755892257469,46.76381394631913
2024-10-31,Kolkata,Vodafone Idea,5124382.0,5065800.0,-58582.0,-1.1432012679772898,22.322338391192083
2024-10-31,Madhya Pradesh,BSNL,5103966.0,5136269.0,32303.0,0.632899984051618,6.475870073818027
2024-10-31,Madhya Pradesh,BSNL (VNO's),0.0,0.0,0.0,,0.0
2024-10-31,Madhya Pradesh,Bharti Airtel,16194135.0,16408516.0,214381.0,1.323818777600656,20.68805541924776
2024-10-31,Madhya Pradesh,MTNL,0.0,0.0,0.0,,0.0
2024-10-31,Madhya Pradesh,Reliance Com.,0.0,0.0,0.0,,0.0
2024-10-31,Madhya Pradesh,Reliance Jio,44011162.0,43289681.0,-721481.0,-1.6393136813792828,54.58015335509663
2024-10-31,Madhya Pradesh,Vodafone Idea,14826930.0,14479494.0,-347436.0,-2.34327672687468,18.255921151837583
2024-10-31,Maharashtra,BSNL,5755259.0,5777662.0,22403.0,0.3892613694709482,6.325659929028688
2024-10-31,Maharashtra,BSNL (VNO's),0.0,0.0,0.0,,0.0
2024-10-31,Maharashtra,Bharti Airtel,22167747.0,22377901.0,210154.0,0.9480169545421102,24.500393351405982
2024-10-31,Maharashtra,MTNL,0.0,0.0,0.0,,0.0
2024-10-31,Maharashtra,Reliance Com.,0.0,0.0,0.0,,0.0
2024-10-31,Maharashtra,Reliance Jio,42505258.0,41977346.0,-527912.0,-1.2419922259970757,45.958800552744805
2024-10-31,Maharashtra,Vodafone Idea,21454681.0,21203996.0,-250685.0,-1.1684396519342328,23.21514616682052
2024-10-31,Mumbai,BSNL,0.0,0.0,0.0,,0.0
2024-10-31,Mumbai,BSNL (VNO's),0.0,0.0,0.0,,0.0
2024-10-31,Mumbai,Bharti Airtel,10037605.0,10067105.0,29500.0,0.2938948085723636,29.68834084631916
2024-10-31,Mumbai,MTNL,222576.0,220214.0,-2362.0,-1.0612105527999425,0.6494208902292493
2024-10-31,Mumbai,Reliance Com.,0.0,0.0,0.0,,0.0
2024-10-31,Mumbai,Reliance Jio,12807250.0,12911173.0,103923.0,0.811438833473228,38.07562400012646
2024-10-31,Mumbai,Vodafone Idea,10719976.0,10710796.0,-9180.0,-0.0856345200772837,31.586614263325146
2024-10-31,North East,BSNL,1288485.0,1292344.0,3859.0,0.2994990240476218,10.421950850517716
2024-10-31,North East,BSNL (VNO's),0.0,0.0,0.0,,0.0
2024-10-31,North East,Bharti Airtel,6220020.0,6267645.0,47625.0,0.7656727791872052,50.54466004290894
2024-10-31,North East,MTNL,0.0,0.0,0.0,,0.0
2024-10-31,North East,Reliance Com.,0.0,0.0,0.0,,0.0
2024-10-31,North East,Reliance Jio,4216092.0,4161863.0,-54229.0,-1.286238535591728,33.56283747406899
2024-10-31,North East,Vodafone Idea,686784.0,678360.0,-8424.0,-1.226586525020967,5.470551632504347
2024-10-31,Odisha,BSNL,5514987.0,5548276.0,33289.0,0.6036097637220178,16.264038394353765
2024-10-31,Odisha,BSNL (VNO's),0.0,0.0,0.0,,0.0
2024-10-31,Odisha,Bharti Airtel,11713511.0,11745462.0,31951.0,0.2727704784671308,34.43027075931752
2024-10-31,Odisha,MTNL,0.0,0.0,0.0,,0.0
2024-10-31,Odisha,Reliance Com.,0.0,0.0,0.0,,0.0
2024-10-31,Odisha,Reliance Jio,15446786.0,15431011.0,-15775.0,-0.1021248044738886,45.23397094299117
2024-10-31,Odisha,Vodafone Idea,1405342.0,1389017.0,-16325.0,-1.1616389462493828,4.071719903337556
2024-10-31,Punjab,BSNL,4149718.0,4192814.0,43096.0,1.0385284012070215,12.2964539389389
2024-10-31,Punjab,BSNL (VNO's),0.0,0.0,0.0,,0.0
2024-10-31,Punjab,Bharti Airtel,12343209.0,12413856.0,70647.0,0.5723552116795559,36.406673062201264
2024-10-31,Punjab,MTNL,0.0,0.0,0.0,,0.0
2024-10-31,Punjab,Reliance Com.,0.0,0.0,0.0,,0.0
2024-10-31,Punjab,Reliance Jio,11452678.0,11285463.0,-167215.0,-1.4600515268132048,33.097384229087965
2024-10-31,Punjab,Vodafone Idea,6266553.0,6205616.0,-60937.0,-0.9724165741516908,18.19948876977187
2024-10-31,Rajasthan,BSNL,5607144.0,5602409.0,-4735.0,-0.0844458426607199,8.682401236139857
2024-10-31,Rajasthan,BSNL (VNO's),0.0,0.0,0.0,,0.0
2024-10-31,Rajasthan,Bharti Airtel,23013606.0,23092425.0,78819.0,0.3424886999455887,35.78776547115124
2024-10-31,Rajasthan,MTNL,0.0,0.0,0.0,,0.0
2024-10-31,Rajasthan,Reliance Com.,0.0,0.0,0.0,,0.0
2024-10-31,Rajasthan,Reliance Jio,26359937.0,26244976.0,-114961.0,-0.4361201621991737,40.67346958511256
2024-10-31,Rajasthan,Vodafone Idea,9785029.0,9586222.0,-198807.0,-2.0317466611493944,14.85636370759634
2024-10-31,Tamil Nadu,BSNL,7823388.0,7797945.0,-25443.0,-0.3252171565567245,10.053659821642071
2024-10-31,Tamil Nadu,BSNL (VNO's),204747.0,206894.0,2147.0,1.0486112128627036,0.2667423141787759
2024-10-31,Tamil Nadu,Bharti Airtel,29721923.0,29862485.0,140562.0,0.4729236395639676,38.50081856423572
2024-10-31,Tamil Nadu,MTNL,0.0,0.0,0.0,,0.0
2024-10-31,Tamil Nadu,Reliance Com.,0.0,0.0,0.0,,0.0
2024-10-31,Tamil Nadu,Reliance Jio,24888813.0,24611519.0,-277294.0,-1.1141310756764495,31.73090342646434
2024-10-31,Tamil Nadu,Vodafone Idea,15145802.0,15084404.0,-61398.0,-0.405379655696014,19.4478758734791
2024-10-31,U.P.(E),BSNL,8297577.0,8373386.0,75809.0,0.9136281591601982,8.298933857672006
2024-10-31,U.P.(E),BSNL (VNO's),0.0,0.0,0.0,,0.0
2024-10-31,U.P.(E),Bharti Airtel,36304870.0,36229144.0,-75726.0,-0.2085835867199083,35.907011784250074
2024-10-31,U.P.(E),MTNL,0.0,0.0,0.0,,0.0
2024-10-31,U.P.(E),Reliance Com.,0.0,0.0,0.0,,0.0
2024-10-31,U.P.(E),Reliance Jio,40173383.0,39975868.0,-197515.0,-0.4916563785529339,39.620421706944704
2024-10-31,U.P.(E),Vodafone Idea,16517501.0,16318731.0,-198770.0,-1.2033902707195236,16.173632651133214
2024-10-31,U.P.(W),BSNL,5286252.0,5343136.0,56884.0,1.0760743150345462,8.548013447764264
2024-10-31,U.P.(W),BSNL (VNO's),0.0,0.0,0.0,,0.0
2024-10-31,U.P.(W),Bharti Airtel,18783592.0,18802873.0,19281.0,0.1026480984041817,30.08106311735348
2024-10-31,U.P.(W),MTNL,0.0,0.0,0.0,,0.0
2024-10-31,U.P.(W),Reliance Com.,0.0,0.0,0.0,,0.0
2024-10-31,U.P.(W),Reliance Jio,23803581.0,23541401.0,-262180.0,-1.1014309149535106,37.66181739098744
2024-10-31,U.P.(W),Vodafone Idea,14998895.0,14819932.0,-178963.0,-1.1931745638595377,23.709106043894813
2024-10-31,West Bengal,BSNL,2681800.0,2721928.0,40128.0,1.4963084495488106,4.7772004482262815
2024-10-31,West Bengal,BSNL (VNO's),0.0,0.0,0.0,,0.0
2024-10-31,West Bengal,Bharti Airtel,18025740.0,18189381.0,163641.0,0.907818486231356,31.92381248370957
2024-10-31,West Bengal,MTNL,0.0,0.0,0.0,,0.0
2024-10-31,West Bengal,Reliance Com.,0.0,0.0,0.0,,0.0
2024-10-31,West Bengal,Reliance Jio,23895866.0,23768148.0,-127718.0,-0.5344773861721521,41.71499293115344
2024-10-31,West Bengal,Vodafone Idea,12465704.0,12298014.0,-167690.0,-1.3452108280446895,21.583994136910707
2024-11-30,Andhra Pradesh,BSNL,6747075.0,6799880.0,52805.0,0.782635438319568,8.257482865693909
2024-11-30,Andhra Pradesh,BSNL (VNO's),0.0,0.0,0.0,,0.0
2024-11-30,Andhra Pradesh,Bharti Airtel,33741507.0,33686681.0,-54826.0,-0.1624882966845553,40.90766177632496
2024-11-30,Andhra Pradesh,MTNL,0.0,0.0,0.0,,0.0
2024-11-30,Andhra Pradesh,Reliance Com.,0.0,0.0,0.0,,0.0
2024-11-30,Andhra Pradesh,Reliance Jio,31642502.0,31722937.0,80435.0,0.2541992412610103,38.522975218237285
2024-11-30,Andhra Pradesh,Vodafone Idea,10223247.0,10138599.0,-84648.0,-0.8279952543453172,12.311880139743849
2024-11-30,Assam,BSNL,2984559.0,2990873.0,6314.0,0.2115555430467282,11.490965569861023
2024-11-30,Assam,BSNL (VNO's),0.0,0.0,0.0,,0.0
2024-11-30,Assam,Bharti Airtel,11890497.0,11886126.0,-4371.0,-0.0367604482806732,45.66662129252227
2024-11-30,Assam,MTNL,0.0,0.0,0.0,,0.0
2024-11-30,Assam,Reliance Com.,0.0,0.0,0.0,,0.0
2024-11-30,Assam,Reliance Jio,9710611.0,9714678.0,4067.0,0.041882019576317,37.32389520393757
2024-11-30,Assam,Vodafone Idea,1465211.0,1436362.0,-28849.0,-1.9689314371786728,5.518517933679138
2024-11-30,Bihar,BSNL,6049430.0,5977315.0,-72115.0,-1.192095784230911,6.322702152352505
2024-11-30,Bihar,BSNL (VNO's),0.0,0.0,0.0,,0.0
2024-11-30,Bihar,Bharti Airtel,40526286.0,40510920.0,-15366.0,-0.0379161317669228,42.85176221727986
2024-11-30,Bihar,MTNL,0.0,0.0,0.0,,0.0
2024-11-30,Bihar,Reliance Com.,0.0,0.0,0.0,,0.0
2024-11-30,Bihar,Reliance Jio,40364110.0,40594269.0,230159.0,0.5702070477956779,42.93992737198501
2024-11-30,Bihar,Vodafone Idea,7493956.0,7454845.0,-39111.0,-0.5219005822825754,7.885608258382621
2024-11-30,Delhi,BSNL,0.0,0.0,0.0,,0.0
2024-11-30,Delhi,BSNL (VNO's),0.0,0.0,0.0,,0.0
2024-11-30,Delhi,Bharti Airtel,18407951.0,18362907.0,-45044.0,-0.2446986087696561,32.50711821512482
2024-11-30,Delhi,MTNL,1684424.0,1684377.0,-47.0,-0.0027902713331085,2.981785087613704
2024-11-30,Delhi,Reliance Com.,0.0,1.0,1.0,,1.770259916642001e-06
2024-11-30,Delhi,Reliance Jio,19608802.0,19633269.0,24467.0,0.1247755982236956,34.755989143349986
2024-11-30,Delhi,Vodafone Idea,16774937.0,16808326.0,33389.0,0.199040985966147,29.75510578365158
2024-11-30,Gujarat,BSNL,3321146.0,3326904.0,5758.0,0.1733738896152111,5.129509671794572
2024-11-30,Gujarat,BSNL (VNO's),0.0,0.0,0.0,,0.0
2024-11-30,Gujarat,Bharti Airtel,12183652.0,12139442.0,-44210.0,-0.3628632859835458,18.716916733752832
2024-11-30,Gujarat,MTNL,0.0,0.0,0.0,,0.0
2024-11-30,Gujarat,Reliance Com.,0.0,16.0,16.0,,2.4669228432414383e-05
2024-11-30,Gujarat,Reliance Jio,29689509.0,29576662.0,-112847.0,-0.3800904892027685,45.60208944664439
2024-11-30,Gujarat,Vodafone Idea,19965032.0,19815105.0,-149927.0,-0.7509479574087334,30.55145947857978
2024-11-30,Haryana,BSNL,4134037.0,4131662.0,-2375.0,-0.0574498970376897,15.93354351237116
2024-11-30,Haryana,BSNL (VNO's),0.0,0.0,0.0,,0.0
2024-11-30,Haryana,Bharti Airtel,7099729.0,7036790.0,-62939.0,-0.8864986255109173,27.137021288870734
2024-11-30,Haryana,MTNL,0.0,0.0,0.0,,0.0
2024-11-30,Haryana,Reliance Com.,0.0,0.0,0.0,,0.0
2024-11-30,Haryana,Reliance Jio,8292980.0,8307262.0,14282.0,0.1722179481923265,32.03653167797063
2024-11-30,Haryana,Vodafone Idea,6513780.0,6454877.0,-58903.0,-0.9042829202091566,24.892903520787478
2024-11-30,Himachal Pradesh,BSNL,1649665.0,1658686.0,9021.0,0.5468382974725171,18.838546715435825
2024-11-30,Himachal Pradesh,BSNL (VNO's),0.0,0.0,0.0,,0.0
2024-11-30,Himachal Pradesh,Bharti Airtel,3542799.0,3545058.0,2259.0,0.0637631432096486,40.26303998582583
2024-11-30,Himachal Pradesh,MTNL,0.0,0.0,0.0,,0.0
2024-11-30,Himachal Pradesh,Reliance Com.,0.0,0.0,0.0,,0.0
2024-11-30,Himachal Pradesh,Reliance Jio,3222401.0,3220511.0,-1890.0,-0.0586519182435705,36.57699342797549
2024-11-30,Himachal Pradesh,Vodafone Idea,381834.0,380490.0,-1344.0,-0.351985417746979,4.321419870762868
2024-11-30,J&K,BSNL,924203.0,874481.0,-49722.0,-5.379986864357722,7.207102591151843
2024-11-30,J&K,BSNL (VNO's),0.0,0.0,0.0,,0.0
2024-11-30,J&K,Bharti Airtel,6101786.0,6100700.0,-1086.0,-0.0177980676477346,50.279389463967824
2024-11-30,J&K,MTNL,0.0,0.0,0.0,,0.0
2024-11-30,J&K,Reliance Com.,0.0,0.0,0.0,,0.0
2024-11-30,J&K,Reliance Jio,4949994.0,4897080.0,-52914.0,-1.0689709926921125,40.359662425001645
2024-11-30,J&K,Vodafone Idea,268400.0,261339.0,-7061.0,-2.630774962742176,2.153845519878684
2024-11-30,Karnataka,BSNL,4550894.0,4575413.0,24519.0,0.5387732608142488,6.786305377297425
2024-11-30,Karnataka,BSNL (VNO's),0.0,0.0,0.0,,0.0
2024-11-30,Karnataka,Bharti Airtel,32164155.0,32123159.0,-40996.0,-0.1274586570049796,47.645440238396
2024-11-30,Karnataka,MTNL,0.0,0.0,0.0,,0.0
2024-11-30,Karnataka,Reliance Com.,0.0,214.0,214.0,,0.0003174072702817
2024-11-30,Karnataka,Reliance Jio,24043176.0,24227858.0,184682.0,0.7681264738069546,35.935038656794134
2024-11-30,Karnataka,Vodafone Idea,6413163.0,6494622.0,81459.0,1.270184462799402,9.632898320242164
2024-11-30,Kerala,BSNL,8703442.0,8727432.0,23990.0,0.2756380751431445,21.12502381500401
2024-11-30,Kerala,BSNL (VNO's),0.0,0.0,0.0,,0.0
2024-11-30,Kerala,Bharti Airtel,8825708.0,8792441.0,-33267.0,-0.3769329327460188,21.28238014538729
2024-11-30,Kerala,MTNL,0.0,0.0,0.0,,0.0
2024-11-30,Kerala,Reliance Com.,0.0,0.0,0.0,,0.0
2024-11-30,Kerala,Reliance Jio,10684182.0,10683501.0,-681.0,-0.0063739086436378,25.85975038850135
2024-11-30,Kerala,Vodafone Idea,13137419.0,13109867.0,-27552.0,-0.2097215594630878,31.732845651107358
2024-11-30,Kolkata,BSNL,1545662.0,1459804.0,-85858.0,-5.554772000605566,6.474414313924854
2024-11-30,Kolkata,BSNL (VNO's),0.0,0.0,0.0,,0.0
2024-11-30,Kolkata,Bharti Airtel,5469883.0,5448616.0,-21267.0,-0.388801734881715,24.165297136793694
2024-11-30,Kolkata,MTNL,0.0,0.0,0.0,,0.0
2024-11-30,Kolkata,Reliance Com.,0.0,0.0,0.0,,0.0
2024-11-30,Kolkata,Reliance Jio,10612514.0,10629555.0,17041.0,0.1605745820453099,47.14341311754968
2024-11-30,Kolkata,Vodafone Idea,5065800.0,5009300.0,-56500.0,-1.1153223577717242,22.21687543173177
2024-11-30,Madhya Pradesh,BSNL,5136269.0,5141934.0,5665.0,0.1102940675420232,6.488159405044044
2024-11-30,Madhya Pradesh,BSNL (VNO's),0.0,0.0,0.0,,0.0
2024-11-30,Madhya Pradesh,Bharti Airtel,16408516.0,16305289.0,-103227.0,-0.629106251899928,20.574226385891222
2024-11-30,Madhya Pradesh,MTNL,0.0,0.0,0.0,,0.0
2024-11-30,Madhya Pradesh,Reliance Com.,0.0,0.0,0.0,,0.0
2024-11-30,Madhya Pradesh,Reliance Jio,43289681.0,43578330.0,288649.0,0.6667847702550638,54.987705335310224
2024-11-30,Madhya Pradesh,Vodafone Idea,14479494.0,14225490.0,-254004.0,-1.7542325719393232,17.94990887375451
2024-11-30,Maharashtra,BSNL,5777662.0,5597750.0,-179912.0,-3.113923936706578,6.16417838607533
2024-11-30,Maharashtra,BSNL (VNO's),0.0,0.0,0.0,,0.0
2024-11-30,Maharashtra,Bharti Airtel,22377901.0,22291217.0,-86684.0,-0.3873643019512867,24.54683364400249
2024-11-30,Maharashtra,MTNL,0.0,0.0,0.0,,0.0
2024-11-30,Maharashtra,Reliance Com.,0.0,0.0,0.0,,0.0
2024-11-30,Maharashtra,Reliance Jio,41977346.0,41964863.0,-12483.0,-0.0297374683954531,46.21122798967662
2024-11-30,Maharashtra,Vodafone Idea,21203996.0,20957137.0,-246859.0,-1.164209802718318,23.07775998024556
2024-11-30,Mumbai,BSNL,0.0,0.0,0.0,,0.0
2024-11-30,Mumbai,BSNL (VNO's),0.0,0.0,0.0,,0.0
2024-11-30,Mumbai,Bharti Airtel,10067105.0,10017055.0,-50050.0,-0.4971637824379501,29.71590745763133
2024-11-30,Mumbai,MTNL,220214.0,217541.0,-2673.0,-1.2138192848774374,0.645342191316767
2024-11-30,Mumbai,Reliance Com.,0.0,11.0,11.0,,3.263184459244206e-05
2024-11-30,Mumbai,Reliance Jio,12911173.0,12752423.0,-158750.0,-1.2295552077258975,37.83046231937124
2024-11-30,Mumbai,Vodafone Idea,10710796.0,10722373.0,11577.0,0.1080872047231596,31.808255399836067
2024-11-30,North East,BSNL,1292344.0,1290175.0,-2169.0,-0.1678345703620707,10.422797139693795
2024-11-30,North East,BSNL (VNO's),0.0,0.0,0.0,,0.0
2024-11-30,North East,Bharti Airtel,6267645.0,6255114.0,-12531.0,-0.1999315532388959,50.532512494552
2024-11-30,North East,MTNL,0.0,0.0,0.0,,0.0
2024-11-30,North East,Reliance Com.,0.0,0.0,0.0,,0.0
2024-11-30,North East,Reliance Jio,4161863.0,4166376.0,4513.0,0.1084370148656983,33.65845087347754
2024-11-30,North East,Vodafone Idea,678360.0,666730.0,-11630.0,-1.7144289167993396,5.3862394922766645
2024-11-30,Odisha,BSNL,5548276.0,5563824.0,15548.0,0.280231192536204,16.27422670334665
2024-11-30,Odisha,BSNL (VNO's),0.0,0.0,0.0,,0.0
2024-11-30,Odisha,Bharti Airtel,11745462.0,11719282.0,-26180.0,-0.2228945953764952,34.27898726998729
2024-11-30,Odisha,MTNL,0.0,0.0,0.0,,0.0
2024-11-30,Odisha,Reliance Com.,0.0,0.0,0.0,,0.0
2024-11-30,Odisha,Reliance Jio,15431011.0,15522229.0,91218.0,0.5911343074021527,45.40263561307148
2024-11-30,Odisha,Vodafone Idea,1389017.0,1382612.0,-6405.0,-0.4611174665248878,4.0441504135945925
2024-11-30,Punjab,BSNL,4192814.0,4140544.0,-52270.0,-1.2466567799096262,12.216336105261004
2024-11-30,Punjab,BSNL (VNO's),0.0,0.0,0.0,,0.0
2024-11-30,Punjab,Bharti Airtel,12413856.0,12322078.0,-91778.0,-0.7393190318946828,36.35528238879778
2024-11-30,Punjab,MTNL,0.0,0.0,0.0,,0.0
2024-11-30,Punjab,Reliance Com.,0.0,5.0,5.0,,1.4752090673666316e-05
2024-11-30,Punjab,Reliance Jio,11285463.0,11269097.0,-16366.0,-0.1450184188278318,33.24854815086821
2024-11-30,Punjab,Vodafone Idea,6205616.0,6161777.0,-43839.0,-0.7064407465753602,18.179818602982323
2024-11-30,Rajasthan,BSNL,5602409.0,5603503.0,1094.0,0.0195273140536508,8.73114886603184
2024-11-30,Rajasthan,BSNL (VNO's),0.0,0.0,0.0,,0.0
2024-11-30,Rajasthan,Bharti Airtel,23092425.0,22981843.0,-110582.0,-0.4788669877676337,35.809366471075634
2024-11-30,Rajasthan,MTNL,0.0,0.0,0.0,,0.0
2024-11-30,Rajasthan,Reliance Com.,0.0,89.0,89.0,,0.0001386761547333
2024-11-30,Rajasthan,Reliance Jio,26244976.0,26145912.0,-99064.0,-0.3774589087069464,40.739489192772496
2024-11-30,Rajasthan,Vodafone Idea,9586222.0,9446954.0,-139268.0,-1.4527933945197598,14.7198567939653
2024-11-30,Tamil Nadu,BSNL,7797945.0,7813641.0,15696.0,0.2012837997703241,10.085132548660033
2024-11-30,Tamil Nadu,BSNL (VNO's),206894.0,212011.0,5117.0,2.47324717004843,0.2736443914909787
2024-11-30,Tamil Nadu,Bharti Airtel,29862485.0,29787706.0,-74779.0,-0.2504111764308965,38.44724416319046
2024-11-30,Tamil Nadu,MTNL,0.0,0.0,0.0,,0.0
2024-11-30,Tamil Nadu,Reliance Com.,0.0,0.0,0.0,,0.0
2024-11-30,Tamil Nadu,Reliance Jio,24611519.0,24622749.0,11230.0,0.045629040613056,31.78079046341984
2024-11-30,Tamil Nadu,Vodafone Idea,15084404.0,15040723.0,-43681.0,-0.2895772348711954,19.413188433238684
2024-11-30,U.P.(E),BSNL,8373386.0,8362471.0,-10915.0,-0.1303534794645798,8.278811539688562
2024-11-30,U.P.(E),BSNL (VNO's),0.0,0.0,0.0,,0.0
2024-11-30,U.P.(E),Bharti Airtel,36229144.0,36139722.0,-89422.0,-0.2468233861666728,35.77817460111211
2024-11-30,U.P.(E),MTNL,0.0,0.0,0.0,,0.0
2024-11-30,U.P.(E),Reliance Com.,0.0,0.0,0.0,,0.0
2024-11-30,U.P.(E),Reliance Jio,39975868.0,40347070.0,371202.0,0.9285652033872036,39.943431637445705
2024-11-30,U.P.(E),Vodafone Idea,16318731.0,16161262.0,-157469.0,-0.9649586110586664,15.999582221753624
2024-11-30,U.P.(W),BSNL,5343136.0,5321946.0,-21190.0,-0.3965835793810975,8.519504757219986
2024-11-30,U.P.(W),BSNL (VNO's),0.0,0.0,0.0,,0.0
2024-11-30,U.P.(W),Bharti Airtel,18802873.0,18666890.0,-135983.0,-0.7232033104728198,29.882426119600268
2024-11-30,U.P.(W),MTNL,0.0,0.0,0.0,,0.0
2024-11-30,U.P.(W),Reliance Com.,0.0,0.0,0.0,,0.0
2024-11-30,U.P.(W),Reliance Jio,23541401.0,23784405.0,243004.0,1.032241029325315,38.07467260005021
2024-11-30,U.P.(W),Vodafone Idea,14819932.0,14694545.0,-125387.0,-0.8460700089582057,23.523396523129534
2024-11-30,West Bengal,BSNL,2721928.0,2693571.0,-28357.0,-1.0417983135483375,4.736282028867401
2024-11-30,West Bengal,BSNL (VNO's),0.0,0.0,0.0,,0.0
2024-11-30,West Bengal,Bharti Airtel,18189381.0,18154925.0,-34456.0,-0.1894292059746288,31.922991824954867
2024-11-30,West Bengal,MTNL,0.0,0.0,0.0,,0.0
2024-11-30,West Bengal,Reliance Com.,0.0,4.0,4.0,,7.033461570335293e-06
2024-11-30,West Bengal,Reliance Jio,23768148.0,23870730.0,102582.0,0.4315944178738705,41.97346552771244
2024-11-30,West Bengal,Vodafone Idea,12298014.0,12151771.0,-146243.0,-1.1891594854258585,21.36725358500372
2024-12-31,Andhra Pradesh,BSNL,6799880.0,6825411.0,25531.0,0.3754625081619087,8.272355202778122
2024-12-31,Andhra Pradesh,BSNL (VNO's),0.0,0.0,0.0,,0.0
2024-12-31,Andhra Pradesh,Bharti Airtel,33686681.0,33765442.0,78761.0,0.2338045710113145,40.923503332297926
2024-12-31,Andhra Pradesh,MTNL,0.0,0.0,0.0,,0.0
2024-12-31,Andhra Pradesh,Reliance Com.,0.0,0.0,0.0,,0.0
2024-12-31,Andhra Pradesh,Reliance Jio,31722937.0,31886092.0,163155.0,0.5143124043022876,38.64574295268986
2024-12-31,Andhra Pradesh,Vodafone Idea,10138599.0,10031734.0,-106865.0,-1.0540410958160984,12.15839851223409
2024-12-31,Assam,BSNL,2990873.0,2992345.0,1472.0,0.0492163993589831,11.474725689040724
2024-12-31,Assam,BSNL (VNO's),0.0,0.0,0.0,,0.0
2024-12-31,Assam,Bharti Airtel,11886126.0,11914048.0,27922.0,0.2349125358422079,45.68672149971485
2024-12-31,Assam,MTNL,0.0,0.0,0.0,,0.0
2024-12-31,Assam,Reliance Com.,0.0,0.0,0.0,,0.0
2024-12-31,Assam,Reliance Jio,9714678.0,9732446.0,17768.0,0.1828984964813038,37.32094666002805
2024-12-31,Assam,Vodafone Idea,1436362.0,1438865.0,2503.0,0.174259692194586,5.5176061512163805
2024-12-31,Bihar,BSNL,5977315.0,5966507.0,-10808.0,-0.180816972168942,6.289509343686859
2024-12-31,Bihar,BSNL (VNO's),0.0,0.0,0.0,,0.0
2024-12-31,Bihar,Bharti Airtel,40510920.0,40498909.0,-12011.0,-0.0296487959295913,42.69135468451204
2024-12-31,Bihar,MTNL,0.0,0.0,0.0,,0.0
2024-12-31,Bihar,Reliance Com.,0.0,1.0,1.0,,1.0541359196740838e-06
2024-12-31,Bihar,Reliance Jio,40594269.0,40913517.0,319248.0,0.7864361346179186,43.128407869896265
2024-12-31,Bihar,Vodafone Idea,7454845.0,7485493.0,30648.0,0.4111151875055752,7.890727047768918
2024-12-31,Delhi,BSNL,0.0,0.0,0.0,,0.0
2024-12-31,Delhi,BSNL (VNO's),0.0,0.0,0.0,,0.0
2024-12-31,Delhi,Bharti Airtel,18362907.0,18434020.0,71113.0,0.3872643911990623,33.080223420650746
2024-12-31,Delhi,MTNL,1684377.0,789707.0,-894670.0,-53.11578108701318,1.4171452562627054
2024-12-31,Delhi,Reliance Com.,1.0,20.0,19.0,1900.0,3.589040634723272e-05
2024-12-31,Delhi,Reliance Jio,19633269.0,19758105.0,124836.0,0.6358390953640985,35.456320855064526
2024-12-31,Delhi,Vodafone Idea,16808326.0,16743346.0,-64980.0,-0.3865941200807266,30.04627457761568
2024-12-31,Gujarat,BSNL,3326904.0,3318309.0,-8595.0,-0.2583483022052935,5.107810481858109
2024-12-31,Gujarat,BSNL (VNO's),0.0,0.0,0.0,,0.0
2024-12-31,Gujarat,Bharti Airtel,12139442.0,12206886.0,67444.0,0.5555774309890026,18.78982947689531
2024-12-31,Gujarat,MTNL,0.0,0.0,0.0,,0.0
2024-12-31,Gujarat,Reliance Com.,16.0,0.0,-16.0,-100.0,0.0
2024-12-31,Gujarat,Reliance Jio,29576662.0,29756241.0,179579.0,0.6071645272208203,45.80322076108525
2024-12-31,Gujarat,Vodafone Idea,19815105.0,19683954.0,-131151.0,-0.6618738583519996,30.29913928016133
2024-12-31,Haryana,BSNL,4131662.0,4159824.0,28162.0,0.6816143237273523,16.031591587790917
2024-12-31,Haryana,BSNL (VNO's),0.0,0.0,0.0,,0.0
2024-12-31,Haryana,Bharti Airtel,7036790.0,7061216.0,24426.0,0.3471185014758149,27.213298212899065
2024-12-31,Haryana,MTNL,0.0,0.0,0.0,,0.0
2024-12-31,Haryana,Reliance Com.,0.0,0.0,0.0,,0.0
2024-12-31,Haryana,Reliance Jio,8307262.0,8323953.0,16691.0,0.200920592127707,32.07977426255702
2024-12-31,Haryana,Vodafone Idea,6454877.0,6402674.0,-52203.0,-0.8087373314781985,24.675335936753005
2024-12-31,Himachal Pradesh,BSNL,1658686.0,1666376.0,7690.0,0.4636199979984156,18.881792880609467
2024-12-31,Himachal Pradesh,BSNL (VNO's),0.0,0.0,0.0,,0.0
2024-12-31,Himachal Pradesh,Bharti Airtel,3545058.0,3548882.0,3824.0,0.1078684749304524,40.21256600054434
2024-12-31,Himachal Pradesh,MTNL,0.0,0.0,0.0,,0.0
2024-12-31,Himachal Pradesh,Reliance Com.,0.0,0.0,0.0,,0.0
2024-12-31,Himachal Pradesh,Reliance Jio,3220511.0,3232447.0,11936.0,0.3706244133306794,36.6270246040194
2024-12-31,Himachal Pradesh,Vodafone Idea,380490.0,377601.0,-2889.0,-0.7592840810533785,4.278616514826795
2024-12-31,J&K,BSNL,874481.0,872157.0,-2324.0,-0.2657576322412951,7.174530329720555
2024-12-31,J&K,BSNL (VNO's),0.0,0.0,0.0,,0.0
2024-12-31,J&K,Bharti Airtel,6100700.0,6108668.0,7968.0,0.1306079630206369,50.25107158481031
2024-12-31,J&K,MTNL,0.0,0.0,0.0,,0.0
2024-12-31,J&K,Reliance Com.,0.0,0.0,0.0,,0.0
2024-12-31,J&K,Reliance Jio,4897080.0,4912848.0,15768.0,0.3219877968095273,40.41402749884134
2024-12-31,J&K,Vodafone Idea,261339.0,262621.0,1282.0,0.4905505875510352,2.1603705866278
2024-12-31,Karnataka,BSNL,4575413.0,4571164.0,-4249.0,-0.0928659336326578,6.734683002212496
2024-12-31,Karnataka,BSNL (VNO's),0.0,0.0,0.0,,0.0
2024-12-31,Karnataka,Bharti Airtel,32123159.0,32177739.0,54580.0,0.1699085697020022,47.4073719282288
2024-12-31,Karnataka,MTNL,0.0,0.0,0.0,,0.0
2024-12-31,Karnataka,Reliance Com.,214.0,339.0,125.0,58.41121495327103,0.0004994477419208
2024-12-31,Karnataka,Reliance Jio,24227858.0,24526175.0,298317.0,1.2312974593131594,36.1343443118184
2024-12-31,Karnataka,Vodafone Idea,6494622.0,6599552.0,104930.0,1.6156444516709365,9.72310130999839
2024-12-31,Kerala,BSNL,8727432.0,8730042.0,2610.0,0.0299057042208979,21.143960761647826
2024-12-31,Kerala,BSNL (VNO's),0.0,0.0,0.0,,0.0
2024-12-31,Kerala,Bharti Airtel,8792441.0,8816703.0,24262.0,0.2759415729943482,21.353851708743512
2024-12-31,Kerala,MTNL,0.0,0.0,0.0,,0.0
2024-12-31,Kerala,Reliance Com.,0.0,0.0,0.0,,0.0
2024-12-31,Kerala,Reliance Jio,10683501.0,10715701.0,32200.0,0.3013993259325758,25.95318115050882
2024-12-31,Kerala,Vodafone Idea,13109867.0,13026138.0,-83729.0,-0.638671620390962,31.549006379099847
2024-12-31,Kolkata,BSNL,1459804.0,1468367.0,8563.0,0.5865855964225335,6.5087815782625205
2024-12-31,Kolkata,BSNL (VNO's),0.0,0.0,0.0,,0.0
2024-12-31,Kolkata,Bharti Airtel,5448616.0,5445207.0,-3409.0,-0.0625663471237466,24.13678801786347
2024-12-31,Kolkata,MTNL,0.0,0.0,0.0,,0.0
2024-12-31,Kolkata,Reliance Com.,0.0,0.0,0.0,,0.0
2024-12-31,Kolkata,Reliance Jio,10629555.0,10690464.0,60909.0,0.5730155213459077,47.38726431898746
2024-12-31,Kolkata,Vodafone Idea,5009300.0,4955745.0,-53555.0,-1.0691114526979817,21.967166084886543
2024-12-31,Madhya Pradesh,BSNL,5141934.0,5134063.0,-7871.0,-0.1530746991307162,6.432026448208296
2024-12-31,Madhya Pradesh,BSNL (VNO's),0.0,0.0,0.0,,0.0
2024-12-31,Madhya Pradesh,Bharti Airtel,16305289.0,16404356.0,99067.0,0.6075758608142425,20.55160827941232
2024-12-31,Madhya Pradesh,MTNL,0.0,0.0,0.0,,0.0
2024-12-31,Madhya Pradesh,Reliance Com.,0.0,0.0,0.0,,0.0
2024-12-31,Madhya Pradesh,Reliance Jio,43578330.0,44314875.0,736545.0,1.6901634367356435,55.51829964864954
2024-12-31,Madhya Pradesh,Vodafone Idea,14225490.0,13967009.0,-258481.0,-1.8170270408963067,17.498065623729843
2024-12-31,Maharashtra,BSNL,5597750.0,5470925.0,-126825.0,-2.2656424456254745,6.023482147567845
2024-12-31,Maharashtra,BSNL (VNO's),0.0,0.0,0.0,,0.0
2024-12-31,Maharashtra,Bharti Airtel,22291217.0,22368784.0,77567.0,0.3479711314101872,24.62800551767777
2024-12-31,Maharashtra,MTNL,0.0,0.0,0.0,,0.0
2024-12-31,Maharashtra,Reliance Com.,0.0,0.0,0.0,,0.0
2024-12-31,Maharashtra,Reliance Jio,41964863.0,42278780.0,313917.0,0.7480472413313967,46.5488882686106
2024-12-31,Maharashtra,Vodafone Idea,20957137.0,20708127.0,-249010.0,-1.1881871078096211,22.799624066143785
2024-12-31,Mumbai,BSNL,0.0,0.0,0.0,,0.0
2024-12-31,Mumbai,BSNL (VNO's),0.0,0.0,0.0,,0.0
2024-12-31,Mumbai,Bharti Airtel,10017055.0,10066642.0,49587.0,0.4950257336113259,29.804044245021345
2024-12-31,Mumbai,MTNL,217541.0,215223.0,-2318.0,-1.0655462648420295,0.6372051190999173
2024-12-31,Mumbai,Reliance Com.,11.0,31.0,20.0,181.8181818181818,9.1780890946123e-05
2024-12-31,Mumbai,Reliance Jio,12752423.0,12813324.0,60901.0,0.47756414604503,37.93607395810777
2024-12-31,Mumbai,Vodafone Idea,10722373.0,10680874.0,-41499.0,-0.3870318631892399,31.622584896880024
2024-12-31,North East,BSNL,1290175.0,1288497.0,-1678.0,-0.1300598755982715,10.35572084383609
2024-12-31,North East,BSNL (VNO's),0.0,0.0,0.0,,0.0
2024-12-31,North East,Bharti Airtel,6255114.0,6265788.0,10674.0,0.1706443719490963,50.35848076841315
2024-12-31,North East,MTNL,0.0,0.0,0.0,,0.0
2024-12-31,North East,Reliance Com.,0.0,0.0,0.0,,0.0
2024-12-31,North East,Reliance Jio,4166376.0,4229026.0,62650.0,1.503704898453716,33.98891320455132
2024-12-31,North East,Vodafone Idea,666730.0,659058.0,-7672.0,-1.1506906843849831,5.2968851831994375
2024-12-31,Odisha,BSNL,5563824.0,5573321.0,9497.0,0.1706919557484205,16.226940830367397
2024-12-31,Odisha,BSNL (VNO's),0.0,0.0,0.0,,0.0
2024-12-31,Odisha,Bharti Airtel,11719282.0,11737705.0,18423.0,0.1572024634273669,34.17478457087032
2024-12-31,Odisha,MTNL,0.0,0.0,0.0,,0.0
2024-12-31,Odisha,Reliance Com.,0.0,0.0,0.0,,0.0
2024-12-31,Odisha,Reliance Jio,15522229.0,15656632.0,134403.0,0.8658743534836396,45.584892933106985
2024-12-31,Odisha,Vodafone Idea,1382612.0,1378440.0,-4172.0,-0.3017477065149152,4.013381665655295
2024-12-31,Punjab,BSNL,4140544.0,4097230.0,-43314.0,-1.046094426239644,12.083331674438403
2024-12-31,Punjab,BSNL (VNO's),0.0,0.0,0.0,,0.0
2024-12-31,Punjab,Bharti Airtel,12322078.0,12356021.0,33943.0,0.2754649012934344,36.43971656932271
2024-12-31,Punjab,MTNL,0.0,0.0,0.0,,0.0
2024-12-31,Punjab,Reliance Com.,5.0,9.0,4.0,80.0,2.6542318851991625e-05
2024-12-31,Punjab,Reliance Jio,11269097.0,11351048.0,81951.0,0.727218871219229,33.475903924473535
2024-12-31,Punjab,Vodafone Idea,6161777.0,6103807.0,-57970.0,-0.9408000321985036,18.001021289446495
2024-12-31,Rajasthan,BSNL,5603503.0,5612098.0,8595.0,0.1533861943145207,8.726123034133815
2024-12-31,Rajasthan,BSNL (VNO's),0.0,0.0,0.0,,0.0
2024-12-31,Rajasthan,Bharti Airtel,22981843.0,23075588.0,93745.0,0.4079089740539955,35.87970487560656
2024-12-31,Rajasthan,MTNL,0.0,0.0,0.0,,0.0
2024-12-31,Rajasthan,Reliance Com.,89.0,81.0,-8.0,-8.98876404494382,0.0001259450504543
2024-12-31,Rajasthan,Reliance Jio,26145912.0,26319086.0,173174.0,0.662336811965098,40.92294585410818
2024-12-31,Rajasthan,Vodafone Idea,9446954.0,9306909.0,-140045.0,-1.4824355024910676,14.471100291100994
2024-12-31,Tamil Nadu,BSNL,7813641.0,7725571.0,-88070.0,-1.127131384715525,9.98123885421883
2024-12-31,Tamil Nadu,BSNL (VNO's),212011.0,217484.0,5473.0,2.581469829395645,0.2809837293542352
2024-12-31,Tamil Nadu,Bharti Airtel,29787706.0,29881079.0,93373.0,0.3134615334259039,38.60558484554506
2024-12-31,Tamil Nadu,MTNL,0.0,0.0,0.0,,0.0
2024-12-31,Tamil Nadu,Reliance Com.,0.0,0.0,0.0,,0.0
2024-12-31,Tamil Nadu,Reliance Jio,24622749.0,24641143.0,18394.0,0.0747032754141302,31.835722424136986
2024-12-31,Tamil Nadu,Vodafone Idea,15040723.0,14935646.0,-105077.0,-0.6986166821900782,19.29647014674489
2024-12-31,U.P.(E),BSNL,8362471.0,8347061.0,-15410.0,-0.1842756764119122,8.226644316481927
2024-12-31,U.P.(E),BSNL (VNO's),0.0,0.0,0.0,,0.0
2024-12-31,U.P.(E),Bharti Airtel,36139722.0,36232989.0,93267.0,0.2580733742224138,35.71028329923577
2024-12-31,U.P.(E),MTNL,0.0,0.0,0.0,,0.0
2024-12-31,U.P.(E),Reliance Com.,0.0,0.0,0.0,,0.0
2024-12-31,U.P.(E),Reliance Jio,40347070.0,40858553.0,511483.0,1.2677079153455255,40.26911781489624
2024-12-31,U.P.(E),Vodafone Idea,16161262.0,16025137.0,-136125.0,-0.84229189527402,15.793954569386068
2024-12-31,U.P.(W),BSNL,5321946.0,5220879.0,-101067.0,-1.899060982580432,8.341736644104364
2024-12-31,U.P.(W),BSNL (VNO's),0.0,0.0,0.0,,0.0
2024-12-31,U.P.(W),Bharti Airtel,18666890.0,18725821.0,58931.0,0.3156980086131112,29.919457475769697
2024-12-31,U.P.(W),MTNL,0.0,0.0,0.0,,0.0
2024-12-31,U.P.(W),Reliance Com.,0.0,0.0,0.0,,0.0
2024-12-31,U.P.(W),Reliance Jio,23784405.0,24093676.0,309271.0,1.300310014061735,38.49602719779138
2024-12-31,U.P.(W),Vodafone Idea,14694545.0,14547059.0,-147486.0,-1.0036785759613516,23.24277868233456
2024-12-31,West Bengal,BSNL,2693571.0,2689590.0,-3981.0,-0.147796364008968,4.72046903973498
2024-12-31,West Bengal,BSNL (VNO's),0.0,0.0,0.0,,0.0
2024-12-31,West Bengal,Bharti Airtel,18154925.0,18214477.0,59552.0,0.3280211843342784,31.968022915561438
2024-12-31,West Bengal,MTNL,0.0,0.0,0.0,,0.0
2024-12-31,West Bengal,Reliance Com.,4.0,11.0,7.0,175.0,1.9305975794483463e-05
2024-12-31,West Bengal,Reliance Jio,23870730.0,24133757.0,263027.0,1.1018808390024102,42.35688440654054
2024-12-31,West Bengal,Vodafone Idea,12151771.0,11939342.0,-212429.0,-1.7481320212502358,20.95460433218725
2025-01-31,Andhra Pradesh,BSNL,6825411.0,6870976.0,45565.0,0.6675788461676521,8.348790679339132
2025-01-31,Andhra Pradesh,Bharti Airtel,33765442.0,33735002.0,-30440.0,-0.0901513446795691,40.99075157082298
2025-01-31,Andhra Pradesh,MTNL,,0.0,,,0.0
2025-01-31,Andhra Pradesh,Reliance Com.,0.0,0.0,0.0,,0.0
2025-01-31,Andhra Pradesh,Reliance Jio,31886092.0,31814143.0,-71949.0,-0.2256438324270029,38.65675277421465
2025-01-31,Andhra Pradesh,Vodafone Idea,10031734.0,9878936.0,-152798.0,-1.5231464470648843,12.003704975623233
2025-01-31,Assam,BSNL,2992345.0,2974004.0,-18341.0,-0.6129306614043502,11.39718666918779
2025-01-31,Assam,Bharti Airtel,11914048.0,11984141.0,70093.0,0.5883222897876523,45.92646548117179
2025-01-31,Assam,MTNL,,0.0,,,0.0
2025-01-31,Assam,Reliance Com.,0.0,0.0,0.0,,0.0
2025-01-31,Assam,Reliance Jio,9732446.0,9716277.0,-16169.0,-0.1661350086093465,37.23539803528708
2025-01-31,Assam,Vodafone Idea,1438865.0,1419772.0,-19093.0,-1.3269486713485978,5.440949814353338
2025-01-31,Bihar,BSNL,5966507.0,5972157.0,5650.0,0.0946952714544707,6.271218754542235
2025-01-31,Bihar,Bharti Airtel,40498909.0,40672414.0,173505.0,0.4284189482733967,42.709125943826685
2025-01-31,Bihar,MTNL,,0.0,,,0.0
2025-01-31,Bihar,Reliance Com.,1.0,0.0,-1.0,-100.0,0.0
2025-01-31,Bihar,Reliance Jio,40913517.0,41054184.0,140667.0,0.3438154681251186,43.1100134596642
2025-01-31,Bihar,Vodafone Idea,7485493.0,7532447.0,46954.0,0.627266634275124,7.90964184196688
2025-01-31,Delhi,BSNL,0.0,0.0,0.0,,0.0
2025-01-31,Delhi,Bharti Airtel,18434020.0,18561878.0,127858.0,0.6935980323336961,33.35093842758581
2025-01-31,Delhi,MTNL,789707.0,789583.0,-124.0,-0.0157020261945253,1.4186783264316514
2025-01-31,Delhi,Reliance Com.,20.0,2.0,-18.0,-90.0,3.593487515388886e-06
2025-01-31,Delhi,Reliance Jio,19758105.0,19699756.0,-58349.0,-0.2953167826570412,35.39541362110364
2025-01-31,Delhi,Vodafone Idea,16743346.0,16605020.0,-138326.0,-0.8261550588514386,29.83496603139138
2025-01-31,Gujarat,BSNL,3318309.0,3310773.0,-7536.0,-0.2271036241651998,5.07901080288083
2025-01-31,Gujarat,Bharti Airtel,12206886.0,12308365.0,101479.0,0.8313258598466471,18.88209152388288
2025-01-31,Gujarat,MTNL,,0.0,,,0.0
2025-01-31,Gujarat,Reliance Com.,0.0,16.0,16.0,,2.4545377422762985e-05
2025-01-31,Gujarat,Reliance Jio,29756241.0,29884152.0,127911.0,0.4298627639156438,45.84486186245108
2025-01-31,Gujarat,Vodafone Idea,19683954.0,19682084.0,-1870.0,-0.0095001238064262,30.194011265407784
2025-01-31,Haryana,BSNL,4159824.0,4188584.0,28760.0,0.6913754043440299,16.105622154800976
2025-01-31,Haryana,Bharti Airtel,7061216.0,7134781.0,73565.0,1.0418177265785384,27.434113042320043
2025-01-31,Haryana,MTNL,,0.0,,,0.0
2025-01-31,Haryana,Reliance Com.,0.0,0.0,0.0,,0.0
2025-01-31,Haryana,Reliance Jio,8323953.0,8313864.0,-10089.0,-0.1212044325574639,31.96783262085761
2025-01-31,Haryana,Vodafone Idea,6402674.0,6369739.0,-32935.0,-0.5143944545669512,24.49243218202137
2025-01-31,Himachal Pradesh,BSNL,1666376.0,1668449.0,2073.0,0.1244016956557223,18.90654611434521
2025-01-31,Himachal Pradesh,Bharti Airtel,3548882.0,3565291.0,16409.0,0.4623709664057581,40.40119818020206
2025-01-31,Himachal Pradesh,MTNL,,0.0,,,0.0
2025-01-31,Himachal Pradesh,Reliance Com.,0.0,0.0,0.0,,0.0
2025-01-31,Himachal Pradesh,Reliance Jio,3232447.0,3216554.0,-15893.0,-0.4916708611154336,36.44937695445383
2025-01-31,Himachal Pradesh,Vodafone Idea,377601.0,374422.0,-3179.0,-0.8418939568486312,4.242878750998899
2025-01-31,J&K,BSNL,872157.0,869359.0,-2798.0,-0.3208137984330803,7.174523776159486
2025-01-31,J&K,Bharti Airtel,6108668.0,6110170.0,1502.0,0.024588011658188,50.42515225744072
2025-01-31,J&K,MTNL,,0.0,,,0.0
2025-01-31,J&K,Reliance Com.,0.0,0.0,0.0,,0.0
2025-01-31,J&K,Reliance Jio,4912848.0,4879387.0,-33461.0,-0.6810917007812983,40.26791928833026
2025-01-31,J&K,Vodafone Idea,262621.0,258390.0,-4231.0,-1.6110668986867007,2.1324046780695314
2025-01-31,Karnataka,BSNL,4571164.0,4564330.0,-6834.0,-0.1495024024515418,6.720617069418823
2025-01-31,Karnataka,Bharti Airtel,32177739.0,32216163.0,38424.0,0.1194117461142934,47.43576712660546
2025-01-31,Karnataka,MTNL,,0.0,,,0.0
2025-01-31,Karnataka,Reliance Com.,339.0,427.0,88.0,25.958702064896755,0.0006287239285156
2025-01-31,Karnataka,Reliance Jio,24526175.0,24561452.0,35277.0,0.1438340874596222,36.16480700582804
2025-01-31,Karnataka,Vodafone Idea,6599552.0,6572969.0,-26583.0,-0.4028000688531585,9.678180074219169
2025-01-31,Kerala,BSNL,8730042.0,8743507.0,13465.0,0.1542375168412706,21.151602791143286
2025-01-31,Kerala,Bharti Airtel,8816703.0,8891514.0,74811.0,0.8485144616984377,21.509649656583974
2025-01-31,Kerala,MTNL,,0.0,,,0.0
2025-01-31,Kerala,Reliance Com.,0.0,0.0,0.0,,0.0
2025-01-31,Kerala,Reliance Jio,10715701.0,10710707.0,-4994.0,-0.0466045105215235,25.91049793593325
2025-01-31,Kerala,Vodafone Idea,13026138.0,12991598.0,-34540.0,-0.2651591745765322,31.42824961633948
2025-01-31,Kolkata,BSNL,1468367.0,1460493.0,-7874.0,-0.5362419613080381,6.495539982097041
2025-01-31,Kolkata,Bharti Airtel,5445207.0,5450894.0,5687.0,0.1044404739801443,24.24284122907324
2025-01-31,Kolkata,MTNL,,0.0,,,0.0
2025-01-31,Kolkata,Reliance Com.,0.0,0.0,0.0,,0.0
2025-01-31,Kolkata,Reliance Jio,10690464.0,10667894.0,-22570.0,-0.2111227351778182,47.44543931519913
2025-01-31,Kolkata,Vodafone Idea,4955745.0,4905270.0,-50475.0,-1.0185148751600417,21.816179473630584
2025-01-31,Madhya Pradesh,BSNL,5134063.0,5146819.0,12756.0,0.2484581899365083,6.434914737256893
2025-01-31,Madhya Pradesh,Bharti Airtel,16404356.0,16521520.0,117164.0,0.7142249290371411,20.656365131527743
2025-01-31,Madhya Pradesh,MTNL,,0.0,,,0.0
2025-01-31,Madhya Pradesh,Reliance Com.,0.0,0.0,0.0,,0.0
2025-01-31,Madhya Pradesh,Reliance Jio,44314875.0,44530127.0,215252.0,0.4857330636721867,55.67469353094038
2025-01-31,Madhya Pradesh,Vodafone Idea,13967009.0,13784241.0,-182768.0,-1.308569357977789,17.234026600274984
2025-01-31,Maharashtra,BSNL,5470925.0,5428930.0,-41995.0,-0.7676032846365103,5.983909809665898
2025-01-31,Maharashtra,Bharti Airtel,22368784.0,22510042.0,141258.0,0.6314961063596483,24.81116189374174
2025-01-31,Maharashtra,MTNL,,0.0,,,0.0
2025-01-31,Maharashtra,Reliance Com.,0.0,0.0,0.0,,0.0
2025-01-31,Maharashtra,Reliance Jio,42278780.0,42273388.0,-5392.0,-0.0127534427436174,46.59484302450255
2025-01-31,Maharashtra,Vodafone Idea,20708127.0,20513105.0,-195022.0,-0.9417655203679212,22.610085272089812
2025-01-31,Mumbai,BSNL,0.0,0.0,0.0,,0.0
2025-01-31,Mumbai,Bharti Airtel,10066642.0,10099114.0,32472.0,0.3225703268279531,29.75774627468839
2025-01-31,Mumbai,MTNL,215223.0,212730.0,-2493.0,-1.1583334494919222,0.6268238347457471
2025-01-31,Mumbai,Reliance Com.,31.0,58.0,27.0,87.09677419354838,0.0001709010596307
2025-01-31,Mumbai,Reliance Jio,12813324.0,12943616.0,130292.0,1.0168477750191909,38.13927051472011
2025-01-31,Mumbai,Vodafone Idea,10680874.0,10682247.0,1373.0,0.0128547532720636,31.475988474786128
2025-01-31,North East,BSNL,1288497.0,1286014.0,-2483.0,-0.1927051440554382,10.318422572675686
2025-01-31,North East,Bharti Airtel,6265788.0,6273468.0,7680.0,0.1225703774210043,50.33560584889324
2025-01-31,North East,MTNL,,0.0,,,0.0
2025-01-31,North East,Reliance Com.,0.0,0.0,0.0,,0.0
2025-01-31,North East,Reliance Jio,4229026.0,4254085.0,25059.0,0.5925477875993196,34.13294621215714
2025-01-31,North East,Vodafone Idea,659058.0,649714.0,-9344.0,-1.417781136106382,5.213025366273937
2025-01-31,Odisha,BSNL,5573321.0,5577316.0,3995.0,0.0716807806333064,16.204731594885256
2025-01-31,Odisha,Bharti Airtel,11737705.0,11749063.0,11358.0,0.0967650831231488,34.13656540285638
2025-01-31,Odisha,MTNL,,0.0,,,0.0
2025-01-31,Odisha,Reliance Com.,0.0,0.0,0.0,,0.0
2025-01-31,Odisha,Reliance Jio,15656632.0,15706581.0,49949.0,0.3190277449198525,45.63502038943543
2025-01-31,Odisha,Vodafone Idea,1378440.0,1384864.0,6424.0,0.4660340674965903,4.023682612822937
2025-01-31,Punjab,BSNL,4097230.0,4092355.0,-4875.0,-0.1189828249817559,12.074550992982232
2025-01-31,Punjab,Bharti Airtel,12356021.0,12422911.0,66890.0,0.5413555059513091,36.65397365350266
2025-01-31,Punjab,MTNL,,0.0,,,0.0
2025-01-31,Punjab,Reliance Com.,9.0,6.0,-3.0,-33.33333333333333,1.7703084399543388e-05
2025-01-31,Punjab,Reliance Jio,11351048.0,11299809.0,-51239.0,-0.4514032536907605,33.34024540428667
2025-01-31,Punjab,Vodafone Idea,6103807.0,6077318.0,-26489.0,-0.4339750585167584,17.93121224614404
2025-01-31,Rajasthan,BSNL,5612098.0,5614566.0,2468.0,0.0439764237901761,8.729754422277257
2025-01-31,Rajasthan,Bharti Airtel,23075588.0,23235660.0,160072.0,0.6936854653497887,36.127744448908565
2025-01-31,Rajasthan,MTNL,,0.0,,,0.0
2025-01-31,Rajasthan,Reliance Com.,81.0,81.0,0.0,0.0,0.000125942077839
2025-01-31,Rajasthan,Reliance Jio,26319086.0,26245012.0,-74074.0,-0.2814459438295083,40.806806718403465
2025-01-31,Rajasthan,Vodafone Idea,9306909.0,9219961.0,-86948.0,-0.9342306881908914,14.335568468332871
2025-01-31,Tamil Nadu,BSNL,7725571.0,7775426.0,49855.0,0.6453244685732614,10.067135374577584
2025-01-31,Tamil Nadu,Bharti Airtel,29881079.0,29966292.0,85213.0,0.2851737716700256,38.798481039896885
2025-01-31,Tamil Nadu,MTNL,,0.0,,,0.0
2025-01-31,Tamil Nadu,Reliance Com.,0.0,0.0,0.0,,0.0
2025-01-31,Tamil Nadu,Reliance Jio,24641143.0,24639667.0,-1476.0,-0.0059899818770582,31.90190007255061
2025-01-31,Tamil Nadu,Vodafone Idea,14935646.0,14854350.0,-81296.0,-0.5443085622141821,19.23248351297492
2025-01-31,U.P.(E),BSNL,8347061.0,8195114.0,-151947.0,-1.820365275873748,8.054742868368933
2025-01-31,U.P.(E),Bharti Airtel,36232989.0,36432568.0,199579.0,0.5508212419350775,35.8085277733008
2025-01-31,U.P.(E),MTNL,,0.0,,,0.0
2025-01-31,U.P.(E),Reliance Com.,0.0,0.0,0.0,,0.0
2025-01-31,U.P.(E),Reliance Jio,40858553.0,41139830.0,281277.0,0.6884164497944898,40.43516079195607
2025-01-31,U.P.(E),Vodafone Idea,16025137.0,15975202.0,-49935.0,-0.3116042003260253,15.701568566374196
2025-01-31,U.P.(W),BSNL,5220879.0,5158043.0,-62836.0,-1.2035521221618046,8.245330325352779
2025-01-31,U.P.(W),Bharti Airtel,18725821.0,18808741.0,82920.0,0.4428110254818733,30.06649664398032
2025-01-31,U.P.(W),MTNL,,0.0,,,0.0
2025-01-31,U.P.(W),Reliance Com.,0.0,0.0,0.0,,0.0
2025-01-31,U.P.(W),Reliance Jio,24093676.0,24143459.0,49783.0,0.2066226838943132,38.59424875899861
2025-01-31,U.P.(W),Vodafone Idea,14547059.0,14446899.0,-100160.0,-0.688524051493845,23.093924271668293
2025-01-31,West Bengal,BSNL,2689590.0,2680341.0,-9249.0,-0.3438814094341517,4.7136819247369655
2025-01-31,West Bengal,Bharti Airtel,18214477.0,18310281.0,95804.0,0.5259772213058876,32.20069408577292
2025-01-31,West Bengal,MTNL,,0.0,,,0.0
2025-01-31,West Bengal,Reliance Com.,11.0,9.0,-2.0,-18.181818181818183,1.5827514977621388e-05
2025-01-31,West Bengal,Reliance Jio,24133757.0,24130088.0,-3669.0,-0.0152027717855947,42.43548102570246
2025-01-31,West Bengal,Vodafone Idea,11939342.0,11742282.0,-197060.0,-1.6505097182072512,20.65012713627267
2025-02-28,Andhra Pradesh,BSNL,6870976.0,6903380.0,32404.0,0.4716069449231084,8.377893128167196
2025-02-28,Andhra Pradesh,Bharti Airtel,33735002.0,33860754.0,125752.0,0.3727641693929646,41.09317149731869
2025-02-28,Andhra Pradesh,MTNL,0.0,0.0,0.0,,0.0
2025-02-28,Andhra Pradesh,Reliance Com.,0.0,0.0,0.0,,0.0
2025-02-28,Andhra Pradesh,Reliance Jio,31814143.0,31790196.0,-23947.0,-0.0752715545410102,38.58035695724244
2025-02-28,Andhra Pradesh,Vodafone Idea,9878936.0,9845623.0,-33313.0,-0.3372124285449364,11.94857841727167
2025-02-28,Assam,BSNL,2974004.0,2967914.0,-6090.0,-0.204774438770089,11.343626520302124
2025-02-28,Assam,Bharti Airtel,11984141.0,12055507.0,71366.0,0.5955036743976895,46.07720066042612
2025-02-28,Assam,MTNL,0.0,0.0,0.0,,0.0
2025-02-28,Assam,Reliance Com.,0.0,0.0,0.0,,0.0
2025-02-28,Assam,Reliance Jio,9716277.0,9722615.0,6338.0,0.0652307463033423,37.16068368581005
2025-02-28,Assam,Vodafone Idea,1419772.0,1417678.0,-2094.0,-0.1474884699796868,5.418489133461709
2025-02-28,Bihar,BSNL,5972157.0,5782332.0,-189825.0,-3.178499828453941,6.042430916183808
2025-02-28,Bihar,Bharti Airtel,40672414.0,40895126.0,222712.0,0.547575071398516,42.7346568242073
2025-02-28,Bihar,MTNL,0.0,0.0,0.0,,0.0
2025-02-28,Bihar,Reliance Com.,0.0,0.0,0.0,,0.0
2025-02-28,Bihar,Reliance Jio,41054184.0,41361261.0,307077.0,0.7479797917795662,43.22175935223844
2025-02-28,Bihar,Vodafone Idea,7532447.0,7656740.0,124293.0,1.6501012220862623,8.001152907370452
2025-02-28,Delhi,BSNL,0.0,0.0,0.0,,0.0
2025-02-28,Delhi,Bharti Airtel,18561878.0,18682396.0,120518.0,0.6492769750991791,33.49182243729931
2025-02-28,Delhi,MTNL,789583.0,789439.0,-144.0,-0.0182374747176674,1.4152226948341708
2025-02-28,Delhi,Reliance Com.,2.0,1.0,-1.0,-50.0,1.7926941724872608e-06
2025-02-28,Delhi,Reliance Jio,19699756.0,19700790.0,1034.0,0.0052487959749349,35.3174914263953
2025-02-28,Delhi,Vodafone Idea,16605020.0,16609337.0,4317.0,0.0259981620016115,29.77546164877704
2025-02-28,Gujarat,BSNL,3310773.0,3302506.0,-8267.0,-0.2496999945329988,5.057635886866902
2025-02-28,Gujarat,Bharti Airtel,12308365.0,12352213.0,43848.0,0.356245528955308,18.91684549582162
2025-02-28,Gujarat,MTNL,0.0,0.0,0.0,,0.0
2025-02-28,Gujarat,Reliance Com.,16.0,13.0,-3.0,-18.75,1.9908901461275083e-05
2025-02-28,Gujarat,Reliance Jio,29884152.0,29967554.0,83402.0,0.2790843789042432,45.89392920164922
2025-02-28,Gujarat,Vodafone Idea,19682084.0,19675139.0,-6945.0,-0.0352858975706027,30.1315695067608
2025-02-28,Haryana,BSNL,4188584.0,4204949.0,16365.0,0.3907048300810011,16.122678469096112
2025-02-28,Haryana,Bharti Airtel,7134781.0,7191413.0,56632.0,0.7937454562375496,27.57342349157573
2025-02-28,Haryana,MTNL,0.0,0.0,0.0,,0.0
2025-02-28,Haryana,Reliance Com.,0.0,0.0,0.0,,0.0
2025-02-28,Haryana,Reliance Jio,8313864.0,8314955.0,1091.0,0.0131226587300441,31.88132506482316
2025-02-28,Haryana,Vodafone Idea,6369739.0,6369641.0,-98.0,-0.0015385245769096,24.422572974505
2025-02-28,Himachal Pradesh,BSNL,1668449.0,1672546.0,4097.0,0.245557400915461,18.95061678737132
2025-02-28,Himachal Pradesh,Bharti Airtel,3565291.0,3569833.0,4542.0,0.127394930736369,40.447639214653655
2025-02-28,Himachal Pradesh,MTNL,0.0,0.0,0.0,,0.0
2025-02-28,Himachal Pradesh,Reliance Com.,0.0,0.0,0.0,,0.0
2025-02-28,Himachal Pradesh,Reliance Jio,3216554.0,3212893.0,-3661.0,-0.1138174580622616,36.40336589954942
2025-02-28,Himachal Pradesh,Vodafone Idea,374422.0,370541.0,-3881.0,-1.0365309730731636,4.198378098425607
2025-02-28,J&K,BSNL,869359.0,862014.0,-7345.0,-0.844875362192144,7.128734585809053
2025-02-28,J&K,Bharti Airtel,6110170.0,6132818.0,22648.0,0.3706607181142259,50.7175426212014
2025-02-28,J&K,MTNL,0.0,0.0,0.0,,0.0
2025-02-28,J&K,Reliance Com.,0.0,0.0,0.0,,0.0
2025-02-28,J&K,Reliance Jio,4879387.0,4848972.0,-30415.0,-0.6233364969821004,40.10031670253581
2025-02-28,J&K,Vodafone Idea,258390.0,248300.0,-10090.0,-3.904949881961376,2.0534060904537377
2025-02-28,Karnataka,BSNL,4564330.0,4568771.0,4441.0,0.0972979604892722,6.702376421803141
2025-02-28,Karnataka,Bharti Airtel,32216163.0,32280135.0,63972.0,0.1985711333779879,47.35488290321891
2025-02-28,Karnataka,MTNL,0.0,0.0,0.0,,0.0
2025-02-28,Karnataka,Reliance Com.,427.0,411.0,-16.0,-3.747072599531616,0.0006029360432731
2025-02-28,Karnataka,Reliance Jio,24561452.0,24638183.0,76731.0,0.3124041689391979,36.14415710817438
2025-02-28,Karnataka,Vodafone Idea,6572969.0,6678934.0,105965.0,1.6121329645705007,9.797980630760296
2025-02-28,Kerala,BSNL,8743507.0,8749409.0,5902.0,0.0675015185554263,21.16326635065881
2025-02-28,Kerala,Bharti Airtel,8891514.0,8892846.0,1332.0,0.0149805758614337,21.510214977193407
2025-02-28,Kerala,MTNL,0.0,0.0,0.0,,0.0
2025-02-28,Kerala,Reliance Com.,0.0,0.0,0.0,,0.0
2025-02-28,Kerala,Reliance Jio,10710707.0,10718043.0,7336.0,0.0684922106449182,25.92504233906704
2025-02-28,Kerala,Vodafone Idea,12991598.0,12982134.0,-9464.0,-0.0728470816292191,31.40147633308074
2025-02-28,Kolkata,BSNL,1460493.0,1453411.0,-7082.0,-0.4849047547643159,6.462491885819029
2025-02-28,Kolkata,Bharti Airtel,5450894.0,5461847.0,10953.0,0.200939515609733,24.28572641811917
2025-02-28,Kolkata,MTNL,0.0,0.0,0.0,,0.0
2025-02-28,Kolkata,Reliance Com.,0.0,0.0,0.0,,0.0
2025-02-28,Kolkata,Reliance Jio,10667894.0,10685633.0,17739.0,0.1662839919481764,47.51293099979293
2025-02-28,Kolkata,Vodafone Idea,4905270.0,4889056.0,-16214.0,-0.3305424573978598,21.738850696268877
2025-02-28,Madhya Pradesh,BSNL,5146819.0,5150121.0,3302.0,0.0641561321662953,6.402243880304123
2025-02-28,Madhya Pradesh,Bharti Airtel,16521520.0,16591031.0,69511.0,0.4207300538933463,20.62472448466473
2025-02-28,Madhya Pradesh,MTNL,0.0,0.0,0.0,,0.0
2025-02-28,Madhya Pradesh,Reliance Com.,0.0,0.0,0.0,,0.0
2025-02-28,Madhya Pradesh,Reliance Jio,44530127.0,44977398.0,447271.0,1.0044233648828351,55.912525375132525
2025-02-28,Madhya Pradesh,Vodafone Idea,13784241.0,13723887.0,-60354.0,-0.437847829271122,17.060506259898617
2025-02-28,Maharashtra,BSNL,5428930.0,5299872.0,-129058.0,-2.3772271884146603,5.845045083039253
2025-02-28,Maharashtra,Bharti Airtel,22510042.0,22587314.0,77272.0,0.3432779023690849,24.910765511839468
2025-02-28,Maharashtra,MTNL,0.0,0.0,0.0,,0.0
2025-02-28,Maharashtra,Reliance Com.,0.0,0.0,0.0,,0.0
2025-02-28,Maharashtra,Reliance Jio,42273388.0,42370458.0,97070.0,0.2296243679356856,46.72890915082877
2025-02-28,Maharashtra,Vodafone Idea,20513105.0,20415258.0,-97847.0,-0.4769975096407882,22.51528025429251
2025-02-28,Mumbai,BSNL,0.0,0.0,0.0,,0.0
2025-02-28,Mumbai,Bharti Airtel,10099114.0,10129508.0,30394.0,0.3009570938599168,29.717212467530608
2025-02-28,Mumbai,MTNL,212730.0,210840.0,-1890.0,-0.8884501480750246,0.6185470288047705
2025-02-28,Mumbai,Reliance Com.,58.0,66.0,8.0,13.79310344827586,0.0001936259908039
2025-02-28,Mumbai,Reliance Jio,12943616.0,13045333.0,101717.0,0.7858468607226913,38.271447386258885
2025-02-28,Mumbai,Vodafone Idea,10682247.0,10700586.0,18339.0,0.1716773633861864,31.39259949141493
2025-02-28,North East,BSNL,1286014.0,1287306.0,1292.0,0.1004654692717186,10.280492503013935
2025-02-28,North East,Bharti Airtel,6273468.0,6297679.0,24211.0,0.3859268908361372,50.29359122530952
2025-02-28,North East,MTNL,0.0,0.0,0.0,,0.0
2025-02-28,North East,Reliance Com.,0.0,0.0,0.0,,0.0
2025-02-28,North East,Reliance Jio,4254085.0,4293124.0,39039.0,0.9176826509108305,34.28511099653789
2025-02-28,North East,Vodafone Idea,649714.0,643723.0,-5991.0,-0.922098030825871,5.1408052751386535
2025-02-28,Odisha,BSNL,5577316.0,5573420.0,-3896.0,-0.0698543887418249,16.108204293401677
2025-02-28,Odisha,Bharti Airtel,11749063.0,11810695.0,61632.0,0.5245694912011281,34.135071088677634
2025-02-28,Odisha,MTNL,0.0,0.0,0.0,,0.0
2025-02-28,Odisha,Reliance Com.,0.0,0.0,0.0,,0.0
2025-02-28,Odisha,Reliance Jio,15706581.0,15821044.0,114463.0,0.7287582192458053,45.72571399372322
2025-02-28,Odisha,Vodafone Idea,1384864.0,1394725.0,9861.0,0.7120554798160685,4.031010624197468
2025-02-28,Punjab,BSNL,4092355.0,4060849.0,-31506.0,-0.7698745587809465,11.962011997451622
2025-02-28,Punjab,Bharti Airtel,12422911.0,12500330.0,77419.0,0.6231953203238758,36.82212695722112
2025-02-28,Punjab,MTNL,0.0,0.0,0.0,,0.0
2025-02-28,Punjab,Reliance Com.,6.0,6.0,0.0,0.0,1.7674154341791518e-05
2025-02-28,Punjab,Reliance Jio,11299809.0,11328559.0,28750.0,0.2544290792879773,33.37045003934856
2025-02-28,Punjab,Vodafone Idea,6077318.0,6058132.0,-19186.0,-0.3156984709373444,17.84539333182435
2025-02-28,Rajasthan,BSNL,5614566.0,5622038.0,7472.0,0.1330824145624078,8.717862867114214
2025-02-28,Rajasthan,Bharti Airtel,23235660.0,23346647.0,110987.0,0.477658048017573,36.20268432069002
2025-02-28,Rajasthan,MTNL,0.0,0.0,0.0,,0.0
2025-02-28,Rajasthan,Reliance Com.,81.0,80.0,-1.0,-1.2345679012345678,0.0001240527063974
2025-02-28,Rajasthan,Reliance Jio,26245012.0,26301466.0,56454.0,0.2151037309489513,40.784600493996486
2025-02-28,Rajasthan,Vodafone Idea,9219961.0,9218487.0,-1474.0,-0.0159870524398096,14.294728265492887
2025-02-28,Tamil Nadu,BSNL,7775426.0,7803561.0,28135.0,0.3618451259133583,10.094836388281928
2025-02-28,Tamil Nadu,Bharti Airtel,29966292.0,30067680.0,101388.0,0.3383401590026554,38.896128341306834
2025-02-28,Tamil Nadu,MTNL,0.0,0.0,0.0,,0.0
2025-02-28,Tamil Nadu,Reliance Com.,0.0,0.0,0.0,,0.0
2025-02-28,Tamil Nadu,Reliance Jio,24639667.0,24623436.0,-16231.0,-0.0658734551891468,31.85334973832218
2025-02-28,Tamil Nadu,Vodafone Idea,14854350.0,14807824.0,-46526.0,-0.3132146475611521,19.15568553208906
2025-02-28,U.P.(E),BSNL,8195114.0,8081460.0,-113654.0,-1.3868507503373353,7.91828481665217
2025-02-28,U.P.(E),Bharti Airtel,36432568.0,36539391.0,106823.0,0.2932074401123741,35.8016131942764
2025-02-28,U.P.(E),MTNL,0.0,0.0,0.0,,0.0
2025-02-28,U.P.(E),Reliance Com.,0.0,0.0,0.0,,0.0
2025-02-28,U.P.(E),Reliance Jio,41139830.0,41378733.0,238903.0,0.5807097404145812,40.54324258812196
2025-02-28,U.P.(E),Vodafone Idea,15975202.0,16061155.0,85953.0,0.5380401449696849,15.736859400949468
2025-02-28,U.P.(W),BSNL,5158043.0,4995971.0,-162072.0,-3.142121924923852,7.985674358709144
2025-02-28,U.P.(W),Bharti Airtel,18808741.0,18893870.0,85129.0,0.4526033932840055,30.20039411673605
2025-02-28,U.P.(W),MTNL,0.0,0.0,0.0,,0.0
2025-02-28,U.P.(W),Reliance Com.,0.0,0.0,0.0,,0.0
2025-02-28,U.P.(W),Reliance Jio,24143459.0,24260684.0,117225.0,0.4855352333731467,38.77883241186652
2025-02-28,U.P.(W),Vodafone Idea,14446899.0,14411142.0,-35757.0,-0.2475064025850807,23.03509911268829
2025-02-28,West Bengal,BSNL,2680341.0,2669657.0,-10684.0,-0.3986059982666385,4.680836813217015
2025-02-28,West Bengal,Bharti Airtel,18310281.0,18414246.0,103965.0,0.5677957645761963,32.28657485378615
2025-02-28,West Bengal,MTNL,0.0,0.0,0.0,,0.0
2025-02-28,West Bengal,Reliance Com.,9.0,9.0,0.0,0.0,1.578012880267133e-05
2025-02-28,West Bengal,Reliance Jio,24130088.0,24227775.0,97687.0,0.4048348269596033,42.47971223357116
2025-02-28,West Bengal,Vodafone Idea,11742282.0,11722068.0,-20214.0,-0.1721471175705029,20.55286031929688
2025-03-31,Andhra Pradesh,BSNL,6903380.0,6937453.0,34073.0,0.4935698165246589,8.425782454430115
2025-03-31,Andhra Pradesh,Bharti Airtel,33860754.0,33923195.0,62441.0,0.1844052261801376,41.20092218703484
2025-03-31,Andhra Pradesh,MTNL,0.0,0.0,0.0,,0.0
2025-03-31,Andhra Pradesh,Reliance Com.,0.0,0.0,0.0,,0.0
2025-03-31,Andhra Pradesh,Reliance Jio,31790196.0,31776074.0,-14122.0,-0.0444225005721889,38.593167662522966
2025-03-31,Andhra Pradesh,Vodafone Idea,9845623.0,9699287.0,-146336.0,-1.486305132747821,11.780127696012082
2025-03-31,Assam,BSNL,2967914.0,2970848.0,2934.0,0.0988573119032424,11.270796698682654
2025-03-31,Assam,Bharti Airtel,12055507.0,12241287.0,185780.0,1.541038464827734,46.44096806946262
2025-03-31,Assam,MTNL,0.0,0.0,0.0,,0.0
2025-03-31,Assam,Reliance Com.,0.0,0.0,0.0,,0.0
2025-03-31,Assam,Reliance Jio,9722615.0,9726580.0,3965.0,0.04078120958199,36.90067810721811
2025-03-31,Assam,Vodafone Idea,1417678.0,1420096.0,2418.0,0.1705605927439094,5.387557124636616
2025-03-31,Bihar,BSNL,5782332.0,5771775.0,-10557.0,-0.1825733977225797,5.99189573852781
2025-03-31,Bihar,Bharti Airtel,40895126.0,41096191.0,201065.0,0.4916600574846009,42.66349463078949
2025-03-31,Bihar,MTNL,0.0,0.0,0.0,,0.0
2025-03-31,Bihar,Reliance Com.,0.0,0.0,0.0,,0.0
2025-03-31,Bihar,Reliance Jio,41361261.0,41730845.0,369584.0,0.8935510936187366,43.32235271136948
2025-03-31,Bihar,Vodafone Idea,7656740.0,7727548.0,70808.0,0.9247799977536132,8.022256919313229
2025-03-31,Delhi,BSNL,0.0,0.0,0.0,,0.0
2025-03-31,Delhi,Bharti Airtel,18682396.0,18771602.0,89206.0,0.4774869347593317,33.44913849268664
2025-03-31,Delhi,MTNL,789439.0,789314.0,-125.0,-0.0158340289750063,1.406479494942225
2025-03-31,Delhi,Reliance Com.,1.0,1.0,0.0,0.0,1.7819011127918992e-06
2025-03-31,Delhi,Reliance Jio,19700790.0,19802703.0,101913.0,0.5173041284131246,35.28645851198748
2025-03-31,Delhi,Vodafone Idea,16609337.0,16756217.0,146880.0,0.8843218726912458,29.857921718482537
2025-03-31,Gujarat,BSNL,3302506.0,3266954.0,-35552.0,-1.0765158337335343,4.99738509328637
2025-03-31,Gujarat,Bharti Airtel,12352213.0,12359251.0,7038.0,0.0569776444107626,18.90566463794246
2025-03-31,Gujarat,MTNL,0.0,0.0,0.0,,0.0
2025-03-31,Gujarat,Reliance Com.,13.0,1.0,-12.0,-92.3076923076923,1.5296772140918945e-06
2025-03-31,Gujarat,Reliance Jio,29967554.0,30117232.0,149678.0,0.4994668567211057,46.069643541919255
2025-03-31,Gujarat,Vodafone Idea,19675139.0,19629831.0,-45308.0,-0.2302804569766953,30.0273051971747
2025-03-31,Haryana,BSNL,4204949.0,4212938.0,7989.0,0.1899904136768365,16.12503350500578
2025-03-31,Haryana,Bharti Airtel,7191413.0,7245664.0,54251.0,0.7543858209784364,27.732801851347965
2025-03-31,Haryana,MTNL,0.0,0.0,0.0,,0.0
2025-03-31,Haryana,Reliance Com.,0.0,0.0,0.0,,0.0
2025-03-31,Haryana,Reliance Jio,8314955.0,8303012.0,-11943.0,-0.1436327677058985,31.77980466184526
2025-03-31,Haryana,Vodafone Idea,6369641.0,6365079.0,-4562.0,-0.0716209908847296,24.36235998180099
2025-03-31,Himachal Pradesh,BSNL,1672546.0,1682282.0,9736.0,0.582106560895784,18.99954033789118
2025-03-31,Himachal Pradesh,Bharti Airtel,3569833.0,3575615.0,5782.0,0.1619683609849536,40.38267152907108
2025-03-31,Himachal Pradesh,MTNL,0.0,0.0,0.0,,0.0
2025-03-31,Himachal Pradesh,Reliance Com.,0.0,0.0,0.0,,0.0
2025-03-31,Himachal Pradesh,Reliance Jio,3212893.0,3216541.0,3648.0,0.1135425300500203,36.32732233833616
2025-03-31,Himachal Pradesh,Vodafone Idea,370541.0,379892.0,9351.0,2.52360737408276,4.290465794701576
2025-03-31,J&K,BSNL,862014.0,866466.0,4452.0,0.5164649298039243,7.113170175790448
2025-03-31,J&K,Bharti Airtel,6132818.0,6179009.0,46191.0,0.7531774137109564,50.72598640309114
2025-03-31,J&K,MTNL,0.0,0.0,0.0,,0.0
2025-03-31,J&K,Reliance Com.,0.0,0.0,0.0,,0.0
2025-03-31,J&K,Reliance Jio,4848972.0,4873069.0,24097.0,0.4969506938790325,40.00499624378682
2025-03-31,J&K,Vodafone Idea,248300.0,262607.0,14307.0,5.761981474023359,2.1558471773316006
2025-03-31,Karnataka,BSNL,4568771.0,4573403.0,4632.0,0.101383938919241,6.69653274776463
2025-03-31,Karnataka,Bharti Airtel,32280135.0,32306447.0,26312.0,0.0815114311015118,47.30420220991293
2025-03-31,Karnataka,MTNL,0.0,0.0,0.0,,0.0
2025-03-31,Karnataka,Reliance Com.,411.0,412.0,1.0,0.24330900243309,0.0006032644602015
2025-03-31,Karnataka,Reliance Jio,24638183.0,24786795.0,148612.0,0.6031775963349245,36.293671130584514
2025-03-31,Karnataka,Vodafone Idea,6678934.0,6628032.0,-50902.0,-0.7621276089867035,9.704990647277729
2025-03-31,Kerala,BSNL,8749409.0,8780341.0,30932.0,0.3535324500203385,21.25145129915629
2025-03-31,Kerala,Bharti Airtel,8892846.0,8915860.0,23014.0,0.2587922921413459,21.57945398477071
2025-03-31,Kerala,MTNL,0.0,0.0,0.0,,0.0
2025-03-31,Kerala,Reliance Com.,0.0,0.0,0.0,,0.0
2025-03-31,Kerala,Reliance Jio,10718043.0,10699305.0,-18738.0,-0.174826691775728,25.896005535812268
2025-03-31,Kerala,Vodafone Idea,12982134.0,12920924.0,-61210.0,-0.4714941318584448,31.273089180260733
2025-03-31,Kolkata,BSNL,1453411.0,1454781.0,1370.0,0.0942610177024943,6.479615867961627
2025-03-31,Kolkata,Bharti Airtel,5461847.0,5435465.0,-26382.0,-0.4830234168038761,24.209640670142136
2025-03-31,Kolkata,MTNL,0.0,0.0,0.0,,0.0
2025-03-31,Kolkata,Reliance Com.,0.0,0.0,0.0,,0.0
2025-03-31,Kolkata,Reliance Jio,10685633.0,10710207.0,24574.0,0.2299723376237982,47.70341874574503
2025-03-31,Kolkata,Vodafone Idea,4889056.0,4851202.0,-37854.0,-0.7742598980253038,21.60732471615121
2025-03-31,Madhya Pradesh,BSNL,5150121.0,5164051.0,13930.0,0.2704790819477833,6.407012438116613
2025-03-31,Madhya Pradesh,Bharti Airtel,16591031.0,16642059.0,51028.0,0.30756376743555,20.647719979696276
2025-03-31,Madhya Pradesh,MTNL,0.0,0.0,0.0,,0.0
2025-03-31,Madhya Pradesh,Reliance Com.,0.0,0.0,0.0,,0.0
2025-03-31,Madhya Pradesh,Reliance Jio,44977398.0,45194727.0,217329.0,0.4831960265909557,56.0728734139699
2025-03-31,Madhya Pradesh,Vodafone Idea,13723887.0,13599147.0,-124740.0,-0.9089261664716416,16.872394168217205
2025-03-31,Maharashtra,BSNL,5299872.0,5301279.0,1407.0,0.0265478109660006,5.840975241022304
2025-03-31,Maharashtra,Bharti Airtel,22587314.0,22583417.0,-3897.0,-0.0172530474407005,24.882519775828094
2025-03-31,Maharashtra,MTNL,0.0,0.0,0.0,,0.0
2025-03-31,Maharashtra,Reliance Com.,0.0,0.0,0.0,,0.0
2025-03-31,Maharashtra,Reliance Jio,42370458.0,42565948.0,195490.0,0.4613827870352499,46.89937058182428
2025-03-31,Maharashtra,Vodafone Idea,20415258.0,20309525.0,-105733.0,-0.5179116521574206,22.37713440132532
2025-03-31,Mumbai,BSNL,0.0,0.0,0.0,,0.0
2025-03-31,Mumbai,Bharti Airtel,10129508.0,10124250.0,-5258.0,-0.0519077530715213,29.58876720761765
2025-03-31,Mumbai,MTNL,210840.0,208915.0,-1925.0,-0.9130146082337318,0.6105674298026463
2025-03-31,Mumbai,Reliance Com.,66.0,56.0,-10.0,-15.151515151515152,0.0001636635764255
2025-03-31,Mumbai,Reliance Jio,13045333.0,13172111.0,126778.0,0.9718264761811752,38.49633563097511
2025-03-31,Mumbai,Vodafone Idea,10700586.0,10711200.0,10614.0,0.0991908293620555,31.304166068028167
2025-03-31,North East,BSNL,1287306.0,1290499.0,3193.0,0.2480373741752155,10.199724271323785
2025-03-31,North East,Bharti Airtel,6297679.0,6419608.0,121929.0,1.936094234082112,50.73869218804844
2025-03-31,North East,MTNL,0.0,0.0,0.0,,0.0
2025-03-31,North East,Reliance Com.,0.0,0.0,0.0,,0.0
2025-03-31,North East,Reliance Jio,4293124.0,4305145.0,12021.0,0.2800058884858671,34.02659897300829
2025-03-31,North East,Vodafone Idea,643723.0,637041.0,-6682.0,-1.0380241190698485,5.034984567619482
2025-03-31,Odisha,BSNL,5573420.0,5573279.0,-141.0,-0.0025298649662146,15.958257258853967
2025-03-31,Odisha,Bharti Airtel,11810695.0,11996212.0,185517.0,1.5707543036205744,34.34937264539441
2025-03-31,Odisha,MTNL,0.0,0.0,0.0,,0.0
2025-03-31,Odisha,Reliance Com.,0.0,0.0,0.0,,0.0
2025-03-31,Odisha,Reliance Jio,15821044.0,15956645.0,135601.0,0.857092616644009,45.689484753626346
2025-03-31,Odisha,Vodafone Idea,1394725.0,1397972.0,3247.0,0.232805750237502,4.002885342125274
2025-03-31,Punjab,BSNL,4060849.0,4092007.0,31158.0,0.767277975615444,12.020900938545218
2025-03-31,Punjab,Bharti Airtel,12500330.0,12564173.0,63843.0,0.5107305167143588,36.90919370561792
2025-03-31,Punjab,MTNL,0.0,0.0,0.0,,0.0
2025-03-31,Punjab,Reliance Com.,6.0,6.0,0.0,0.0,1.7625924303470474e-05
2025-03-31,Punjab,Reliance Jio,11328559.0,11347016.0,18457.0,0.1629245167015504,33.33360751437805
2025-03-31,Punjab,Vodafone Idea,6058132.0,6037566.0,-20566.0,-0.3394775815383355,17.736280215534503
2025-03-31,Rajasthan,BSNL,5622038.0,5634425.0,12387.0,0.2203293538748759,8.71910651157484
2025-03-31,Rajasthan,Bharti Airtel,23346647.0,23434836.0,88189.0,0.3777373256211052,36.26471754709459
2025-03-31,Rajasthan,MTNL,0.0,0.0,0.0,,0.0
2025-03-31,Rajasthan,Reliance Com.,80.0,81.0,1.0,1.25,0.0001253451110694
2025-03-31,Rajasthan,Reliance Jio,26301466.0,26378934.0,77468.0,0.2945387150663008,40.82062237190182
2025-03-31,Rajasthan,Vodafone Idea,9218487.0,9173311.0,-45176.0,-0.4900587265567549,14.195428224317672
2025-03-31,Tamil Nadu,BSNL,7803561.0,7783902.0,-19659.0,-0.2519234487947233,10.072450871144689
2025-03-31,Tamil Nadu,Bharti Airtel,30067680.0,30155175.0,87495.0,0.2909935186219888,39.02111289405628
2025-03-31,Tamil Nadu,MTNL,0.0,0.0,0.0,,0.0
2025-03-31,Tamil Nadu,Reliance Com.,0.0,0.0,0.0,,0.0
2025-03-31,Tamil Nadu,Reliance Jio,24623436.0,24608262.0,-15174.0,-0.0616242184884351,31.843349263551453
2025-03-31,Tamil Nadu,Vodafone Idea,14807824.0,14731787.0,-76037.0,-0.5134920566316834,19.06308697124758
2025-03-31,U.P.(E),BSNL,8081460.0,8081876.0,416.0,0.0051475847186028,7.893024496546324
2025-03-31,U.P.(E),Bharti Airtel,36539391.0,36484630.0,-54761.0,-0.1498683981897782,35.63208323629674
2025-03-31,U.P.(E),MTNL,0.0,0.0,0.0,,0.0
2025-03-31,U.P.(E),Reliance Com.,0.0,0.0,0.0,,0.0
2025-03-31,U.P.(E),Reliance Jio,41378733.0,41697984.0,319251.0,0.7715340148283418,40.72361530523317
2025-03-31,U.P.(E),Vodafone Idea,16061155.0,16128148.0,66993.0,0.4171119698427666,15.751276961923766
2025-03-31,U.P.(W),BSNL,4995971.0,4984322.0,-11649.0,-0.2331678866830892,7.956931135214535
2025-03-31,U.P.(W),Bharti Airtel,18893870.0,18885824.0,-8046.0,-0.042585240609785,30.14917595608428
2025-03-31,U.P.(W),MTNL,0.0,0.0,0.0,,0.0
2025-03-31,U.P.(W),Reliance Com.,0.0,0.0,0.0,,0.0
2025-03-31,U.P.(W),Reliance Jio,24260684.0,24399462.0,138778.0,0.5720283896364999,38.95110285216002
2025-03-31,U.P.(W),Vodafone Idea,14411142.0,14371653.0,-39489.0,-0.2740171459000265,22.942790056541167
2025-03-31,West Bengal,BSNL,2669657.0,2637783.0,-31874.0,-1.193936149849962,4.618130591518447
2025-03-31,West Bengal,Bharti Airtel,18414246.0,18464267.0,50021.0,0.2716429442726028,32.32653947753266
2025-03-31,West Bengal,MTNL,0.0,0.0,0.0,,0.0
2025-03-31,West Bengal,Reliance Com.,9.0,9.0,0.0,0.0,1.5756859197161412e-05
2025-03-31,West Bengal,Reliance Jio,24227775.0,24395255.0,167480.0,0.6912727231452331,42.71028867931644
2025-03-31,West Bengal,Vodafone Idea,11722068.0,11620668.0,-101400.0,-0.8650350774283173,20.345025494773257
2025-04-30,Andhra Pradesh,BSNL,6937453.0,6939168.0,1715.0,0.0247208881991705,8.414521781527586
2025-04-30,Andhra Pradesh,Bharti Airtel,33923195.0,33965795.0,42600.0,0.125577794190671,41.18734722295249
2025-04-30,Andhra Pradesh,MTNL,0.0,0.0,0.0,,0.0
2025-04-30,Andhra Pradesh,Reliance Com.,0.0,0.0,0.0,,0.0
2025-04-30,Andhra Pradesh,Reliance Jio,31776074.0,31871384.0,95310.0,0.2999426549673821,38.64763828681331
2025-04-30,Andhra Pradesh,Vodafone Idea,9699287.0,9690229.0,-9058.0,-0.0933883078209769,11.750492708706616
2025-04-30,Assam,BSNL,2970848.0,2969614.0,-1234.0,-0.0415369618371589,11.223558658615696
2025-04-30,Assam,Bharti Airtel,12241287.0,12314102.0,72815.0,0.5948312460936501,46.540744394785605
2025-04-30,Assam,MTNL,0.0,0.0,0.0,,0.0
2025-04-30,Assam,Reliance Com.,0.0,0.0,0.0,,0.0
2025-04-30,Assam,Reliance Jio,9726580.0,9752800.0,26220.0,0.2695705993267931,36.86038754051778
2025-04-30,Assam,Vodafone Idea,1420096.0,1422240.0,2144.0,0.1509757086844833,5.375309406080921
2025-04-30,Bihar,BSNL,5771775.0,5752352.0,-19423.0,-0.3365169293674823,5.954351283261705
2025-04-30,Bihar,Bharti Airtel,41096191.0,40967773.0,-128418.0,-0.3124815144060431,42.40639511193408
2025-04-30,Bihar,MTNL,0.0,0.0,0.0,,0.0
2025-04-30,Bihar,Reliance Com.,0.0,0.0,0.0,,0.0
2025-04-30,Bihar,Reliance Jio,41730845.0,42106190.0,375345.0,0.8994426065419956,43.58478870204068
2025-04-30,Bihar,Vodafone Idea,7727548.0,7781220.0,53672.0,0.694554081061677,8.054464902763538
2025-04-30,Delhi,BSNL,0.0,0.0,0.0,,0.0
2025-04-30,Delhi,Bharti Airtel,18771602.0,18877637.0,106035.0,0.564869210416884,33.49751774148926
2025-04-30,Delhi,MTNL,789314.0,788984.0,-330.0,-0.041808456457126,1.4000166195457178
2025-04-30,Delhi,Reliance Com.,1.0,1.0,0.0,0.0,1.774455020058351e-06
2025-04-30,Delhi,Reliance Jio,19802703.0,19892440.0,89737.0,0.453155309151483,35.298240019209544
2025-04-30,Delhi,Vodafone Idea,16756217.0,16796269.0,40052.0,0.2390276993906201,29.80422384530045
2025-04-30,Gujarat,BSNL,3266954.0,3260886.0,-6068.0,-0.1857387646107046,4.956022313366978
2025-04-30,Gujarat,Bharti Airtel,12359251.0,12401101.0,41850.0,0.3386127525041768,18.8476792093675
2025-04-30,Gujarat,MTNL,0.0,0.0,0.0,,0.0
2025-04-30,Gujarat,Reliance Com.,1.0,1.0,0.0,0.0,1.5198391827763922e-06
2025-04-30,Gujarat,Reliance Jio,30117232.0,30453865.0,336633.0,1.1177421616966658,46.28497729398257
2025-04-30,Gujarat,Vodafone Idea,19629831.0,19680582.0,50751.0,0.2585401779567027,29.91131966344377
2025-04-30,Haryana,BSNL,4212938.0,4199581.0,-13357.0,-0.317047153316759,16.073183607406545
2025-04-30,Haryana,Bharti Airtel,7245664.0,7256973.0,11309.0,0.1560795532334924,27.774832647112145
2025-04-30,Haryana,MTNL,0.0,0.0,0.0,,0.0
2025-04-30,Haryana,Reliance Com.,0.0,0.0,0.0,,0.0
2025-04-30,Haryana,Reliance Jio,8303012.0,8333583.0,30571.0,0.3681916875466397,31.89537472108809
2025-04-30,Haryana,Vodafone Idea,6365079.0,6337736.0,-27343.0,-0.4295783288785575,24.25660902439322
2025-04-30,Himachal Pradesh,BSNL,1682282.0,1686251.0,3969.0,0.2359295290563651,19.002644873599383
2025-04-30,Himachal Pradesh,Bharti Airtel,3575615.0,3575366.0,-249.0,-0.0069638369902799,40.29139813179742
2025-04-30,Himachal Pradesh,MTNL,0.0,0.0,0.0,,0.0
2025-04-30,Himachal Pradesh,Reliance Com.,0.0,0.0,0.0,,0.0
2025-04-30,Himachal Pradesh,Reliance Jio,3216541.0,3230655.0,14114.0,0.4387943446080743,36.40679215260256
2025-04-30,Himachal Pradesh,Vodafone Idea,379892.0,381498.0,1606.0,0.4227517294388931,4.299164842000637
2025-04-30,J&K,BSNL,866466.0,865999.0,-467.0,-0.0538970946349885,7.033345323603698
2025-04-30,J&K,Bharti Airtel,6179009.0,6259328.0,80319.0,1.299868635892908,50.83610410370184
2025-04-30,J&K,MTNL,0.0,0.0,0.0,,0.0
2025-04-30,J&K,Reliance Com.,0.0,0.0,0.0,,0.0
2025-04-30,J&K,Reliance Jio,4873069.0,4921318.0,48249.0,0.9901152641179513,39.96924816456683
2025-04-30,J&K,Vodafone Idea,262607.0,266116.0,3509.0,1.3362172371642798,2.1613024081276326
2025-04-30,Karnataka,BSNL,4573403.0,4570631.0,-2772.0,-0.0606113215913839,6.667242372367468
2025-04-30,Karnataka,Bharti Airtel,32306447.0,32337705.0,31258.0,0.0967546818131997,47.171455538878405
2025-04-30,Karnataka,MTNL,0.0,0.0,0.0,,0.0
2025-04-30,Karnataka,Reliance Com.,412.0,410.0,-2.0,-0.4854368932038834,0.0005980726452585
2025-04-30,Karnataka,Reliance Jio,24786795.0,24907184.0,120389.0,0.4856981307990807,36.332452245905
2025-04-30,Karnataka,Vodafone Idea,6628032.0,6737615.0,109583.0,1.6533263569035272,9.82825177020386
2025-04-30,Kerala,BSNL,8780341.0,8786312.0,5971.0,0.0680041925478748,21.20903986687202
2025-04-30,Kerala,Bharti Airtel,8915860.0,8979470.0,63610.0,0.7134477212517918,21.675298716160007
2025-04-30,Kerala,MTNL,0.0,0.0,0.0,,0.0
2025-04-30,Kerala,Reliance Com.,0.0,0.0,0.0,,0.0
2025-04-30,Kerala,Reliance Jio,10699305.0,10775087.0,75782.0,0.7082889963413511,26.009689816616397
2025-04-30,Kerala,Vodafone Idea,12920924.0,12886334.0,-34590.0,-0.2677053127160256,31.105971600351584
2025-04-30,Kolkata,BSNL,1454781.0,1455425.0,644.0,0.0442678313780562,6.487228682917741
2025-04-30,Kolkata,Bharti Airtel,5435465.0,5414409.0,-21056.0,-0.3873817603461709,24.133506959031184
2025-04-30,Kolkata,MTNL,0.0,0.0,0.0,,0.0
2025-04-30,Kolkata,Reliance Com.,0.0,0.0,0.0,,0.0
2025-04-30,Kolkata,Reliance Jio,10710207.0,10767827.0,57620.0,0.5379914692591843,47.99516029138986
2025-04-30,Kolkata,Vodafone Idea,4851202.0,4797574.0,-53628.0,-1.105457987525566,21.38410406666121
2025-04-30,Madhya Pradesh,BSNL,5164051.0,5129940.0,-34111.0,-0.6605473106288068,6.355274479276725
2025-04-30,Madhya Pradesh,Bharti Airtel,16642059.0,16632103.0,-9956.0,-0.059824328227655,20.604837431354337
2025-04-30,Madhya Pradesh,MTNL,0.0,0.0,0.0,,0.0
2025-04-30,Madhya Pradesh,Reliance Com.,0.0,0.0,0.0,,0.0
2025-04-30,Madhya Pradesh,Reliance Jio,45194727.0,45566747.0,372020.0,0.8231491253393344,56.450793637500496
2025-04-30,Madhya Pradesh,Vodafone Idea,13599147.0,13390619.0,-208528.0,-1.5333902927882168,16.589094451868448
2025-04-30,Maharashtra,BSNL,5301279.0,5288032.0,-13247.0,-0.2498830942495198,5.82306909826929
2025-04-30,Maharashtra,Bharti Airtel,22583417.0,22616457.0,33040.0,0.1463020410064606,24.904764545493705
2025-04-30,Maharashtra,MTNL,0.0,0.0,0.0,,0.0
2025-04-30,Maharashtra,Reliance Com.,0.0,0.0,0.0,,0.0
2025-04-30,Maharashtra,Reliance Jio,42565948.0,42699088.0,133140.0,0.3127852338681615,47.019333441454414
2025-04-30,Maharashtra,Vodafone Idea,20309525.0,20208191.0,-101334.0,-0.4989481536372711,22.252832914782587
2025-04-30,Mumbai,BSNL,0.0,0.0,0.0,,0.0
2025-04-30,Mumbai,Bharti Airtel,10124250.0,10117466.0,-6784.0,-0.067007432649332,29.827320826895416
2025-04-30,Mumbai,MTNL,208915.0,141577.0,-67338.0,-32.23224756479908,0.4173834239432455
2025-04-30,Mumbai,Reliance Com.,56.0,64.0,8.0,14.285714285714285,0.0001886785221636
2025-04-30,Mumbai,Reliance Jio,13172111.0,12943992.0,-228119.0,-1.7318332649945023,38.16020752278956
2025-04-30,Mumbai,Vodafone Idea,10711200.0,10717031.0,5831.0,0.0544383449100007,31.594899547849607
2025-04-30,North East,BSNL,1290499.0,1290594.0,95.0,0.0073614934998012,10.174775002481423
2025-04-30,North East,Bharti Airtel,6419608.0,6441774.0,22166.0,0.3452858803839736,50.78560807413856
2025-04-30,North East,MTNL,0.0,0.0,0.0,,0.0
2025-04-30,North East,Reliance Com.,0.0,0.0,0.0,,0.0
2025-04-30,North East,Reliance Jio,4305145.0,4322201.0,17056.0,0.3961771322452553,34.075334838454395
2025-04-30,North East,Vodafone Idea,637041.0,629682.0,-7359.0,-1.1551846741418526,4.964282084925629
2025-04-30,Odisha,BSNL,5573279.0,5565278.0,-8001.0,-0.1435600119785856,15.86466681317114
2025-04-30,Odisha,Bharti Airtel,11996212.0,12000051.0,3839.0,0.0320017685582749,34.20796065462698
2025-04-30,Odisha,MTNL,0.0,0.0,0.0,,0.0
2025-04-30,Odisha,Reliance Com.,0.0,0.0,0.0,,0.0
2025-04-30,Odisha,Reliance Jio,15956645.0,16109743.0,153098.0,0.9594623431178672,45.92325938449365
2025-04-30,Odisha,Vodafone Idea,1397972.0,1404631.0,6659.0,0.4763328593133482,4.004113147708234
2025-04-30,Punjab,BSNL,4092007.0,4082258.0,-9749.0,-0.2382449492388453,12.005496064007778
2025-04-30,Punjab,Bharti Airtel,12564173.0,12536760.0,-27413.0,-0.2181838788752749,36.86930684817328
2025-04-30,Punjab,MTNL,0.0,0.0,0.0,,0.0
2025-04-30,Punjab,Reliance Com.,6.0,7.0,1.0,16.666666666666664,2.058627172708203e-05
2025-04-30,Punjab,Reliance Jio,11347016.0,11396751.0,49735.0,0.4383090673354122,33.51665898455627
2025-04-30,Punjab,Vodafone Idea,6037566.0,5987467.0,-50099.0,-0.8297880304745323,17.608517516990954
2025-04-30,Rajasthan,BSNL,5634425.0,5626191.0,-8234.0,-0.1461373609551995,8.699883372017842
2025-04-30,Rajasthan,Bharti Airtel,23434836.0,23398032.0,-36804.0,-0.1570482507323712,36.18081034482146
2025-04-30,Rajasthan,MTNL,0.0,0.0,0.0,,0.0
2025-04-30,Rajasthan,Reliance Com.,81.0,78.0,-3.0,-3.7037037037037033,0.0001206128449989
2025-04-30,Rajasthan,Reliance Jio,26378934.0,26522578.0,143644.0,0.5445405792364468,41.01235370879628
2025-04-30,Rajasthan,Vodafone Idea,9173311.0,9122850.0,-50461.0,-0.5500849148142911,14.10683196151943
2025-04-30,Tamil Nadu,BSNL,7783902.0,7758526.0,-25376.0,-0.3260061598925577,10.035215942675617
2025-04-30,Tamil Nadu,Bharti Airtel,30155175.0,30287993.0,132818.0,0.4404484470741754,39.17581125915508
2025-04-30,Tamil Nadu,MTNL,0.0,0.0,0.0,,0.0
2025-04-30,Tamil Nadu,Reliance Com.,0.0,0.0,0.0,,0.0
2025-04-30,Tamil Nadu,Reliance Jio,24608262.0,24674009.0,65747.0,0.2671744961102901,31.914439480710843
2025-04-30,Tamil Nadu,Vodafone Idea,14731787.0,14592467.0,-139320.0,-0.9457101164984262,18.874533317458468
2025-04-30,U.P.(E),BSNL,8081876.0,8065974.0,-15902.0,-0.1967612470174004,7.875229330424481
2025-04-30,U.P.(E),Bharti Airtel,36484630.0,36295702.0,-188928.0,-0.5178290145740823,35.43737891527378
2025-04-30,U.P.(E),MTNL,0.0,0.0,0.0,,0.0
2025-04-30,U.P.(E),Reliance Com.,0.0,0.0,0.0,,0.0
2025-04-30,U.P.(E),Reliance Jio,41697984.0,42010696.0,312712.0,0.7499451292417398,41.01722437125962
2025-04-30,U.P.(E),Vodafone Idea,16128148.0,16049712.0,-78436.0,-0.4863298625483844,15.670167383042118
2025-04-30,U.P.(W),BSNL,4984322.0,4979572.0,-4750.0,-0.0952988189767835,7.945798486230392
2025-04-30,U.P.(W),Bharti Airtel,18885824.0,18828814.0,-57010.0,-0.3018666275826778,30.04474315839064
2025-04-30,U.P.(W),MTNL,0.0,0.0,0.0,,0.0
2025-04-30,U.P.(W),Reliance Com.,0.0,0.0,0.0,,0.0
2025-04-30,U.P.(W),Reliance Jio,24399462.0,24576722.0,177260.0,0.7264914283765765,39.21655926736377
2025-04-30,U.P.(W),Vodafone Idea,14371653.0,14284138.0,-87515.0,-0.608941782827626,22.7928990880152
2025-04-30,West Bengal,BSNL,2637783.0,2633080.0,-4703.0,-0.1782936655517152,4.601379071620553
2025-04-30,West Bengal,Bharti Airtel,18464267.0,18469884.0,5617.0,0.0304209205813585,32.27662573596673
2025-04-30,West Bengal,MTNL,0.0,0.0,0.0,,0.0
2025-04-30,West Bengal,Reliance Com.,9.0,8.0,-1.0,-11.11111111111111,1.3980218061344287e-05
2025-04-30,West Bengal,Reliance Jio,24395255.0,24573830.0,178575.0,0.7320071054801436,42.94343775030051
2025-04-30,West Bengal,Vodafone Idea,11620668.0,11546912.0,-73756.0,-0.6346967317197255,20.178543461894137
2025-05-31,Andhra Pradesh,BSNL,6939168.0,6928049.0,-11119.0,-0.1602353480993686,8.391349572975017
2025-05-31,Andhra Pradesh,Bharti Airtel,33965795.0,34048191.0,82396.0,0.2425852243411349,41.23964380281112
2025-05-31,Andhra Pradesh,MTNL,0.0,0.0,0.0,,0.0
2025-05-31,Andhra Pradesh,Reliance Com.,0.0,0.0,0.0,,0.0
2025-05-31,Andhra Pradesh,Reliance Jio,31871384.0,31945214.0,73830.0,0.2316498084927846,38.69248873059291
2025-05-31,Andhra Pradesh,Vodafone Idea,9690229.0,9640343.0,-49886.0,-0.5148072352056902,11.676517893620945
2025-05-31,Assam,BSNL,2969614.0,2963344.0,-6270.0,-0.2111385520138307,11.204117555093909
2025-05-31,Assam,Bharti Airtel,12314102.0,12293151.0,-20951.0,-0.1701382691161726,46.47921703538982
2025-05-31,Assam,MTNL,0.0,0.0,0.0,,0.0
2025-05-31,Assam,Reliance Com.,0.0,0.0,0.0,,0.0
2025-05-31,Assam,Reliance Jio,9752800.0,9758191.0,5391.0,0.0552764334345008,36.89477802410364
2025-05-31,Assam,Vodafone Idea,1422240.0,1434019.0,11779.0,0.8282005849926876,5.421887385412632
2025-05-31,Bihar,BSNL,5752352.0,5724768.0,-27584.0,-0.4795255923142395,5.903132689013027
2025-05-31,Bihar,Bharti Airtel,40967773.0,40988647.0,20874.0,0.0509522448291245,42.26571661665866
2025-05-31,Bihar,MTNL,0.0,0.0,0.0,,0.0
2025-05-31,Bihar,Reliance Com.,0.0,0.0,0.0,,0.0
2025-05-31,Bihar,Reliance Jio,42106190.0,42434492.0,328302.0,0.7797000868518381,43.75660932755036
2025-05-31,Bihar,Vodafone Idea,7781220.0,7830567.0,49347.0,0.6341807582872608,8.074541366777952
2025-05-31,Delhi,BSNL,0.0,0.0,0.0,,0.0
2025-05-31,Delhi,Bharti Airtel,18877637.0,18955970.0,78333.0,0.4149512992542446,33.909880325445926
2025-05-31,Delhi,MTNL,788984.0,320183.0,-468801.0,-59.41831520030825,0.5727676933568818
2025-05-31,Delhi,Reliance Com.,1.0,1.0,0.0,0.0,1.7888760282615936e-06
2025-05-31,Delhi,Reliance Jio,19892440.0,19955909.0,63469.0,0.3190609095716765,35.69864723226979
2025-05-31,Delhi,Vodafone Idea,16796269.0,16668960.0,-127309.0,-0.7579599969493225,29.81870296005137
2025-05-31,Gujarat,BSNL,3260886.0,3251401.0,-9485.0,-0.2908718673391219,4.910472630051292
2025-05-31,Gujarat,Bharti Airtel,12401101.0,12410627.0,9526.0,0.0768157601490383,18.7433184049816
2025-05-31,Gujarat,MTNL,0.0,0.0,0.0,,0.0
2025-05-31,Gujarat,Reliance Com.,1.0,1.0,0.0,0.0,1.5102636156079465e-06
2025-05-31,Gujarat,Reliance Jio,30453865.0,30771740.0,317875.0,1.0437919784565934,46.47343931094766
2025-05-31,Gujarat,Vodafone Idea,19680582.0,19779837.0,99255.0,0.504329597569828,29.872768143755827
2025-05-31,Haryana,BSNL,4199581.0,4235843.0,36262.0,0.8634670935028994,16.158733627136144
2025-05-31,Haryana,Bharti Airtel,7256973.0,7297408.0,40435.0,0.5571882381262822,27.83787596483919
2025-05-31,Haryana,MTNL,0.0,0.0,0.0,,0.0
2025-05-31,Haryana,Reliance Com.,0.0,0.0,0.0,,0.0
2025-05-31,Haryana,Reliance Jio,8333583.0,8354396.0,20813.0,0.2497485175344146,31.870033799555763
2025-05-31,Haryana,Vodafone Idea,6337736.0,6326307.0,-11429.0,-0.1803325351513537,24.133356608468908
2025-05-31,Himachal Pradesh,BSNL,1686251.0,1673678.0,-12573.0,-0.7456185348444567,18.88746973642961
2025-05-31,Himachal Pradesh,Bharti Airtel,3575366.0,3573207.0,-2159.0,-0.06038542627524,40.323669830456296
2025-05-31,Himachal Pradesh,MTNL,0.0,0.0,0.0,,0.0
2025-05-31,Himachal Pradesh,Reliance Com.,0.0,0.0,0.0,,0.0
2025-05-31,Himachal Pradesh,Reliance Jio,3230655.0,3233151.0,2496.0,0.0772598745455642,36.48613512623523
2025-05-31,Himachal Pradesh,Vodafone Idea,381498.0,381278.0,-220.0,-0.0576674058579599,4.302725306878867
2025-05-31,J&K,BSNL,865999.0,862849.0,-3150.0,-0.3637417595170433,7.020028154995177
2025-05-31,J&K,Bharti Airtel,6259328.0,6226341.0,-32987.0,-0.5270054548986728,50.65670716730369
2025-05-31,J&K,MTNL,0.0,0.0,0.0,,0.0
2025-05-31,J&K,Reliance Com.,0.0,0.0,0.0,,0.0
2025-05-31,J&K,Reliance Jio,4921318.0,4939802.0,18484.0,0.3755904414223994,40.18959182904712
2025-05-31,J&K,Vodafone Idea,266116.0,262255.0,-3861.0,-1.4508710487155976,2.133672848654005
2025-05-31,Karnataka,BSNL,4570631.0,4563424.0,-7207.0,-0.1576806353433475,6.642142268687637
2025-05-31,Karnataka,Bharti Airtel,32337705.0,32353587.0,15882.0,0.0491129472546057,47.091203393847
2025-05-31,Karnataka,MTNL,0.0,0.0,0.0,,0.0
2025-05-31,Karnataka,Reliance Com.,410.0,404.0,-6.0,-1.4634146341463417,0.0005880289617072
2025-05-31,Karnataka,Reliance Jio,24907184.0,25059651.0,152467.0,0.6121406578921166,36.47475385711702
2025-05-31,Karnataka,Vodafone Idea,6737615.0,6727033.0,-10582.0,-0.1570585437131685,9.791312451386634
2025-05-31,Kerala,BSNL,8786312.0,8768554.0,-17758.0,-0.2021098271948458,21.146520452346813
2025-05-31,Kerala,Bharti Airtel,8979470.0,9053445.0,73975.0,0.8238236777894463,21.83357254305522
2025-05-31,Kerala,MTNL,0.0,0.0,0.0,,0.0
2025-05-31,Kerala,Reliance Com.,0.0,0.0,0.0,,0.0
2025-05-31,Kerala,Reliance Jio,10775087.0,10785088.0,10001.0,0.0928159559175717,26.009657233377386
2025-05-31,Kerala,Vodafone Idea,12886334.0,12858619.0,-27715.0,-0.2150728050351636,31.010249771220582
2025-05-31,Kolkata,BSNL,1455425.0,1454009.0,-1416.0,-0.0972911692460965,6.487147207226799
2025-05-31,Kolkata,Bharti Airtel,5414409.0,5388945.0,-25464.0,-0.4703006366899878,24.043097055553865
2025-05-31,Kolkata,MTNL,0.0,0.0,0.0,,0.0
2025-05-31,Kolkata,Reliance Com.,0.0,0.0,0.0,,0.0
2025-05-31,Kolkata,Reliance Jio,10767827.0,10802359.0,34532.0,0.3206960884494151,48.19536400277527
2025-05-31,Kolkata,Vodafone Idea,4797574.0,4768376.0,-29198.0,-0.6085992628774459,21.27439173444407
2025-05-31,Madhya Pradesh,BSNL,5129940.0,5092733.0,-37207.0,-0.7252911340093646,6.283150429949545
2025-05-31,Madhya Pradesh,Bharti Airtel,16632103.0,16640450.0,8347.0,0.0501860768899759,20.53012607809086
2025-05-31,Madhya Pradesh,MTNL,0.0,0.0,0.0,,0.0
2025-05-31,Madhya Pradesh,Reliance Com.,0.0,0.0,0.0,,0.0
2025-05-31,Madhya Pradesh,Reliance Jio,45566747.0,45986829.0,420082.0,0.9219047389974976,56.736169833244
2025-05-31,Madhya Pradesh,Vodafone Idea,13390619.0,13333801.0,-56818.0,-0.4243119754210018,16.4505536587156
2025-05-31,Maharashtra,BSNL,5288032.0,5270399.0,-17633.0,-0.3334510835032768,5.790876429822039
2025-05-31,Maharashtra,Bharti Airtel,22616457.0,22643568.0,27111.0,0.1198728872519687,24.879730020112817
2025-05-31,Maharashtra,MTNL,0.0,0.0,0.0,,0.0
2025-05-31,Maharashtra,Reliance Com.,0.0,0.0,0.0,,0.0
2025-05-31,Maharashtra,Reliance Jio,42699088.0,42862044.0,162956.0,0.3816381277276929,47.09487845865088
2025-05-31,Maharashtra,Vodafone Idea,20208191.0,20236102.0,27911.0,0.1381172614609591,22.234515091414263
2025-05-31,Mumbai,BSNL,0.0,0.0,0.0,,0.0
2025-05-31,Mumbai,Bharti Airtel,10117466.0,10098290.0,-19176.0,-0.1895336243284632,29.772398642089765
2025-05-31,Mumbai,MTNL,141577.0,139566.0,-2011.0,-1.4204284594249066,0.4114770509543596
2025-05-31,Mumbai,Reliance Com.,64.0,65.0,1.0,1.5625,0.0001916369911872
2025-05-31,Mumbai,Reliance Jio,12943992.0,12961608.0,17616.0,0.13609402725218,38.21420858566151
2025-05-31,Mumbai,Vodafone Idea,10717031.0,10718766.0,1735.0,0.0161891852323651,31.60172408430318
2025-05-31,North East,BSNL,1290594.0,1287918.0,-2676.0,-0.2073463846879808,10.120604741490885
2025-05-31,North East,Bharti Airtel,6441774.0,6453660.0,11886.0,0.1845143899801514,50.713587352587695
2025-05-31,North East,MTNL,0.0,0.0,0.0,,0.0
2025-05-31,North East,Reliance Com.,0.0,0.0,0.0,,0.0
2025-05-31,North East,Reliance Jio,4322201.0,4359535.0,37334.0,0.863772878679173,34.25771717740994
2025-05-31,North East,Vodafone Idea,629682.0,624589.0,-5093.0,-0.808820960421292,4.90809072851148
2025-05-31,Odisha,BSNL,5565278.0,5556906.0,-8372.0,-0.1504327366934769,15.765168607032296
2025-05-31,Odisha,Bharti Airtel,12000051.0,12003744.0,3693.0,0.0307748692068058,34.05511053734799
2025-05-31,Odisha,MTNL,0.0,0.0,0.0,,0.0
2025-05-31,Odisha,Reliance Com.,0.0,0.0,0.0,,0.0
2025-05-31,Odisha,Reliance Jio,16109743.0,16263873.0,154130.0,0.9567502101057728,46.14126998879596
2025-05-31,Odisha,Vodafone Idea,1404631.0,1423473.0,18842.0,1.3414199174017944,4.038450866823748
2025-05-31,Punjab,BSNL,4082258.0,4075609.0,-6649.0,-0.1628755458376222,12.004474127964771
2025-05-31,Punjab,Bharti Airtel,12536760.0,12534759.0,-2001.0,-0.015961061709724,36.92041854745477
2025-05-31,Punjab,MTNL,0.0,0.0,0.0,,0.0
2025-05-31,Punjab,Reliance Com.,7.0,7.0,0.0,0.0,2.0618101220149776e-05
2025-05-31,Punjab,Reliance Jio,11396751.0,11400335.0,3584.0,0.031447559045556,33.579037281945176
2025-05-31,Punjab,Vodafone Idea,5987467.0,5940040.0,-47427.0,-0.7921045744385732,17.496049424534068
2025-05-31,Rajasthan,BSNL,5626191.0,5619511.0,-6680.0,-0.1187304163687297,8.683048162832383
2025-05-31,Rajasthan,Bharti Airtel,23398032.0,23389579.0,-8453.0,-0.0361269699947414,36.14066080934318
2025-05-31,Rajasthan,MTNL,0.0,0.0,0.0,,0.0
2025-05-31,Rajasthan,Reliance Com.,78.0,52.0,-26.0,-33.33333333333333,8.034836206696347e-05
2025-05-31,Rajasthan,Reliance Jio,26522578.0,26617594.0,95016.0,0.3582457180444525,41.12846307814297
2025-05-31,Rajasthan,Vodafone Idea,9122850.0,9091447.0,-31403.0,-0.3442235704851006,14.0477476013194
2025-05-31,Tamil Nadu,BSNL,7758526.0,7783965.0,25439.0,0.3278844460919509,10.045517212311012
2025-05-31,Tamil Nadu,Bharti Airtel,30287993.0,30397167.0,109174.0,0.36045306798638,39.22875607791046
2025-05-31,Tamil Nadu,MTNL,0.0,0.0,0.0,,0.0
2025-05-31,Tamil Nadu,Reliance Com.,0.0,0.0,0.0,,0.0
2025-05-31,Tamil Nadu,Reliance Jio,24674009.0,24725577.0,51568.0,0.2089972488864699,31.9093430324804
2025-05-31,Tamil Nadu,Vodafone Idea,14592467.0,14580242.0,-12225.0,-0.083776101737972,18.81638367729813
2025-05-31,U.P.(E),BSNL,8065974.0,8062697.0,-3277.0,-0.0406274555310989,7.847105161954161
2025-05-31,U.P.(E),Bharti Airtel,36295702.0,36260483.0,-35219.0,-0.0970335275510031,35.29089873081565
2025-05-31,U.P.(E),MTNL,0.0,0.0,0.0,,0.0
2025-05-31,U.P.(E),Reliance Com.,0.0,0.0,0.0,,0.0
2025-05-31,U.P.(E),Reliance Jio,42010696.0,42384979.0,374283.0,0.8909231115809173,41.25162926254313
2025-05-31,U.P.(E),Vodafone Idea,16049712.0,16039247.0,-10465.0,-0.0652036622214778,15.610366844687055
2025-05-31,U.P.(W),BSNL,4979572.0,4974408.0,-5164.0,-0.1037036918032312,7.922754793984418
2025-05-31,U.P.(W),Bharti Airtel,18828814.0,18796958.0,-31856.0,-0.169187501666329,29.937972338984608
2025-05-31,U.P.(W),MTNL,0.0,0.0,0.0,,0.0
2025-05-31,U.P.(W),Reliance Com.,0.0,0.0,0.0,,0.0
2025-05-31,U.P.(W),Reliance Jio,24576722.0,24754486.0,177764.0,0.7233023183482321,39.42654535557199
2025-05-31,U.P.(W),Vodafone Idea,14284138.0,14260491.0,-23647.0,-0.165547266485384,22.71272751145898
2025-05-31,West Bengal,BSNL,2633080.0,2619945.0,-13135.0,-0.4988454585504429,4.570318743162476
2025-05-31,West Bengal,Bharti Airtel,18469884.0,18442139.0,-27745.0,-0.150217510840891,32.171077459911444
2025-05-31,West Bengal,MTNL,0.0,0.0,0.0,,0.0
2025-05-31,West Bengal,Reliance Com.,8.0,9.0,1.0,12.5,1.569989777970999e-05
2025-05-31,West Bengal,Reliance Jio,24573830.0,24751903.0,178073.0,0.7246448762769173,43.17803855036634
2025-05-31,West Bengal,Vodafone Idea,11546912.0,11511218.0,-35694.0,-0.3091216075778528,20.080549546661963
2025-06-30,Andhra Pradesh,BSNL,6928049.0,6914850.0,-13199.0,-0.1905153961815223,8.364160944752895
2025-06-30,Andhra Pradesh,Bharti Airtel,34048191.0,34242244.0,194053.0,0.5699362999931479,41.41921226425724
2025-06-30,Andhra Pradesh,MTNL,0.0,0.0,0.0,,0.0
2025-06-30,Andhra Pradesh,Reliance Com.,0.0,0.0,0.0,,0.0
2025-06-30,Andhra Pradesh,Reliance Jio,31945214.0,31919256.0,-25958.0,-0.0812578685495736,38.60933995976334
2025-06-30,Andhra Pradesh,Vodafone Idea,9640343.0,9596019.0,-44324.0,-0.4597761718644244,11.607286831226524
2025-06-30,Assam,BSNL,2963344.0,2949537.0,-13807.0,-0.465926331873721,11.154764391791408
2025-06-30,Assam,Bharti Airtel,12293151.0,12307089.0,13938.0,0.113380206588205,46.54380607661735
2025-06-30,Assam,MTNL,0.0,0.0,0.0,,0.0
2025-06-30,Assam,Reliance Com.,0.0,0.0,0.0,,0.0
2025-06-30,Assam,Reliance Jio,9758191.0,9755628.0,-2563.0,-0.0262651140974797,36.8945132181638
2025-06-30,Assam,Vodafone Idea,1434019.0,1429694.0,-4325.0,-0.3015999090667557,5.406916313427438
2025-06-30,Bihar,BSNL,5724768.0,5685861.0,-38907.0,-0.6796257944426743,5.848578213011598
2025-06-30,Bihar,Bharti Airtel,40988647.0,40991403.0,2756.0,0.0067238130597479,42.16448951294769
2025-06-30,Bihar,MTNL,0.0,0.0,0.0,,0.0
2025-06-30,Bihar,Reliance Com.,0.0,0.0,0.0,,0.0
2025-06-30,Bihar,Reliance Jio,42434492.0,42682509.0,248017.0,0.58447029364697,43.90399135928076
2025-06-30,Bihar,Vodafone Idea,7830567.0,7858060.0,27493.0,0.3510984581320867,8.082940914759948
2025-06-30,Delhi,BSNL,0.0,0.0,0.0,,0.0
2025-06-30,Delhi,Bharti Airtel,18955970.0,19006627.0,50657.0,0.2672350715895836,34.06041479578905
2025-06-30,Delhi,MTNL,320183.0,174758.0,-145425.0,-45.41933831590059,0.3131712938272794
2025-06-30,Delhi,Reliance Com.,1.0,1.0,0.0,0.0,1.7920283696728015e-06
2025-06-30,Delhi,Reliance Jio,19955909.0,19893256.0,-62653.0,-0.313957134200201,35.64927911716367
2025-06-30,Delhi,Vodafone Idea,16668960.0,16728046.0,59086.0,0.3544672253097973,29.977133001191625
2025-06-30,Gujarat,BSNL,3251401.0,3240893.0,-10508.0,-0.323183759862287,4.8727092360960444
2025-06-30,Gujarat,Bharti Airtel,12410627.0,12420850.0,10223.0,0.0823729534374048,18.674849961156863
2025-06-30,Gujarat,MTNL,0.0,0.0,0.0,,0.0
2025-06-30,Gujarat,Reliance Com.,1.0,1.0,0.0,0.0,1.503508210883866e-06
2025-06-30,Gujarat,Reliance Jio,30771740.0,31098753.0,327013.0,1.0627055863594324,46.75723048374925
2025-06-30,Gujarat,Vodafone Idea,19779837.0,19750613.0,-29224.0,-0.1477464146949239,29.69520881548962
2025-06-30,Haryana,BSNL,4235843.0,4254279.0,18436.0,0.43523803880361,16.203508046528974
2025-06-30,Haryana,Bharti Airtel,7297408.0,7337692.0,40284.0,0.5520316254757853,27.94747391154912
2025-06-30,Haryana,MTNL,0.0,0.0,0.0,,0.0
2025-06-30,Haryana,Reliance Com.,0.0,0.0,0.0,,0.0
2025-06-30,Haryana,Reliance Jio,8354396.0,8352577.0,-1819.0,-0.0217729683869426,31.812922619497414
2025-06-30,Haryana,Vodafone Idea,6326307.0,6310748.0,-15559.0,-0.2459412734791403,24.036095422424488
2025-06-30,Himachal Pradesh,BSNL,1673678.0,1679271.0,5593.0,0.3341741959922996,18.879755589906143
2025-06-30,Himachal Pradesh,Bharti Airtel,3573207.0,3599301.0,26094.0,0.7302683555696605,40.4663232882035
2025-06-30,Himachal Pradesh,MTNL,0.0,0.0,0.0,,0.0
2025-06-30,Himachal Pradesh,Reliance Com.,0.0,0.0,0.0,,0.0
2025-06-30,Himachal Pradesh,Reliance Jio,3233151.0,3234729.0,1578.0,0.0488068760166166,36.36750287451014
2025-06-30,Himachal Pradesh,Vodafone Idea,381278.0,381258.0,-20.0,-0.0052455163948614,4.286418247380224
2025-06-30,J&K,BSNL,862849.0,861736.0,-1113.0,-0.1289912835270134,6.929613205102111
2025-06-30,J&K,Bharti Airtel,6226341.0,6315109.0,88768.0,1.4256848444375274,50.78267905490683
2025-06-30,J&K,MTNL,0.0,0.0,0.0,,0.0
2025-06-30,J&K,Reliance Com.,0.0,0.0,0.0,,0.0
2025-06-30,J&K,Reliance Jio,4939802.0,4999647.0,59845.0,1.211485804491759,40.204447617424776
2025-06-30,J&K,Vodafone Idea,262255.0,259065.0,-3190.0,-1.2163733770566814,2.083260122566283
2025-06-30,Karnataka,BSNL,4563424.0,4505756.0,-57668.0,-1.2637002391186969,6.532896269634565
2025-06-30,Karnataka,Bharti Airtel,32353587.0,32449731.0,96144.0,0.2971664316540852,47.04886962377571
2025-06-30,Karnataka,MTNL,0.0,0.0,0.0,,0.0
2025-06-30,Karnataka,Reliance Com.,404.0,402.0,-2.0,-0.495049504950495,0.0005828598575673
2025-06-30,Karnataka,Reliance Jio,25059651.0,25162401.0,102750.0,0.4100216718900036,36.482968813213375
2025-06-30,Karnataka,Vodafone Idea,6727033.0,6851977.0,124944.0,1.8573418623039308,9.93468243351878
2025-06-30,Kerala,BSNL,8768554.0,8774237.0,5683.0,0.0648111421792008,21.12890363650059
2025-06-30,Kerala,Bharti Airtel,9053445.0,9103787.0,50342.0,0.5560535243766324,21.922480353588213
2025-06-30,Kerala,MTNL,0.0,0.0,0.0,,0.0
2025-06-30,Kerala,Reliance Com.,0.0,0.0,0.0,,0.0
2025-06-30,Kerala,Reliance Jio,10785088.0,10803334.0,18246.0,0.1691780354504293,26.015094308363278
2025-06-30,Kerala,Vodafone Idea,12858619.0,12845818.0,-12801.0,-0.0995519036686599,30.93352170154792
2025-06-30,Kolkata,BSNL,1454009.0,1373028.0,-80981.0,-5.569497850425961,6.15803528504686
2025-06-30,Kolkata,Bharti Airtel,5388945.0,5374126.0,-14819.0,-0.2749888892909465,24.102973525876923
2025-06-30,Kolkata,MTNL,0.0,0.0,0.0,,0.0
2025-06-30,Kolkata,Reliance Com.,0.0,0.0,0.0,,0.0
2025-06-30,Kolkata,Reliance Jio,10802359.0,10795156.0,-7203.0,-0.0666798798299519,48.41631165248292
2025-06-30,Kolkata,Vodafone Idea,4768376.0,4754217.0,-14159.0,-0.2969354765647675,21.3226795365933
2025-06-30,Madhya Pradesh,BSNL,5092733.0,5056025.0,-36708.0,-0.7207917634794521,6.208156544179951
2025-06-30,Madhya Pradesh,Bharti Airtel,16640450.0,16695435.0,54985.0,0.3304297660219525,20.499873725541505
2025-06-30,Madhya Pradesh,MTNL,0.0,0.0,0.0,,0.0
2025-06-30,Madhya Pradesh,Reliance Com.,0.0,0.0,0.0,,0.0
2025-06-30,Madhya Pradesh,Reliance Jio,45986829.0,46412887.0,426058.0,0.9264783183898154,56.98913042624088
2025-06-30,Madhya Pradesh,Vodafone Idea,13333801.0,13277301.0,-56500.0,-0.4237351374900525,16.302839304037658
2025-06-30,Maharashtra,BSNL,5270399.0,5251965.0,-18434.0,-0.3497647901041268,5.758703875100644
2025-06-30,Maharashtra,Bharti Airtel,22643568.0,22744325.0,100757.0,0.4449696266948742,24.938824328427252
2025-06-30,Maharashtra,MTNL,0.0,0.0,0.0,,0.0
2025-06-30,Maharashtra,Reliance Com.,0.0,0.0,0.0,,0.0
2025-06-30,Maharashtra,Reliance Jio,42862044.0,42921671.0,59627.0,0.1391137576173455,47.06299320606571
2025-06-30,Maharashtra,Vodafone Idea,20236102.0,20282509.0,46407.0,0.2293277628270504,22.239478590406385
2025-06-30,Mumbai,BSNL,0.0,0.0,0.0,,0.0
2025-06-30,Mumbai,Bharti Airtel,10098290.0,10080637.0,-17653.0,-0.1748117750629066,29.75654163460833
2025-06-30,Mumbai,MTNL,139566.0,132334.0,-7232.0,-5.181777796884628,0.3906302925771713
2025-06-30,Mumbai,Reliance Com.,65.0,58.0,-7.0,-10.76923076923077,0.0001712073765583
2025-06-30,Mumbai,Reliance Jio,12961608.0,12938940.0,-22668.0,-0.1748857086250409,38.193827118038186
2025-06-30,Mumbai,Vodafone Idea,10718766.0,10725076.0,6310.0,0.0588687167907201,31.658829747399757
2025-06-30,North East,BSNL,1287918.0,1282201.0,-5717.0,-0.4438947200054661,10.073837035267829
2025-06-30,North East,Bharti Airtel,6453660.0,6457193.0,3533.0,0.0547441296876501,50.73206929901957
2025-06-30,North East,MTNL,0.0,0.0,0.0,,0.0
2025-06-30,North East,Reliance Com.,0.0,0.0,0.0,,0.0
2025-06-30,North East,Reliance Jio,4359535.0,4361273.0,1738.0,0.0398666371528156,34.26510622617954
2025-06-30,North East,Vodafone Idea,624589.0,627363.0,2774.0,0.4441320612434737,4.928987439533062
2025-06-30,Odisha,BSNL,5556906.0,5540622.0,-16284.0,-0.2930407676501996,15.68637632046625
2025-06-30,Odisha,Bharti Airtel,12003744.0,11991403.0,-12341.0,-0.1028095900745634,33.94955657837115
2025-06-30,Odisha,MTNL,0.0,0.0,0.0,,0.0
2025-06-30,Odisha,Reliance Com.,0.0,0.0,0.0,,0.0
2025-06-30,Odisha,Reliance Jio,16263873.0,16361162.0,97289.0,0.5981908491292326,46.321034745216735
2025-06-30,Odisha,Vodafone Idea,1423473.0,1428049.0,4576.0,0.3214672845919803,4.043032355945868
2025-06-30,Punjab,BSNL,4075609.0,4072133.0,-3476.0,-0.0852878674082818,12.01228032655108
2025-06-30,Punjab,Bharti Airtel,12534759.0,12553073.0,18314.0,0.1461057208997795,37.02998694680639
2025-06-30,Punjab,MTNL,0.0,0.0,0.0,,0.0
2025-06-30,Punjab,Reliance Com.,7.0,7.0,0.0,0.0,2.064911983126719e-05
2025-06-30,Punjab,Reliance Jio,11400335.0,11386214.0,-14121.0,-0.1238647811665183,33.58789961577887
2025-06-30,Punjab,Vodafone Idea,5940040.0,5888323.0,-51717.0,-0.8706507026888707,17.36981246174382
2025-06-30,Rajasthan,BSNL,5619511.0,5617556.0,-1955.0,-0.0347895039265872,8.664689157780096
2025-06-30,Rajasthan,Bharti Airtel,23389579.0,23414504.0,24925.0,0.1065645516749147,36.11524281085915
2025-06-30,Rajasthan,MTNL,0.0,0.0,0.0,,0.0
2025-06-30,Rajasthan,Reliance Com.,52.0,51.0,-1.0,-1.9230769230769231,7.866395048786072e-05
2025-06-30,Rajasthan,Reliance Jio,26617594.0,26815995.0,198401.0,0.7453754084610352,41.36180594044549
2025-06-30,Rajasthan,Vodafone Idea,9091447.0,8984641.0,-106806.0,-1.174796487291847,13.858183426964771
2025-06-30,Tamil Nadu,BSNL,7783965.0,7763268.0,-20697.0,-0.2658927680173279,10.014214585613452
2025-06-30,Tamil Nadu,Bharti Airtel,30397167.0,30506366.0,109199.0,0.3592407147679256,39.35163585119852
2025-06-30,Tamil Nadu,MTNL,0.0,0.0,0.0,,0.0
2025-06-30,Tamil Nadu,Reliance Com.,0.0,0.0,0.0,,0.0
2025-06-30,Tamil Nadu,Reliance Jio,24725577.0,24728678.0,3101.0,0.0125416688961394,31.89871686904773
2025-06-30,Tamil Nadu,Vodafone Idea,14580242.0,14524173.0,-56069.0,-0.3845546596551689,18.73543269414029
2025-06-30,U.P.(E),BSNL,8062697.0,8063891.0,1194.0,0.0148089404823224,7.841991727890023
2025-06-30,U.P.(E),Bharti Airtel,36260483.0,36142330.0,-118153.0,-0.3258450804419787,35.14777827312787
2025-06-30,U.P.(E),MTNL,0.0,0.0,0.0,,0.0
2025-06-30,U.P.(E),Reliance Com.,0.0,0.0,0.0,,0.0
2025-06-30,U.P.(E),Reliance Jio,42384979.0,42620661.0,235682.0,0.5560507650599521,41.44784087473465
2025-06-30,U.P.(E),Vodafone Idea,16039247.0,16002747.0,-36500.0,-0.2275667928799899,15.562389124247447
2025-06-30,U.P.(W),BSNL,4974408.0,4975788.0,1380.0,0.02774199462529,7.911175841928227
2025-06-30,U.P.(W),Bharti Airtel,18796958.0,18790030.0,-6928.0,-0.0368570276105314,29.8749125575902
2025-06-30,U.P.(W),MTNL,0.0,0.0,0.0,,0.0
2025-06-30,U.P.(W),Reliance Com.,0.0,0.0,0.0,,0.0
2025-06-30,U.P.(W),Reliance Jio,24754486.0,24890351.0,135865.0,0.5488500144983822,39.57402194955132
2025-06-30,U.P.(W),Vodafone Idea,14260491.0,14239513.0,-20978.0,-0.1471057342976479,22.63988965093025
2025-06-30,West Bengal,BSNL,2619945.0,2601347.0,-18598.0,-0.7098622299323077,4.527834644718829
2025-06-30,West Bengal,Bharti Airtel,18442139.0,18490543.0,48404.0,0.2624641317365626,32.18414198300466
2025-06-30,West Bengal,MTNL,0.0,0.0,0.0,,0.0
2025-06-30,West Bengal,Reliance Com.,9.0,9.0,0.0,0.0,1.5665158013317508e-05
2025-06-30,West Bengal,Reliance Jio,24751903.0,24886458.0,134555.0,0.543614767721092,43.316699662421065
2025-06-30,West Bengal,Vodafone Idea,11511218.0,11473984.0,-37234.0,-0.3234583864192303,19.97130804469743
2025-07-31,Andhra Pradesh,BSNL,6914850.0,6916286.0,1436.0,0.020766900221986,8.38623276149335
2025-07-31,Andhra Pradesh,Bharti Airtel,34242244.0,34321932.0,79688.0,0.2327183931053116,41.61651362828937
2025-07-31,Andhra Pradesh,MTNL,0.0,0.0,0.0,,0.0
2025-07-31,Andhra Pradesh,Reliance Com.,0.0,0.0,0.0,,0.0
2025-07-31,Andhra Pradesh,Reliance Jio,31919256.0,31730391.0,-188865.0,-0.5916961222404432,38.47418174135566
2025-07-31,Andhra Pradesh,Vodafone Idea,9596019.0,9503297.0,-92722.0,-0.9662548604791216,11.52307186886162
2025-07-31,Assam,BSNL,2949537.0,2925869.0,-23668.0,-0.8024310256152068,11.053658811543226
2025-07-31,Assam,Bharti Airtel,12307089.0,12351382.0,44293.0,0.3598982667631639,46.66236337957591
2025-07-31,Assam,MTNL,0.0,0.0,0.0,,0.0
2025-07-31,Assam,Reliance Com.,0.0,0.0,0.0,,0.0
2025-07-31,Assam,Reliance Jio,9755628.0,9749921.0,-5707.0,-0.0584995655840915,36.83428758208257
2025-07-31,Assam,Vodafone Idea,1429694.0,1442516.0,12822.0,0.8968352668473114,5.449690226798291
2025-07-31,Bihar,BSNL,5685861.0,5648429.0,-37432.0,-0.6583347711103033,5.831189560072847
2025-07-31,Bihar,Bharti Airtel,40991403.0,40807978.0,-183425.0,-0.4474718759931199,42.12836087366637
2025-07-31,Bihar,MTNL,0.0,0.0,0.0,,0.0
2025-07-31,Bihar,Reliance Com.,0.0,0.0,0.0,,0.0
2025-07-31,Bihar,Reliance Jio,42682509.0,42460057.0,-222452.0,-0.5211783590322677,43.83389453926003
2025-07-31,Bihar,Vodafone Idea,7858060.0,7949346.0,91286.0,1.161686217717859,8.206555027000755
2025-07-31,Delhi,BSNL,0.0,0.0,0.0,,0.0
2025-07-31,Delhi,Bharti Airtel,19006627.0,19071921.0,65294.0,0.3435328109506226,34.103428122194565
2025-07-31,Delhi,MTNL,174758.0,174277.0,-481.0,-0.2752377573558864,0.3116331670444577
2025-07-31,Delhi,Reliance Com.,1.0,2.0,1.0,100.0,3.576297125202497e-06
2025-07-31,Delhi,Reliance Jio,19893256.0,20027060.0,133804.0,0.6726098533090813,35.81135855212896
2025-07-31,Delhi,Vodafone Idea,16728046.0,16650505.0,-77541.0,-0.4635388974898801,29.773576582334897
2025-07-31,Gujarat,BSNL,3240893.0,3231672.0,-9221.0,-0.2845203467069107,4.829242717462943
2025-07-31,Gujarat,Bharti Airtel,12420850.0,12555074.0,134224.0,1.0806345781488385,18.76165021750609
2025-07-31,Gujarat,MTNL,0.0,0.0,0.0,,0.0
2025-07-31,Gujarat,Reliance Com.,1.0,1.0,0.0,0.0,1.4943480394863535e-06
2025-07-31,Gujarat,Reliance Jio,31098753.0,31429998.0,331245.0,1.0651391713359053,46.96735589236002
2025-07-31,Gujarat,Vodafone Idea,19750613.0,19702070.0,-48543.0,-0.2457797132676337,29.441749678322903
2025-07-31,Haryana,BSNL,4254279.0,4281565.0,27286.0,0.6413777751764753,16.316156312616087
2025-07-31,Haryana,Bharti Airtel,7337692.0,7346147.0,8455.0,0.1152269678258504,27.994642787731998
2025-07-31,Haryana,MTNL,0.0,0.0,0.0,,0.0
2025-07-31,Haryana,Reliance Com.,0.0,0.0,0.0,,0.0
2025-07-31,Haryana,Reliance Jio,8352577.0,8312701.0,-39876.0,-0.4774095467781979,31.677979639697178
2025-07-31,Haryana,Vodafone Idea,6310748.0,6300847.0,-9901.0,-0.1568910690143228,24.011221259954745
2025-07-31,Himachal Pradesh,BSNL,1679271.0,1684645.0,5374.0,0.3200198181234595,18.89405971197815
2025-07-31,Himachal Pradesh,Bharti Airtel,3599301.0,3608108.0,8807.0,0.2446863988313286,40.466571888597336
2025-07-31,Himachal Pradesh,MTNL,0.0,0.0,0.0,,0.0
2025-07-31,Himachal Pradesh,Reliance Com.,0.0,0.0,0.0,,0.0
2025-07-31,Himachal Pradesh,Reliance Jio,3234729.0,3239834.0,5105.0,0.1578184756744691,36.33621151809255
2025-07-31,Himachal Pradesh,Vodafone Idea,381258.0,383681.0,2423.0,0.6355276479444366,4.303156881331965
2025-07-31,J&K,BSNL,861736.0,863591.0,1855.0,0.2152631432364436,6.8265100589705625
2025-07-31,J&K,Bharti Airtel,6315109.0,6373463.0,58354.0,0.9240378907157424,50.38092022725655
2025-07-31,J&K,MTNL,0.0,0.0,0.0,,0.0
2025-07-31,J&K,Reliance Com.,0.0,0.0,0.0,,0.0
2025-07-31,J&K,Reliance Jio,4999647.0,5158575.0,158928.0,3.1787844221802057,40.777479301491184
2025-07-31,J&K,Vodafone Idea,259065.0,254920.0,-4145.0,-1.5999845598594946,2.015090412281712
2025-07-31,Karnataka,BSNL,4505756.0,4502365.0,-3391.0,-0.0752592905607849,6.514335121162598
2025-07-31,Karnataka,Bharti Airtel,32449731.0,32466518.0,16787.0,0.0517323240676479,46.974818449694254
2025-07-31,Karnataka,MTNL,0.0,0.0,0.0,,0.0
2025-07-31,Karnataka,Reliance Com.,402.0,402.0,0.0,0.0,0.000581641585857
2025-07-31,Karnataka,Reliance Jio,25162401.0,25208588.0,46187.0,0.1835556153802651,36.473540053575846
2025-07-31,Karnataka,Vodafone Idea,6851977.0,6936855.0,84878.0,1.2387373746292494,10.036724733981446
2025-07-31,Kerala,BSNL,8774237.0,8789243.0,15006.0,0.1710234177627068,21.10055826946884
2025-07-31,Kerala,Bharti Airtel,9103787.0,9177773.0,73986.0,0.8126947609824351,22.03331208051226
2025-07-31,Kerala,MTNL,0.0,0.0,0.0,,0.0
2025-07-31,Kerala,Reliance Com.,0.0,4.0,4.0,,9.602901305365588e-06
2025-07-31,Kerala,Reliance Jio,10803334.0,10858996.0,55662.0,0.515229835530402,26.069466715839923
2025-07-31,Kerala,Vodafone Idea,12845818.0,12828062.0,-17756.0,-0.1382239729692574,30.796653331277675
2025-07-31,Kolkata,BSNL,1373028.0,1365363.0,-7665.0,-0.5582551848906213,6.113847729900495
2025-07-31,Kolkata,Bharti Airtel,5374126.0,5319701.0,-54425.0,-1.012722812974612,23.820655666368133
2025-07-31,Kolkata,MTNL,0.0,0.0,0.0,,0.0
2025-07-31,Kolkata,Reliance Com.,0.0,0.0,0.0,,0.0
2025-07-31,Kolkata,Reliance Jio,10795156.0,10872556.0,77400.0,0.7169882491739814,48.68533263228606
2025-07-31,Kolkata,Vodafone Idea,4754217.0,4774683.0,20466.0,0.430480981410819,21.38016397144531
2025-07-31,Madhya Pradesh,BSNL,5056025.0,5034420.0,-21605.0,-0.4273119693830628,6.1712390683089
2025-07-31,Madhya Pradesh,Bharti Airtel,16695435.0,16736923.0,41488.0,0.2484990657625872,20.516276572252178
2025-07-31,Madhya Pradesh,MTNL,0.0,0.0,0.0,,0.0
2025-07-31,Madhya Pradesh,Reliance Com.,0.0,0.0,0.0,,0.0
2025-07-31,Madhya Pradesh,Reliance Jio,46412887.0,46554116.0,141229.0,0.3042883326779478,57.06647030835418
2025-07-31,Madhya Pradesh,Vodafone Idea,13277301.0,13253296.0,-24005.0,-0.1807972870389848,16.246014051084746
2025-07-31,Maharashtra,BSNL,5251965.0,5221931.0,-30034.0,-0.5718621506426642,5.731405869656187
2025-07-31,Maharashtra,Bharti Airtel,22744325.0,22837997.0,93672.0,0.4118477906027108,25.06617380754176
2025-07-31,Maharashtra,MTNL,0.0,0.0,0.0,,0.0
2025-07-31,Maharashtra,Reliance Com.,0.0,0.0,0.0,,0.0
2025-07-31,Maharashtra,Reliance Jio,42921671.0,42754621.0,-167050.0,-0.3891973357700822,46.92595244064421
2025-07-31,Maharashtra,Vodafone Idea,20282509.0,20296273.0,13764.0,0.0678614268086852,22.27646788215784
2025-07-31,Mumbai,BSNL,0.0,0.0,0.0,,0.0
2025-07-31,Mumbai,Bharti Airtel,10080637.0,10087725.0,7088.0,0.0703130169254185,29.70489759010388
2025-07-31,Mumbai,MTNL,132334.0,130343.0,-1991.0,-1.504526425559569,0.3838155249659273
2025-07-31,Mumbai,Reliance Com.,58.0,58.0,0.0,0.0,0.0001707901494366
2025-07-31,Mumbai,Reliance Jio,12938940.0,13034340.0,95400.0,0.7373092386238749,38.38167028290269
2025-07-31,Mumbai,Vodafone Idea,10725076.0,10707338.0,-17738.0,-0.1653881054082973,31.529445811878062
2025-07-31,North East,BSNL,1282201.0,1276976.0,-5225.0,-0.4075024118683419,10.008253633507165
2025-07-31,North East,Bharti Airtel,6457193.0,6459452.0,2259.0,0.0349842416046725,50.62572354489444
2025-07-31,North East,MTNL,0.0,0.0,0.0,,0.0
2025-07-31,North East,Reliance Com.,0.0,0.0,0.0,,0.0
2025-07-31,North East,Reliance Jio,4361273.0,4397036.0,35763.0,0.8200128723884058,34.461612061355744
2025-07-31,North East,Vodafone Idea,627363.0,625765.0,-1598.0,-0.2547169660945896,4.904410760242644
2025-07-31,Odisha,BSNL,5540622.0,5529977.0,-10645.0,-0.1921264435653614,15.62699789031825
2025-07-31,Odisha,Bharti Airtel,11991403.0,11982404.0,-8999.0,-0.0750454304638081,33.86071985994534
2025-07-31,Odisha,MTNL,0.0,0.0,0.0,,0.0
2025-07-31,Odisha,Reliance Com.,0.0,0.0,0.0,,0.0
2025-07-31,Odisha,Reliance Jio,16361162.0,16420531.0,59369.0,0.3628654248396293,46.40229123826472
2025-07-31,Odisha,Vodafone Idea,1428049.0,1454416.0,26367.0,1.8463652157594037,4.109991011471678
2025-07-31,Punjab,BSNL,4072133.0,4052811.0,-19322.0,-0.4744933429237208,11.985226698581446
2025-07-31,Punjab,Bharti Airtel,12553073.0,12530737.0,-22336.0,-0.1779325269597333,37.0566808186472
2025-07-31,Punjab,MTNL,0.0,0.0,0.0,,0.0
2025-07-31,Punjab,Reliance Com.,7.0,7.0,0.0,0.0,2.070083872405353e-05
2025-07-31,Punjab,Reliance Jio,11386214.0,11371007.0,-15207.0,-0.133556246176297,33.62705457672626
2025-07-31,Punjab,Vodafone Idea,5888323.0,5860493.0,-27830.0,-0.4726303227591285,17.33101720520638
2025-07-31,Rajasthan,BSNL,5617556.0,5624794.0,7238.0,0.1288460675781425,8.698558725161826
2025-07-31,Rajasthan,Bharti Airtel,23414504.0,23418747.0,4243.0,0.0181212465572621,36.216321175354565
2025-07-31,Rajasthan,MTNL,0.0,0.0,0.0,,0.0
2025-07-31,Rajasthan,Reliance Com.,51.0,50.0,-1.0,-1.96078431372549,7.732335375448261e-05
2025-07-31,Rajasthan,Reliance Jio,26815995.0,26733882.0,-82113.0,-0.3062090368080692,41.3430683023319
2025-07-31,Rajasthan,Vodafone Idea,8984641.0,8886044.0,-98597.0,-1.0973949877351803,13.741974473797953
2025-07-31,Tamil Nadu,BSNL,7763268.0,7786672.0,23404.0,0.3014709784590716,10.04275541120251
2025-07-31,Tamil Nadu,Bharti Airtel,30506366.0,30671841.0,165475.0,0.542427767371571,39.55859411752453
2025-07-31,Tamil Nadu,MTNL,0.0,0.0,0.0,,0.0
2025-07-31,Tamil Nadu,Reliance Com.,0.0,0.0,0.0,,0.0
2025-07-31,Tamil Nadu,Reliance Jio,24728678.0,24574594.0,-154084.0,-0.6230984122968481,31.694751862105495
2025-07-31,Tamil Nadu,Vodafone Idea,14524173.0,14502108.0,-22065.0,-0.1519191488561861,18.70389860916746
2025-07-31,U.P.(E),BSNL,8063891.0,8069909.0,6018.0,0.0746289849403966,7.849784174705288
2025-07-31,U.P.(E),Bharti Airtel,36142330.0,36081574.0,-60756.0,-0.168102056508255,35.09736833261166
2025-07-31,U.P.(E),MTNL,0.0,0.0,0.0,,0.0
2025-07-31,U.P.(E),Reliance Com.,0.0,0.0,0.0,,0.0
2025-07-31,U.P.(E),Reliance Jio,42620661.0,42684115.0,63454.0,0.1488808444336421,41.51981025291619
2025-07-31,U.P.(E),Vodafone Idea,16002747.0,15968617.0,-34130.0,-0.2132758831968036,15.533037239766871
2025-07-31,U.P.(W),BSNL,4975788.0,4973433.0,-2355.0,-0.0473291868544238,7.91266923790383
2025-07-31,U.P.(W),Bharti Airtel,18790030.0,18821303.0,31273.0,0.1664340078222334,29.944455925186297
2025-07-31,U.P.(W),MTNL,0.0,0.0,0.0,,0.0
2025-07-31,U.P.(W),Reliance Com.,0.0,0.0,0.0,,0.0
2025-07-31,U.P.(W),Reliance Jio,24890351.0,24897176.0,6825.0,0.0274202641818912,39.61109331238151
2025-07-31,U.P.(W),Vodafone Idea,14239513.0,14162137.0,-77376.0,-0.5433893701280373,22.531781524528355
2025-07-31,West Bengal,BSNL,2601347.0,2583586.0,-17761.0,-0.6827616615545715,4.494424046683673
2025-07-31,West Bengal,Bharti Airtel,18490543.0,18449535.0,-41008.0,-0.2217782355012505,32.09493849019621
2025-07-31,West Bengal,MTNL,0.0,0.0,0.0,,0.0
2025-07-31,West Bengal,Reliance Com.,9.0,9.0,0.0,0.0,1.5656462149954777e-05
2025-07-31,West Bengal,Reliance Jio,24886458.0,25034395.0,147937.0,0.5944477916463644,43.55000641827968
2025-07-31,West Bengal,Vodafone Idea,11473984.0,11416726.0,-57258.0,-0.4990245759450248,19.86061538837829
2025-08-31,Andhra Pradesh,BSNL,6916286.0,7145108.0,228822.0,3.308451963958691,8.650338005183757
2025-08-31,Andhra Pradesh,Bharti Airtel,34321932.0,34324394.0,2462.0,0.0071732558645008,41.555370460894544
2025-08-31,Andhra Pradesh,MTNL,0.0,0.0,0.0,,0.0
2025-08-31,Andhra Pradesh,Reliance Com.,0.0,0.0,0.0,,0.0
2025-08-31,Andhra Pradesh,Reliance Jio,31730391.0,31680474.0,-49917.0,-0.1573160570255815,38.35446689741231
2025-08-31,Andhra Pradesh,Vodafone Idea,9503297.0,9449201.0,-54096.0,-0.5692340247810839,11.439824636509393
2025-08-31,Assam,BSNL,2925869.0,2985454.0,59585.0,2.036488988399685,11.226273110196734
2025-08-31,Assam,Bharti Airtel,12351382.0,12395925.0,44543.0,0.3606317090670501,46.61268922700382
2025-08-31,Assam,MTNL,0.0,0.0,0.0,,0.0
2025-08-31,Assam,Reliance Com.,0.0,0.0,0.0,,0.0
2025-08-31,Assam,Reliance Jio,9749921.0,9756836.0,6915.0,0.0709236515865102,36.68886059788544
2025-08-31,Assam,Vodafone Idea,1442516.0,1455241.0,12725.0,0.8821392622334865,5.472177064914015
2025-08-31,Bihar,BSNL,5648429.0,5670590.0,22161.0,0.3923391796196783,5.835463733459224
2025-08-31,Bihar,Bharti Airtel,40807978.0,40849847.0,41869.0,0.1026000357087038,42.0375658768943
2025-08-31,Bihar,MTNL,0.0,0.0,0.0,,0.0
2025-08-31,Bihar,Reliance Com.,0.0,0.0,0.0,,0.0
2025-08-31,Bihar,Reliance Jio,42460057.0,42759124.0,299067.0,0.7043490309021488,44.00235555321155
2025-08-31,Bihar,Vodafone Idea,7949346.0,7895064.0,-54282.0,-0.6828486267926946,8.124614836434924
2025-08-31,Delhi,BSNL,0.0,0.0,0.0,,0.0
2025-08-31,Delhi,Bharti Airtel,19071921.0,19131497.0,59576.0,0.3123754549948062,34.05491650968157
2025-08-31,Delhi,MTNL,174277.0,173896.0,-381.0,-0.2186174882514617,0.3095426228991692
2025-08-31,Delhi,Reliance Com.,2.0,2.0,0.0,0.0,3.560089052067549e-06
2025-08-31,Delhi,Reliance Jio,20027060.0,20188419.0,161359.0,0.8057048812956071,35.93628473022624
2025-08-31,Delhi,Vodafone Idea,16650505.0,16684556.0,34051.0,0.2045043078273001,29.69925257710396
2025-08-31,Gujarat,BSNL,3231672.0,3270353.0,38681.0,1.1969345898964994,4.877807044609771
2025-08-31,Gujarat,Bharti Airtel,12555074.0,12577571.0,22497.0,0.1791865185342595,18.75973768821884
2025-08-31,Gujarat,MTNL,0.0,0.0,0.0,,0.0
2025-08-31,Gujarat,Reliance Com.,1.0,1.0,0.0,0.0,1.491523099986384e-06
2025-08-31,Gujarat,Reliance Jio,31429998.0,31596608.0,166610.0,0.5300986656123873,47.12707071321457
2025-08-31,Gujarat,Vodafone Idea,19702070.0,19601026.0,-101044.0,-0.51285981625281,29.235383062433712
2025-08-31,Haryana,BSNL,4281565.0,4344316.0,62751.0,1.4656089537353747,16.487394474498355
2025-08-31,Haryana,Bharti Airtel,7346147.0,7385349.0,39202.0,0.5336402878951374,28.02861538958997
2025-08-31,Haryana,MTNL,0.0,0.0,0.0,,0.0
2025-08-31,Haryana,Reliance Com.,0.0,0.0,0.0,,0.0
2025-08-31,Haryana,Reliance Jio,8312701.0,8336557.0,23856.0,0.2869825343170649,31.63860635785716
2025-08-31,Haryana,Vodafone Idea,6300847.0,6283096.0,-17751.0,-0.2817240285314022,23.84538377805452
2025-08-31,Himachal Pradesh,BSNL,1684645.0,1734975.0,50330.0,2.987573049514883,19.181271821775
2025-08-31,Himachal Pradesh,Bharti Airtel,3608108.0,3638457.0,30349.0,0.841133358535831,40.22549761745271
2025-08-31,Himachal Pradesh,MTNL,0.0,0.0,0.0,,0.0
2025-08-31,Himachal Pradesh,Reliance Com.,0.0,0.0,0.0,,0.0
2025-08-31,Himachal Pradesh,Reliance Jio,3239834.0,3284943.0,45109.0,1.39232442155987,36.31717148779495
2025-08-31,Himachal Pradesh,Vodafone Idea,383681.0,386776.0,3095.0,0.8066596990729277,4.276059072977334
2025-08-31,J&K,BSNL,863591.0,868064.0,4473.0,0.5179535219797334,6.830979481581047
2025-08-31,J&K,Bharti Airtel,6373463.0,6366434.0,-7029.0,-0.1102854131262705,50.09881762731775
2025-08-31,J&K,MTNL,0.0,0.0,0.0,,0.0
2025-08-31,J&K,Reliance Com.,0.0,0.0,0.0,,0.0
2025-08-31,J&K,Reliance Jio,5158575.0,5215584.0,57009.0,1.1051307773949202,41.042535214526126
2025-08-31,J&K,Vodafone Idea,254920.0,257671.0,2751.0,1.0791620900674723,2.02766767657508
2025-08-31,Karnataka,BSNL,4502365.0,4577062.0,74697.0,1.6590614043952456,6.57673109912672
2025-08-31,Karnataka,Bharti Airtel,32466518.0,32517839.0,51321.0,0.1580736191050731,46.72453268662206
2025-08-31,Karnataka,MTNL,0.0,0.0,0.0,,0.0
2025-08-31,Karnataka,Reliance Com.,402.0,398.0,-4.0,-0.9950248756218906,0.0005718819140864
2025-08-31,Karnataka,Reliance Jio,25208588.0,25355502.0,146914.0,0.5827934511841758,36.43304777985742
2025-08-31,Karnataka,Vodafone Idea,6936855.0,7143986.0,207131.0,2.985949684691405,10.265116552479714
2025-08-31,Kerala,BSNL,8789243.0,8882915.0,93672.0,1.0657573126604871,21.248722056425212
2025-08-31,Kerala,Bharti Airtel,9177773.0,9239679.0,61906.0,0.6745209322566597,22.102133248104803
2025-08-31,Kerala,MTNL,0.0,0.0,0.0,,0.0
2025-08-31,Kerala,Reliance Com.,4.0,4.0,0.0,0.0,9.568355458281528e-06
2025-08-31,Kerala,Reliance Jio,10858996.0,10880877.0,21881.0,0.2015011332539398,26.028024708459984
2025-08-31,Kerala,Vodafone Idea,12828062.0,12800992.0,-27070.0,-0.2110217428010559,30.62111041865454
2025-08-31,Kolkata,BSNL,1365363.0,1412094.0,46731.0,3.422606295908121,6.317975798036529
2025-08-31,Kolkata,Bharti Airtel,5319701.0,5307971.0,-11730.0,-0.2205011146303147,23.748866799717124
2025-08-31,Kolkata,MTNL,0.0,0.0,0.0,,0.0
2025-08-31,Kolkata,Reliance Com.,0.0,0.0,0.0,,0.0
2025-08-31,Kolkata,Reliance Jio,10872556.0,10856699.0,-15857.0,-0.1458442706572401,48.5749259812501
2025-08-31,Kolkata,Vodafone Idea,4774683.0,4773654.0,-1029.0,-0.0215511689467133,21.358231420996244
2025-08-31,Madhya Pradesh,BSNL,5034420.0,5097504.0,63084.0,1.2530539764262816,6.2186807779636135
2025-08-31,Madhya Pradesh,Bharti Airtel,16736923.0,16763182.0,26259.0,0.1568926379119985,20.45018065329731
2025-08-31,Madhya Pradesh,MTNL,0.0,0.0,0.0,,0.0
2025-08-31,Madhya Pradesh,Reliance Com.,0.0,0.0,0.0,,0.0
2025-08-31,Madhya Pradesh,Reliance Jio,46554116.0,46904836.0,350720.0,0.7533598103334193,57.221377761888114
2025-08-31,Madhya Pradesh,Vodafone Idea,13253296.0,13205304.0,-47992.0,-0.3621136960949185,16.109760806850964
2025-08-31,Maharashtra,BSNL,5221931.0,5269712.0,47781.0,0.9150063453538548,5.768716726670073
2025-08-31,Maharashtra,Bharti Airtel,22837997.0,22917455.0,79458.0,0.3479201788142804,25.08757708034304
2025-08-31,Maharashtra,MTNL,0.0,0.0,0.0,,0.0
2025-08-31,Maharashtra,Reliance Com.,0.0,0.0,0.0,,0.0
2025-08-31,Maharashtra,Reliance Jio,42754621.0,42750188.0,-4433.0,-0.0103684698783787,46.7983306457526
2025-08-31,Maharashtra,Vodafone Idea,20296273.0,20412459.0,116186.0,0.5724499271368689,22.345375547234283
2025-08-31,Mumbai,BSNL,0.0,0.0,0.0,,0.0
2025-08-31,Mumbai,Bharti Airtel,10087725.0,10087793.0,68.0,0.0006740865755162,29.574812882991864
2025-08-31,Mumbai,MTNL,130343.0,128673.0,-1670.0,-1.2812348956215522,0.3772361207345563
2025-08-31,Mumbai,Reliance Com.,58.0,55.0,-3.0,-5.172413793103448,0.0001612458452076
2025-08-31,Mumbai,Reliance Jio,13034340.0,13181320.0,146980.0,1.1276366889309315,38.64423789731196
2025-08-31,Mumbai,Vodafone Idea,10707338.0,10711565.0,4227.0,0.0394775993809105,31.40355185311641
2025-08-31,North East,BSNL,1276976.0,1265400.0,-11576.0,-0.9065166455751714,9.923800676063822
2025-08-31,North East,Bharti Airtel,6459452.0,6456645.0,-2807.0,-0.0434556987187148,50.63573416793433
2025-08-31,North East,MTNL,0.0,0.0,0.0,,0.0
2025-08-31,North East,Reliance Com.,0.0,0.0,0.0,,0.0
2025-08-31,North East,Reliance Jio,4397036.0,4405505.0,8469.0,0.1926070198197149,34.54982890580256
2025-08-31,North East,Vodafone Idea,625765.0,623613.0,-2152.0,-0.3438990675413294,4.890636250199296
2025-08-31,Odisha,BSNL,5529977.0,5558768.0,28791.0,0.5206350767824169,15.599563182775972
2025-08-31,Odisha,Bharti Airtel,11982404.0,12041180.0,58776.0,0.4905192647485429,33.79114728392665
2025-08-31,Odisha,MTNL,0.0,0.0,0.0,,0.0
2025-08-31,Odisha,Reliance Com.,0.0,0.0,0.0,,0.0
2025-08-31,Odisha,Reliance Jio,16420531.0,16569457.0,148926.0,0.9069499640419668,46.49884495553504
2025-08-31,Odisha,Vodafone Idea,1454416.0,1464721.0,10305.0,0.7085318093310305,4.11044457776234
2025-08-31,Punjab,BSNL,4052811.0,4073746.0,20935.0,0.5165550527769491,12.06087563271734
2025-08-31,Punjab,Bharti Airtel,12530737.0,12541673.0,10936.0,0.0872733982047504,37.13131802503371
2025-08-31,Punjab,MTNL,0.0,0.0,0.0,,0.0
2025-08-31,Punjab,Reliance Com.,7.0,6.0,-1.0,-14.285714285714285,1.7763810948523556e-05
2025-08-31,Punjab,Reliance Jio,11371007.0,11344386.0,-26621.0,-0.2341129505944372,33.586588038512886
2025-08-31,Punjab,Vodafone Idea,5860493.0,5816725.0,-43768.0,-0.746831367258693,17.221200539925114
2025-08-31,Rajasthan,BSNL,5624794.0,5706894.0,82100.0,1.4596090096810657,8.82027285333878
2025-08-31,Rajasthan,Bharti Airtel,23418747.0,23350479.0,-68268.0,-0.2915100453495655,36.08926257192744
2025-08-31,Rajasthan,MTNL,0.0,0.0,0.0,,0.0
2025-08-31,Rajasthan,Reliance Com.,50.0,52.0,2.0,4.0,8.036844356555713e-05
2025-08-31,Rajasthan,Reliance Jio,26733882.0,26840210.0,106328.0,0.3977274980116991,41.48280582062889
2025-08-31,Rajasthan,Vodafone Idea,8886044.0,8804377.0,-81667.0,-0.9190478912776032,13.607578385661329
2025-08-31,Tamil Nadu,BSNL,7786672.0,7899317.0,112645.0,1.4466385639461892,10.161351515887
2025-08-31,Tamil Nadu,Bharti Airtel,30671841.0,30791628.0,119787.0,0.3905438868178796,39.60906441081281
2025-08-31,Tamil Nadu,MTNL,0.0,0.0,0.0,,0.0
2025-08-31,Tamil Nadu,Reliance Com.,0.0,0.0,0.0,,0.0
2025-08-31,Tamil Nadu,Reliance Jio,24574594.0,24596968.0,22374.0,0.0910452477872065,31.640512473803
2025-08-31,Tamil Nadu,Vodafone Idea,14502108.0,14450929.0,-51179.0,-0.3529073152675459,18.5890715994972
2025-08-31,U.P.(E),BSNL,8069909.0,8263805.0,193896.0,2.402703673610198,8.013605258391193
2025-08-31,U.P.(E),Bharti Airtel,36081574.0,35998468.0,-83106.0,-0.2303280893455479,34.9085575541566
2025-08-31,U.P.(E),MTNL,0.0,0.0,0.0,,0.0
2025-08-31,U.P.(E),Reliance Com.,0.0,0.0,0.0,,0.0
2025-08-31,U.P.(E),Reliance Jio,42684115.0,42928104.0,243989.0,0.5716154592873719,41.62838788514057
2025-08-31,U.P.(E),Vodafone Idea,15968617.0,15931810.0,-36807.0,-0.2304958532100807,15.449449302311637
2025-08-31,U.P.(W),BSNL,4973433.0,5104295.0,130862.0,2.63122072821731,8.106451697178318
2025-08-31,U.P.(W),Bharti Airtel,18821303.0,18851882.0,30579.0,0.1624701541652031,29.939858655094465
2025-08-31,U.P.(W),MTNL,0.0,0.0,0.0,,0.0
2025-08-31,U.P.(W),Reliance Com.,0.0,0.0,0.0,,0.0
2025-08-31,U.P.(W),Reliance Jio,24897176.0,24935214.0,38038.0,0.1527803795900386,39.60118054497332
2025-08-31,U.P.(W),Vodafone Idea,14162137.0,14074444.0,-87693.0,-0.619207397866579,22.3525091027539
2025-08-31,West Bengal,BSNL,2583586.0,2618398.0,34812.0,1.3474295030240913,4.55634877762852
2025-08-31,West Bengal,Bharti Airtel,18449535.0,18438974.0,-10561.0,-0.0572426351124838,32.086182713867046
2025-08-31,West Bengal,MTNL,0.0,0.0,0.0,,0.0
2025-08-31,West Bengal,Reliance Com.,9.0,8.0,-1.0,-11.11111111111111,1.3921027369035628e-05
2025-08-31,West Bengal,Reliance Jio,25034395.0,25085842.0,51447.0,0.2055052658552363,43.65258663216294
2025-08-31,West Bengal,Vodafone Idea,11416726.0,11323801.0,-92925.0,-0.8139373757415217,19.70486795531413
2025-09-30,Andhra Pradesh,BSNL,7145108.0,7225948.0,80840.0,1.13140347213786,8.730453945430597
2025-09-30,Andhra Pradesh,Bharti Airtel,34324394.0,34363642.0,39248.0,0.1143443348191376,41.51845458592624
2025-09-30,Andhra Pradesh,MTNL,0.0,0.0,0.0,,0.0
2025-09-30,Andhra Pradesh,Reliance Com.,0.0,0.0,0.0,,0.0
2025-09-30,Andhra Pradesh,Reliance Jio,31680474.0,31798288.0,117814.0,0.3718820621181362,38.418971313873065
2025-09-30,Andhra Pradesh,Vodafone Idea,9449201.0,9379273.0,-69928.0,-0.7400414066755486,11.3321201547701
2025-09-30,Assam,BSNL,2985454.0,3002586.0,17132.0,0.5738490695217545,11.260221381799788
2025-09-30,Assam,Bharti Airtel,12395925.0,12420302.0,24377.0,0.1966533356728118,46.57829955538681
2025-09-30,Assam,MTNL,0.0,0.0,0.0,,0.0
2025-09-30,Assam,Reliance Com.,0.0,0.0,0.0,,0.0
2025-09-30,Assam,Reliance Jio,9756836.0,9794863.0,38027.0,0.3897472500306452,36.73244522701419
2025-09-30,Assam,Vodafone Idea,1455241.0,1447675.0,-7566.0,-0.5199138836797479,5.429033835799211
2025-09-30,Bihar,BSNL,5670590.0,5668882.0,-1708.0,-0.030120322576663,5.797289528187757
2025-09-30,Bihar,Bharti Airtel,40849847.0,41104423.0,254576.0,0.6231993965607754,42.03549148140674
2025-09-30,Bihar,MTNL,0.0,0.0,0.0,,0.0
2025-09-30,Bihar,Reliance Com.,0.0,0.0,0.0,,0.0
2025-09-30,Bihar,Reliance Jio,42759124.0,43176952.0,417828.0,0.9771668848968936,44.15496595072281
2025-09-30,Bihar,Vodafone Idea,7895064.0,7834785.0,-60279.0,-0.7635023604621825,8.012253039682694
2025-09-30,Delhi,BSNL,0.0,0.0,0.0,,0.0
2025-09-30,Delhi,Bharti Airtel,19131497.0,19167041.0,35544.0,0.1857878659469251,33.84195623073982
2025-09-30,Delhi,MTNL,173896.0,139856.0,-34040.0,-19.57491834199752,0.2469343406009486
2025-09-30,Delhi,Reliance Com.,2.0,2.0,0.0,0.0,3.531265596055209e-06
2025-09-30,Delhi,Reliance Jio,20188419.0,20304682.0,116263.0,0.575889573126058,35.850612492720735
2025-09-30,Delhi,Vodafone Idea,16684556.0,17025337.0,340781.0,2.042493668995447,30.0604934046729
2025-09-30,Gujarat,BSNL,3270353.0,3287659.0,17306.0,0.529178348636982,4.899534592804284
2025-09-30,Gujarat,Bharti Airtel,12577571.0,12650628.0,73057.0,0.5808514219478467,18.85298612377332
2025-09-30,Gujarat,MTNL,0.0,0.0,0.0,,0.0
2025-09-30,Gujarat,Reliance Com.,1.0,1.0,0.0,0.0,1.4902806503972231e-06
2025-09-30,Gujarat,Reliance Jio,31596608.0,31733090.0,136482.0,0.4319514297230892,47.29121000431362
2025-09-30,Gujarat,Vodafone Idea,19601026.0,19430077.0,-170949.0,-0.87214312148762,28.95626778882813
2025-09-30,Haryana,BSNL,4344316.0,4391910.0,47594.0,1.0955464565653144,16.604381945358895
2025-09-30,Haryana,Bharti Airtel,7385349.0,7401581.0,16232.0,0.2197864989183314,27.982968212807517
2025-09-30,Haryana,MTNL,0.0,0.0,0.0,,0.0
2025-09-30,Haryana,Reliance Com.,0.0,0.0,0.0,,0.0
2025-09-30,Haryana,Reliance Jio,8336557.0,8416992.0,80435.0,0.9648467586798724,31.82190664176412
2025-09-30,Haryana,Vodafone Idea,6283096.0,6239824.0,-43272.0,-0.688705058779939,23.590743200069475
2025-09-30,Himachal Pradesh,BSNL,1734975.0,1750572.0,15597.0,0.8989754895603682,19.162842100953647
2025-09-30,Himachal Pradesh,Bharti Airtel,3638457.0,3637680.0,-777.0,-0.0213552063415893,39.82029156972525
2025-09-30,Himachal Pradesh,MTNL,0.0,0.0,0.0,,0.0
2025-09-30,Himachal Pradesh,Reliance Com.,0.0,0.0,0.0,,0.0
2025-09-30,Himachal Pradesh,Reliance Jio,3284943.0,3359847.0,74904.0,2.2802222139014283,36.778959988142624
2025-09-30,Himachal Pradesh,Vodafone Idea,386776.0,387143.0,367.0,0.0948869629966699,4.2379063411784825
2025-09-30,J&K,BSNL,868064.0,864383.0,-3681.0,-0.4240470748700557,6.804872428569281
2025-09-30,J&K,Bharti Airtel,6366434.0,6329892.0,-36542.0,-0.5739790909636383,49.83220117311569
2025-09-30,J&K,MTNL,0.0,0.0,0.0,,0.0
2025-09-30,J&K,Reliance Com.,0.0,0.0,0.0,,0.0
2025-09-30,J&K,Reliance Jio,5215584.0,5255130.0,39546.0,0.7582276500579801,41.37111586593823
2025-09-30,J&K,Vodafone Idea,257671.0,253008.0,-4663.0,-1.809672023627028,1.9918105323768007
2025-09-30,Karnataka,BSNL,4577062.0,4621271.0,44209.0,0.9658816070221464,6.606661889543462
2025-09-30,Karnataka,Bharti Airtel,32517839.0,32550788.0,32949.0,0.1013259214426887,46.53526065755691
2025-09-30,Karnataka,MTNL,0.0,0.0,0.0,,0.0
2025-09-30,Karnataka,Reliance Com.,398.0,392.0,-6.0,-1.507537688442211,0.0005604110775371
2025-09-30,Karnataka,Reliance Jio,25355502.0,25651387.0,295885.0,1.1669459354423353,36.67173833926437
2025-09-30,Karnataka,Vodafone Idea,7143986.0,7124815.0,-19171.0,-0.2683515897147615,10.185778702557718
2025-09-30,Kerala,BSNL,8882915.0,8912373.0,29458.0,0.3316253729772265,21.290957787115435
2025-09-30,Kerala,Bharti Airtel,9239679.0,9236441.0,-3238.0,-0.035044507498583,22.065130738377118
2025-09-30,Kerala,MTNL,0.0,0.0,0.0,,0.0
2025-09-30,Kerala,Reliance Com.,4.0,4.0,0.0,0.0,9.555685242130434e-06
2025-09-30,Kerala,Reliance Jio,10880877.0,10947296.0,66419.0,0.6104195461450396,26.15222870710838
2025-09-30,Kerala,Vodafone Idea,12800992.0,12763783.0,-37209.0,-0.2906727853591346,30.491673211713827
2025-09-30,Kolkata,BSNL,1412094.0,1421518.0,9424.0,0.6673776674923908,6.3645258759137775
2025-09-30,Kolkata,Bharti Airtel,5307971.0,5288622.0,-19349.0,-0.3645272364901767,23.678610870159137
2025-09-30,Kolkata,MTNL,0.0,0.0,0.0,,0.0
2025-09-30,Kolkata,Reliance Com.,0.0,0.0,0.0,,0.0
2025-09-30,Kolkata,Reliance Jio,10856699.0,10874931.0,18232.0,0.1679331811630773,48.69004806712043
2025-09-30,Kolkata,Vodafone Idea,4773654.0,4749947.0,-23707.0,-0.4966216654998456,21.266815186806657
2025-09-30,Madhya Pradesh,BSNL,5097504.0,5105300.0,7796.0,0.1529375945560807,6.213777434208331
2025-09-30,Madhya Pradesh,Bharti Airtel,16763182.0,16801295.0,38113.0,0.2273613685039033,20.44924054149164
2025-09-30,Madhya Pradesh,MTNL,0.0,0.0,0.0,,0.0
2025-09-30,Madhya Pradesh,Reliance Com.,0.0,0.0,0.0,,0.0
2025-09-30,Madhya Pradesh,Reliance Jio,46904836.0,47153670.0,248834.0,0.530508197491619,57.39181058627434
2025-09-30,Madhya Pradesh,Vodafone Idea,13205304.0,13100708.0,-104596.0,-0.7920756689887639,15.94517143802569
2025-09-30,Maharashtra,BSNL,5269712.0,5304322.0,34610.0,0.6567721347959812,5.787950591579608
2025-09-30,Maharashtra,Bharti Airtel,22917455.0,22969710.0,52255.0,0.2280139745010953,25.06400376578044
2025-09-30,Maharashtra,MTNL,0.0,0.0,0.0,,0.0
2025-09-30,Maharashtra,Reliance Com.,0.0,0.0,0.0,,0.0
2025-09-30,Maharashtra,Reliance Jio,42750188.0,42907222.0,157034.0,0.3673293787620302,46.81934485838861
2025-09-30,Maharashtra,Vodafone Idea,20412459.0,20462963.0,50504.0,0.2474175208386211,22.32870078425134
2025-09-30,Mumbai,BSNL,0.0,0.0,0.0,,0.0
2025-09-30,Mumbai,Bharti Airtel,10087793.0,10075231.0,-12562.0,-0.1245267423707048,29.37967242722494
2025-09-30,Mumbai,MTNL,128673.0,105785.0,-22888.0,-17.787725474652802,0.3084721975817716
2025-09-30,Mumbai,Reliance Com.,55.0,50.0,-5.0,-9.090909090909092,0.0001458014829993
2025-09-30,Mumbai,Reliance Jio,13181320.0,13333190.0,151870.0,1.1521607851110511,38.87997750224797
2025-09-30,Mumbai,Vodafone Idea,10711565.0,10778948.0,67383.0,0.6290677412684328,31.43173207146232
2025-09-30,North East,BSNL,1265400.0,1280227.0,14827.0,1.1717243559348822,10.02678635273666
2025-09-30,North East,Bharti Airtel,6456645.0,6458088.0,1443.0,0.022349068285464,50.57998981678436
2025-09-30,North East,MTNL,0.0,0.0,0.0,,0.0
2025-09-30,North East,Reliance Com.,0.0,0.0,0.0,,0.0
2025-09-30,North East,Reliance Jio,4405505.0,4411717.0,6212.0,0.1410054011969116,34.55273463826049
2025-09-30,North East,Vodafone Idea,623613.0,618037.0,-5576.0,-0.894144284997266,4.840489192218494
2025-09-30,Odisha,BSNL,5558768.0,5550472.0,-8296.0,-0.1492417024779591,15.49454969032658
2025-09-30,Odisha,Bharti Airtel,12041180.0,12033004.0,-8176.0,-0.067900322061459,33.591013233090536
2025-09-30,Odisha,MTNL,0.0,0.0,0.0,,0.0
2025-09-30,Odisha,Reliance Com.,0.0,0.0,0.0,,0.0
2025-09-30,Odisha,Reliance Jio,16569457.0,16765916.0,196459.0,1.1856695122839571,46.80328421904326
2025-09-30,Odisha,Vodafone Idea,1464721.0,1472701.0,7980.0,0.544813653931363,4.11115285753962
2025-09-30,Punjab,BSNL,4073746.0,4081122.0,7376.0,0.1810618531445014,12.04630744339187
2025-09-30,Punjab,Bharti Airtel,12541673.0,12549702.0,8029.0,0.0640185723228471,37.04313877775519
2025-09-30,Punjab,MTNL,0.0,0.0,0.0,,0.0
2025-09-30,Punjab,Reliance Com.,6.0,6.0,0.0,0.0,1.7710287675877177e-05
2025-09-30,Punjab,Reliance Jio,11344386.0,11488426.0,144040.0,1.2697029173725225,33.91055490050449
2025-09-30,Punjab,Vodafone Idea,5816725.0,5759358.0,-57367.0,-0.9862422583154612,16.99998116806077
2025-09-30,Rajasthan,BSNL,5706894.0,5720028.0,13134.0,0.2301427010909962,8.850831051831328
2025-09-30,Rajasthan,Bharti Airtel,23350479.0,23303298.0,-47181.0,-0.2020558122169571,36.0581370490632
2025-09-30,Rajasthan,MTNL,0.0,0.0,0.0,,0.0
2025-09-30,Rajasthan,Reliance Com.,52.0,50.0,-2.0,-3.8461538461538463,7.736702557951925e-05
2025-09-30,Rajasthan,Reliance Jio,26840210.0,26919616.0,79406.0,0.2958471636399268,41.65381239325672
2025-09-30,Rajasthan,Vodafone Idea,8804377.0,8684024.0,-120353.0,-1.366967816121459,13.437142138823182
2025-09-30,Tamil Nadu,BSNL,7899317.0,7897520.0,-1797.0,-0.0227488022065705,10.141102018020902
2025-09-30,Tamil Nadu,Bharti Airtel,30791628.0,30884289.0,92661.0,0.3009292006255726,39.65811109095523
2025-09-30,Tamil Nadu,MTNL,0.0,0.0,0.0,,0.0
2025-09-30,Tamil Nadu,Reliance Com.,0.0,0.0,0.0,,0.0
2025-09-30,Tamil Nadu,Reliance Jio,24596968.0,24730303.0,133335.0,0.5420790074614075,31.75585825164968
2025-09-30,Tamil Nadu,Vodafone Idea,14450929.0,14364237.0,-86692.0,-0.5999060683226664,18.444928639374197
2025-09-30,U.P.(E),BSNL,8263805.0,8385422.0,121617.0,1.471682838595538,8.11488606203992
2025-09-30,U.P.(E),Bharti Airtel,35998468.0,35831594.0,-166874.0,-0.4635586158833204,34.675571811564545
2025-09-30,U.P.(E),MTNL,0.0,0.0,0.0,,0.0
2025-09-30,U.P.(E),Reliance Com.,0.0,0.0,0.0,,0.0
2025-09-30,U.P.(E),Reliance Jio,42928104.0,43278138.0,350034.0,0.815395900084476,41.88187056623271
2025-09-30,U.P.(E),Vodafone Idea,15931810.0,15838669.0,-93141.0,-0.5846228394639403,15.327671560162834
2025-09-30,U.P.(W),BSNL,5104295.0,5171470.0,67175.0,1.3160485434325406,8.20446258086555
2025-09-30,U.P.(W),Bharti Airtel,18851882.0,18838986.0,-12896.0,-0.0684069632941687,29.88777962522261
2025-09-30,U.P.(W),MTNL,0.0,0.0,0.0,,0.0
2025-09-30,U.P.(W),Reliance Com.,0.0,0.0,0.0,,0.0
2025-09-30,U.P.(W),Reliance Jio,24935214.0,25135836.0,200622.0,0.8045730026620185,39.87764134777407
2025-09-30,U.P.(W),Vodafone Idea,14074444.0,13886112.0,-188332.0,-1.3381132498022656,22.030116446137768
2025-09-30,West Bengal,BSNL,2618398.0,2629799.0,11401.0,0.4354189088137098,4.564327026710019
2025-09-30,West Bengal,Bharti Airtel,18438974.0,18515802.0,76828.0,0.4166609270125333,32.136363079387976
2025-09-30,West Bengal,MTNL,0.0,0.0,0.0,,0.0
2025-09-30,West Bengal,Reliance Com.,8.0,8.0,0.0,0.0,1.3884945660744472e-05
2025-09-30,West Bengal,Reliance Jio,25085842.0,25265384.0,179542.0,0.7157104792416376,43.851060492230346
2025-09-30,West Bengal,Vodafone Idea,11323801.0,11205365.0,-118436.0,-1.045903226310671,19.448235516725997
2025-10-31,Andhra Pradesh,BSNL,7225948.0,7335332.0,109384.0,1.513766774961569,8.864195457744705
2025-10-31,Andhra Pradesh,Bharti Airtel,34363642.0,34443470.0,79828.0,0.232303665600986,41.62233561111698
2025-10-31,Andhra Pradesh,MTNL,0.0,0.0,0.0,,0.0
2025-10-31,Andhra Pradesh,Reliance Com.,0.0,0.0,0.0,,0.0
2025-10-31,Andhra Pradesh,Reliance Jio,31798288.0,31775033.0,-23255.0,-0.0731328680336501,38.39773076232788
2025-10-31,Andhra Pradesh,Vodafone Idea,9379273.0,9198537.0,-180736.0,-1.92697237834958,11.115738168810436
2025-10-31,Assam,BSNL,3002586.0,3003459.0,873.0,0.0290749374039577,11.19793935715755
2025-10-31,Assam,Bharti Airtel,12420302.0,12468673.0,48371.0,0.3894510777596229,46.487547896684354
2025-10-31,Assam,MTNL,0.0,0.0,0.0,,0.0
2025-10-31,Assam,Reliance Com.,0.0,0.0,0.0,,0.0
2025-10-31,Assam,Reliance Jio,9794863.0,9896444.0,101581.0,1.0370844390574938,36.897383904193696
2025-10-31,Assam,Vodafone Idea,1447675.0,1452957.0,5282.0,0.3648608976462258,5.417128841964402
2025-10-31,Bihar,BSNL,5668882.0,5661772.0,-7110.0,-0.1254215557847208,5.772223614304183
2025-10-31,Bihar,Bharti Airtel,41104423.0,41248348.0,143925.0,0.350144800718891,42.05303363975743
2025-10-31,Bihar,MTNL,0.0,0.0,0.0,,0.0
2025-10-31,Bihar,Reliance Com.,0.0,0.0,0.0,,0.0
2025-10-31,Bihar,Reliance Jio,43176952.0,43490955.0,314003.0,0.727246795929458,44.33939011667029
2025-10-31,Bihar,Vodafone Idea,7834785.0,7685423.0,-149362.0,-1.9063956445518289,7.835352629268097
2025-10-31,Delhi,BSNL,0.0,0.0,0.0,,0.0
2025-10-31,Delhi,Bharti Airtel,19167041.0,19214168.0,47127.0,0.2458751979504818,34.17000626326079
2025-10-31,Delhi,MTNL,139856.0,139399.0,-457.0,-0.3267646722342981,0.2479037709617346
2025-10-31,Delhi,Reliance Com.,2.0,2.0,0.0,0.0,3.5567510665318208e-06
2025-10-31,Delhi,Reliance Jio,20304682.0,20279084.0,-25598.0,-0.126069445460904,36.06382682264419
2025-10-31,Delhi,Vodafone Idea,17025337.0,16598440.0,-426897.0,-2.5074217326799464,29.518259586382214
2025-10-31,Gujarat,BSNL,3287659.0,3295586.0,7927.0,0.2411138138109822,4.939533844576359
2025-10-31,Gujarat,Bharti Airtel,12650628.0,12732415.0,81787.0,0.6465054541165862,19.083766837124475
2025-10-31,Gujarat,MTNL,0.0,0.0,0.0,,0.0
2025-10-31,Gujarat,Reliance Com.,1.0,1.0,0.0,0.0,1.4988332407578982e-06
2025-10-31,Gujarat,Reliance Jio,31733090.0,31576652.0,-156438.0,-0.492980670965229,47.32813564944437
2025-10-31,Gujarat,Vodafone Idea,19430077.0,19113909.0,-316168.0,-1.6272091973696243,28.64856217002156
2025-10-31,Haryana,BSNL,4391910.0,4423576.0,31666.0,0.7210074887691232,16.73578152657215
2025-10-31,Haryana,Bharti Airtel,7401581.0,7444847.0,43266.0,0.584550787189926,28.16620148286276
2025-10-31,Haryana,MTNL,0.0,0.0,0.0,,0.0
2025-10-31,Haryana,Reliance Com.,0.0,0.0,0.0,,0.0
2025-10-31,Haryana,Reliance Jio,8416992.0,8354258.0,-62734.0,-0.745325646026514,31.60678977926854
2025-10-31,Haryana,Vodafone Idea,6239824.0,6209165.0,-30659.0,-0.4913439866252638,23.49122721129656
2025-10-31,Himachal Pradesh,BSNL,1750572.0,1759107.0,8535.0,0.4875549249045455,19.267810769842967
2025-10-31,Himachal Pradesh,Bharti Airtel,3637680.0,3623693.0,-13987.0,-0.3845033098018517,39.690951722666426
2025-10-31,Himachal Pradesh,MTNL,0.0,0.0,0.0,,0.0
2025-10-31,Himachal Pradesh,Reliance Com.,0.0,0.0,0.0,,0.0
2025-10-31,Himachal Pradesh,Reliance Jio,3359847.0,3361093.0,1246.0,0.0370850220263006,36.81464737724528
2025-10-31,Himachal Pradesh,Vodafone Idea,387143.0,385878.0,-1265.0,-0.3267526469547428,4.2265901302453255
2025-10-31,J&K,BSNL,864383.0,864947.0,564.0,0.0652488538067037,6.807238592120135
2025-10-31,J&K,Bharti Airtel,6329892.0,6339919.0,10027.0,0.1584071260615505,49.89593730912495
2025-10-31,J&K,MTNL,0.0,0.0,0.0,,0.0
2025-10-31,J&K,Reliance Com.,0.0,0.0,0.0,,0.0
2025-10-31,J&K,Reliance Jio,5255130.0,5249849.0,-5281.0,-0.1004922808760201,41.31695319551753
2025-10-31,J&K,Vodafone Idea,253008.0,251568.0,-1440.0,-0.5691519635742743,1.9798709032373984
2025-10-31,Karnataka,BSNL,4621271.0,4653548.0,32277.0,0.6984442158877936,6.616736686142673
2025-10-31,Karnataka,Bharti Airtel,32550788.0,32596945.0,46157.0,0.1417999465942268,46.34859290968418
2025-10-31,Karnataka,MTNL,0.0,0.0,0.0,,0.0
2025-10-31,Karnataka,Reliance Com.,392.0,383.0,-9.0,-2.295918367346939,0.0005445759130007
2025-10-31,Karnataka,Reliance Jio,25651387.0,25797720.0,146333.0,0.5704681778026273,36.68098413142758
2025-10-31,Karnataka,Vodafone Idea,7124815.0,7281360.0,156545.0,2.197179856599785,10.35314169683257
2025-10-31,Kerala,BSNL,8912373.0,8931766.0,19393.0,0.2175963685541437,21.34315985539893
2025-10-31,Kerala,Bharti Airtel,9236441.0,9235215.0,-1226.0,-0.013273510868526,22.068275192607828
2025-10-31,Kerala,MTNL,0.0,0.0,0.0,,0.0
2025-10-31,Kerala,Reliance Com.,4.0,3.0,-1.0,-25.0,7.168736794738778e-06
2025-10-31,Kerala,Reliance Jio,10947296.0,10939431.0,-7865.0,-0.0718442252771826,26.14063384106868
2025-10-31,Kerala,Vodafone Idea,12763783.0,12741962.0,-21821.0,-0.17096028661722,30.44792394218777
2025-10-31,Kolkata,BSNL,1421518.0,1415911.0,-5607.0,-0.3944374956912258,6.363048962065755
2025-10-31,Kolkata,Bharti Airtel,5288622.0,5267279.0,-21343.0,-0.4035644823925778,23.67094695490094
2025-10-31,Kolkata,MTNL,0.0,0.0,0.0,,0.0
2025-10-31,Kolkata,Reliance Com.,0.0,0.0,0.0,,0.0
2025-10-31,Kolkata,Reliance Jio,10874931.0,10868041.0,-6890.0,-0.0633567238265695,48.84055354096273
2025-10-31,Kolkata,Vodafone Idea,4749947.0,4700853.0,-49094.0,-1.033569427195714,21.12545054207057
2025-10-31,Madhya Pradesh,BSNL,5105300.0,5128929.0,23629.0,0.4628327424441266,6.212934092987797
2025-10-31,Madhya Pradesh,Bharti Airtel,16801295.0,16828095.0,26800.0,0.1595115138446173,20.384732396478384
2025-10-31,Madhya Pradesh,MTNL,0.0,0.0,0.0,,0.0
2025-10-31,Madhya Pradesh,Reliance Com.,0.0,0.0,0.0,,0.0
2025-10-31,Madhya Pradesh,Reliance Jio,47153670.0,47607039.0,453369.0,0.9614712916301108,57.668841910133615
2025-10-31,Madhya Pradesh,Vodafone Idea,13100708.0,12988382.0,-112326.0,-0.8574040425906753,15.733491600400209
2025-10-31,Maharashtra,BSNL,5304322.0,5310770.0,6448.0,0.1215612476014842,5.751952897491157
2025-10-31,Maharashtra,Bharti Airtel,22969710.0,23144905.0,175195.0,0.7627218628358826,25.06762736418779
2025-10-31,Maharashtra,MTNL,0.0,0.0,0.0,,0.0
2025-10-31,Maharashtra,Reliance Com.,0.0,0.0,0.0,,0.0
2025-10-31,Maharashtra,Reliance Jio,42907222.0,43377448.0,470226.0,1.095913410567573,46.98095336634274
2025-10-31,Maharashtra,Vodafone Idea,20462963.0,20496736.0,33773.0,0.1650445245881547,22.19946637197832
2025-10-31,Mumbai,BSNL,0.0,0.0,0.0,,0.0
2025-10-31,Mumbai,Bharti Airtel,10075231.0,10068845.0,-6386.0,-0.0633831621329575,29.44873683915282
2025-10-31,Mumbai,MTNL,105785.0,104013.0,-1772.0,-1.6750957130027888,0.3042108071830286
2025-10-31,Mumbai,Reliance Com.,50.0,68.0,18.0,36.0,0.0001988822059593
2025-10-31,Mumbai,Reliance Jio,13333190.0,13262021.0,-71169.0,-0.5337732380623091,38.78794105821653
2025-10-31,Mumbai,Vodafone Idea,10778948.0,10756146.0,-22802.0,-0.2115419797924621,31.458912413241656
2025-10-31,North East,BSNL,1280227.0,1284548.0,4321.0,0.337518268244616,10.05133855039214
2025-10-31,North East,Bharti Airtel,6458088.0,6462922.0,4834.0,0.074851875663509,50.57110909578893
2025-10-31,North East,MTNL,0.0,0.0,0.0,,0.0
2025-10-31,North East,Reliance Com.,0.0,0.0,0.0,,0.0
2025-10-31,North East,Reliance Jio,4411717.0,4418467.0,6750.0,0.1530016544578902,34.57364589780647
2025-10-31,North East,Vodafone Idea,618037.0,613933.0,-4104.0,-0.6640379135876978,4.803906456012463
2025-10-31,Odisha,BSNL,5550472.0,5530388.0,-20084.0,-0.3618431009110576,15.369915687058455
2025-10-31,Odisha,Bharti Airtel,12033004.0,12030483.0,-2521.0,-0.0209507118920595,33.434816758713865
2025-10-31,Odisha,MTNL,0.0,0.0,0.0,,0.0
2025-10-31,Odisha,Reliance Com.,0.0,0.0,0.0,,0.0
2025-10-31,Odisha,Reliance Jio,16765916.0,16933690.0,167774.0,1.0006849610841424,47.06168673351397
2025-10-31,Odisha,Vodafone Idea,1472701.0,1487341.0,14640.0,0.9940918081810224,4.133580820713703
2025-10-31,Punjab,BSNL,4081122.0,4088155.0,7033.0,0.1723300602138333,12.071262036847845
2025-10-31,Punjab,Bharti Airtel,12549702.0,12620777.0,71075.0,0.5663481093017189,37.265883087999946
2025-10-31,Punjab,MTNL,0.0,0.0,0.0,,0.0
2025-10-31,Punjab,Reliance Com.,6.0,5.0,-1.0,-16.666666666666664,1.4763703965294665e-05
2025-10-31,Punjab,Reliance Jio,11488426.0,11452104.0,-36322.0,-0.3161616743668802,33.81509464715338
2025-10-31,Punjab,Vodafone Idea,5759358.0,5705799.0,-53559.0,-0.9299474003873348,16.847745464294867
2025-10-31,Rajasthan,BSNL,5720028.0,5731546.0,11518.0,0.2013626506723393,8.858713639167295
2025-10-31,Rajasthan,Bharti Airtel,23303298.0,23360767.0,57469.0,0.2466131617936654,36.10654878183116
2025-10-31,Rajasthan,MTNL,0.0,0.0,0.0,,0.0
2025-10-31,Rajasthan,Reliance Com.,50.0,50.0,0.0,0.0,7.728031528637557e-05
2025-10-31,Rajasthan,Reliance Jio,26919616.0,27035669.0,116053.0,0.4311094184998775,41.78650048596181
2025-10-31,Rajasthan,Vodafone Idea,8684024.0,8571497.0,-112527.0,-1.2957932866145925,13.248159812724449
2025-10-31,Tamil Nadu,BSNL,7897520.0,7910011.0,12491.0,0.1581635754008853,10.14721692694028
2025-10-31,Tamil Nadu,Bharti Airtel,30884289.0,30983605.0,99316.0,0.3215745067014494,39.746766611782405
2025-10-31,Tamil Nadu,MTNL,0.0,0.0,0.0,,0.0
2025-10-31,Tamil Nadu,Reliance Com.,0.0,0.0,0.0,,0.0
2025-10-31,Tamil Nadu,Reliance Jio,24730303.0,24734073.0,3770.0,0.0152444553550354,31.729665637352028
2025-10-31,Tamil Nadu,Vodafone Idea,14364237.0,14324828.0,-39409.0,-0.2743549831432049,18.37635082392529
2025-10-31,U.P.(E),BSNL,8385422.0,8403483.0,18061.0,0.2153857015186594,8.083719977411134
2025-10-31,U.P.(E),Bharti Airtel,35831594.0,35979827.0,148233.0,0.4136935688655101,34.6107496503172
2025-10-31,U.P.(E),MTNL,0.0,0.0,0.0,,0.0
2025-10-31,U.P.(E),Reliance Com.,0.0,0.0,0.0,,0.0
2025-10-31,U.P.(E),Reliance Jio,43278138.0,43828277.0,550139.0,1.2711706774445797,42.16055632651472
2025-10-31,U.P.(E),Vodafone Idea,15838669.0,15744055.0,-94614.0,-0.5973608009612423,15.14497404575694
2025-10-31,U.P.(W),BSNL,5171470.0,5171874.0,404.0,0.0078120921130742,8.243887682614451
2025-10-31,U.P.(W),Bharti Airtel,18838986.0,18981227.0,142241.0,0.7550353293961787,30.25578416376904
2025-10-31,U.P.(W),MTNL,0.0,0.0,0.0,,0.0
2025-10-31,U.P.(W),Reliance Com.,0.0,0.0,0.0,,0.0
2025-10-31,U.P.(W),Reliance Jio,25135836.0,25124205.0,-11631.0,-0.0462725807090721,40.04759669995448
2025-10-31,U.P.(W),Vodafone Idea,13886112.0,13458556.0,-427556.0,-3.0790188067041373,21.45273145366202
2025-10-31,West Bengal,BSNL,2629799.0,2637291.0,7492.0,0.2848886930141809,4.584934493261568
2025-10-31,West Bengal,Bharti Airtel,18515802.0,18588488.0,72686.0,0.3925619857028067,32.31611521397477
2025-10-31,West Bengal,MTNL,0.0,0.0,0.0,,0.0
2025-10-31,West Bengal,Reliance Com.,8.0,9.0,1.0,12.5,1.5646513956690448e-05
2025-10-31,West Bengal,Reliance Jio,25265384.0,25339166.0,73782.0,0.2920280174645277,44.05217938554401
2025-10-31,West Bengal,Vodafone Idea,11205365.0,10955846.0,-249519.0,-2.226781546161147,19.04675526070569
2025-11-30,Andhra Pradesh,BSNL,7335332.0,7440211.0,104879.0,1.429778502186404,8.982250754922278
2025-11-30,Andhra Pradesh,Bharti Airtel,34443470.0,34475970.0,32500.0,0.0943575081140198,41.6213743883309
2025-11-30,Andhra Pradesh,MTNL,0.0,0.0,0.0,,0.0
2025-11-30,Andhra Pradesh,Reliance Com.,0.0,0.0,0.0,,0.0
2025-11-30,Andhra Pradesh,Reliance Jio,31775033.0,31885087.0,110054.0,0.346353692221185,38.49351137709839
2025-11-30,Andhra Pradesh,Vodafone Idea,9198537.0,9031100.0,-167437.0,-1.8202568517145716,10.902863479648438
2025-11-30,Assam,BSNL,3003459.0,2955717.0,-47742.0,-1.5895672289849805,11.06066807218458
2025-11-30,Assam,Bharti Airtel,12468673.0,12474233.0,5560.0,0.044591754070381,46.68016277204187
2025-11-30,Assam,MTNL,0.0,0.0,0.0,,0.0
2025-11-30,Assam,Reliance Com.,0.0,0.0,0.0,,0.0
2025-11-30,Assam,Reliance Jio,9896444.0,9839724.0,-56720.0,-0.5731351584468118,36.82149579472877
2025-11-30,Assam,Vodafone Idea,1452957.0,1453097.0,140.0,0.0096355225928916,5.437673361044781
2025-11-30,Bihar,BSNL,5661772.0,5654203.0,-7569.0,-0.1336860615369181,5.758744893715098
2025-11-30,Bihar,Bharti Airtel,41248348.0,41235059.0,-13289.0,-0.032217047819709,41.99746373773471
2025-11-30,Bihar,MTNL,0.0,0.0,0.0,,0.0
2025-11-30,Bihar,Reliance Com.,0.0,0.0,0.0,,0.0
2025-11-30,Bihar,Reliance Jio,43490955.0,43721379.0,230424.0,0.5298205109545192,44.52975389501093
2025-11-30,Bihar,Vodafone Idea,7685423.0,7574000.0,-111423.0,-1.449796582439249,7.714037473539268
2025-11-30,Delhi,BSNL,0.0,0.0,0.0,,0.0
2025-11-30,Delhi,Bharti Airtel,19214168.0,19289107.0,74939.0,0.3900194897848296,34.26894855013784
2025-11-30,Delhi,MTNL,139399.0,137855.0,-1544.0,-1.1076119627830905,0.2449126287898788
2025-11-30,Delhi,Reliance Com.,2.0,2.0,0.0,0.0,3.5531918144409534e-06
2025-11-30,Delhi,Reliance Jio,20279084.0,20362063.0,82979.0,0.409185148599414,36.175157788365496
2025-11-30,Delhi,Vodafone Idea,16598440.0,16498393.0,-100047.0,-0.6027494150052656,29.31097747951496
2025-11-30,Gujarat,BSNL,3295586.0,3310283.0,14697.0,0.4459601418382042,4.924856096403002
2025-11-30,Gujarat,Bharti Airtel,12732415.0,12811317.0,78902.0,0.619693907243834,19.0599693834036
2025-11-30,Gujarat,MTNL,0.0,0.0,0.0,,0.0
2025-11-30,Gujarat,Reliance Com.,1.0,1.0,0.0,0.0,1.487744732520755e-06
2025-11-30,Gujarat,Reliance Jio,31576652.0,31939314.0,362662.0,1.1485131482590365,47.5175461638264
2025-11-30,Gujarat,Vodafone Idea,19113909.0,19154917.0,41008.0,0.2145453344996044,28.497626868622262
2025-11-30,Haryana,BSNL,4423576.0,4453936.0,30360.0,0.6863225589432622,16.94547974164278
2025-11-30,Haryana,Bharti Airtel,7444847.0,7491697.0,46850.0,0.6292943293529067,28.50296900180559
2025-11-30,Haryana,MTNL,0.0,0.0,0.0,,0.0
2025-11-30,Haryana,Reliance Com.,0.0,0.0,0.0,,0.0
2025-11-30,Haryana,Reliance Jio,8354258.0,8150243.0,-204015.0,-2.4420481148654973,31.008478264161376
2025-11-30,Haryana,Vodafone Idea,6209165.0,6188042.0,-21123.0,-0.3401906697599435,23.54307299239025
2025-11-30,Himachal Pradesh,BSNL,1759107.0,1771470.0,12363.0,0.7027997728392872,19.40936887420796
2025-11-30,Himachal Pradesh,Bharti Airtel,3623693.0,3607810.0,-15883.0,-0.4383097574766957,39.52949534457609
2025-11-30,Himachal Pradesh,MTNL,0.0,0.0,0.0,,0.0
2025-11-30,Himachal Pradesh,Reliance Com.,0.0,0.0,0.0,,0.0
2025-11-30,Himachal Pradesh,Reliance Jio,3361093.0,3363770.0,2677.0,0.0796467101624382,36.85563556706831
2025-11-30,Himachal Pradesh,Vodafone Idea,385878.0,383831.0,-2047.0,-0.5304785450323677,4.205500214147637
2025-11-30,J&K,BSNL,864947.0,863999.0,-948.0,-0.1096020912263988,6.805528490070454
2025-11-30,J&K,Bharti Airtel,6339919.0,6347246.0,7327.0,0.1155692998601401,49.99584893788735
2025-11-30,J&K,MTNL,0.0,0.0,0.0,,0.0
2025-11-30,J&K,Reliance Com.,0.0,0.0,0.0,,0.0
2025-11-30,J&K,Reliance Jio,5249849.0,5234264.0,-15585.0,-0.2968656812795949,41.229136580655926
2025-11-30,J&K,Vodafone Idea,251568.0,250037.0,-1531.0,-0.6085829676270432,1.9694859913862703
2025-11-30,Karnataka,BSNL,4653548.0,4693660.0,40112.0,0.8619659666130016,6.632147329342199
2025-11-30,Karnataka,Bharti Airtel,32596945.0,32617737.0,20792.0,0.0637851185134067,46.08890233500855
2025-11-30,Karnataka,MTNL,0.0,0.0,0.0,,0.0
2025-11-30,Karnataka,Reliance Com.,383.0,376.0,-7.0,-1.827676240208877,0.0005312884605686
2025-11-30,Karnataka,Reliance Jio,25797720.0,26076494.0,278774.0,1.0806148760433092,36.8461179635312
2025-11-30,Karnataka,Vodafone Idea,7281360.0,7383080.0,101720.0,1.3969917707680983,10.432301083657483
2025-11-30,Kerala,BSNL,8931766.0,8958276.0,26510.0,0.2968058052573253,21.358149030798344
2025-11-30,Kerala,Bharti Airtel,9235215.0,9260175.0,24960.0,0.2702698312925037,22.077930809596964
2025-11-30,Kerala,MTNL,0.0,0.0,0.0,,0.0
2025-11-30,Kerala,Reliance Com.,3.0,3.0,0.0,0.0,7.152542195886243e-06
2025-11-30,Kerala,Reliance Jio,10939431.0,10980116.0,40685.0,0.3719114824162244,26.17858100190856
2025-11-30,Kerala,Vodafone Idea,12741962.0,12744559.0,2597.0,0.020381476573231,30.38533200515393
2025-11-30,Kolkata,BSNL,1415911.0,1425482.0,9571.0,0.6759605653180178,6.404649182539883
2025-11-30,Kolkata,Bharti Airtel,5267279.0,5262990.0,-4289.0,-0.0814272416555113,23.64646105753393
2025-11-30,Kolkata,MTNL,0.0,0.0,0.0,,0.0
2025-11-30,Kolkata,Reliance Com.,0.0,0.0,0.0,,0.0
2025-11-30,Kolkata,Reliance Jio,10868041.0,10886695.0,18654.0,0.1716408688557579,48.9136041228939
2025-11-30,Kolkata,Vodafone Idea,4700853.0,4681821.0,-19032.0,-0.4048626919412285,21.03528563703229
2025-11-30,Madhya Pradesh,BSNL,5128929.0,5141998.0,13069.0,0.2548095323604596,6.210921652695731
2025-11-30,Madhya Pradesh,Bharti Airtel,16828095.0,16925132.0,97037.0,0.5766368682848534,20.44354525488602
2025-11-30,Madhya Pradesh,MTNL,0.0,0.0,0.0,,0.0
2025-11-30,Madhya Pradesh,Reliance Com.,0.0,0.0,0.0,,0.0
2025-11-30,Madhya Pradesh,Reliance Jio,47607039.0,47842472.0,235433.0,0.4945340120817008,57.78801260974611
2025-11-30,Madhya Pradesh,Vodafone Idea,12988382.0,12880011.0,-108371.0,-0.8343687458530246,15.557520482672144
2025-11-30,Maharashtra,BSNL,5310770.0,5338162.0,27392.0,0.5157820805645885,5.772672440000201
2025-11-30,Maharashtra,Bharti Airtel,23144905.0,23311773.0,166868.0,0.7209707708888846,25.209281682466887
2025-11-30,Maharashtra,MTNL,0.0,0.0,0.0,,0.0
2025-11-30,Maharashtra,Reliance Com.,0.0,0.0,0.0,,0.0
2025-11-30,Maharashtra,Reliance Jio,43377448.0,43257600.0,-119848.0,-0.276291034917499,46.778639415692645
2025-11-30,Maharashtra,Vodafone Idea,20496736.0,20565441.0,68705.0,0.335199711798015,22.239406461840268
2025-11-30,Mumbai,BSNL,0.0,0.0,0.0,,0.0
2025-11-30,Mumbai,Bharti Airtel,10068845.0,10099790.0,30945.0,0.3073341579893225,29.46539042891706
2025-11-30,Mumbai,MTNL,104013.0,98027.0,-5986.0,-5.755049849538039,0.2859865232421122
2025-11-30,Mumbai,Reliance Com.,68.0,80.0,12.0,17.647058823529413,0.0002333940838684
2025-11-30,Mumbai,Reliance Jio,13262021.0,13310110.0,48089.0,0.3626068756790537,38.83126162047263
2025-11-30,Mumbai,Vodafone Idea,10756146.0,10768783.0,12637.0,0.1174863189845136,31.41712803328433
2025-11-30,North East,BSNL,1284548.0,1294812.0,10264.0,0.7990359254772885,10.11134322420946
2025-11-30,North East,Bharti Airtel,6462922.0,6477368.0,14446.0,0.2235211874752627,50.58254869240568
2025-11-30,North East,MTNL,0.0,0.0,0.0,,0.0
2025-11-30,North East,Reliance Com.,0.0,0.0,0.0,,0.0
2025-11-30,North East,Reliance Jio,4418467.0,4424098.0,5631.0,0.1274423912184927,34.54831538133615
2025-11-30,North East,Vodafone Idea,613933.0,609261.0,-4672.0,-0.7609950922983453,4.757792702048699
2025-11-30,Odisha,BSNL,5530388.0,5532821.0,2433.0,0.0439932966728555,15.310756141712952
2025-11-30,Odisha,Bharti Airtel,12030483.0,12020240.0,-10243.0,-0.0851420512376768,33.26313347293608
2025-11-30,Odisha,MTNL,0.0,0.0,0.0,,0.0
2025-11-30,Odisha,Reliance Com.,0.0,0.0,0.0,,0.0
2025-11-30,Odisha,Reliance Jio,16933690.0,17093395.0,159705.0,0.943119898852524,47.3018741215332
2025-11-30,Odisha,Vodafone Idea,1487341.0,1490368.0,3027.0,0.2035175524644314,4.124236263817761
2025-11-30,Punjab,BSNL,4088155.0,4091509.0,3354.0,0.0820418990962916,12.052803387821568
2025-11-30,Punjab,Bharti Airtel,12620777.0,12691143.0,70366.0,0.5575409501332604,37.38568125983053
2025-11-30,Punjab,MTNL,0.0,0.0,0.0,,0.0
2025-11-30,Punjab,Reliance Com.,5.0,6.0,1.0,20.0,1.767485304979884e-05
2025-11-30,Punjab,Reliance Jio,11452104.0,11500972.0,48868.0,0.4267163483670773,33.87966500497518
2025-11-30,Punjab,Vodafone Idea,5705799.0,5662904.0,-42895.0,-0.7517790234110946,16.681832672519675
2025-11-30,Rajasthan,BSNL,5731546.0,5739076.0,7530.0,0.1313781656816502,8.867978653780172
2025-11-30,Rajasthan,Bharti Airtel,23360767.0,23412034.0,51267.0,0.2194576916074716,36.17610530921277
2025-11-30,Rajasthan,MTNL,0.0,0.0,0.0,,0.0
2025-11-30,Rajasthan,Reliance Com.,50.0,51.0,1.0,2.0,7.880483048887813e-05
2025-11-30,Rajasthan,Reliance Jio,27035669.0,27079384.0,43715.0,0.1616937979230327,41.84286795810272
2025-11-30,Rajasthan,Vodafone Idea,8571497.0,8486300.0,-85197.0,-0.9939570649094318,13.112969274073851
2025-11-30,Tamil Nadu,BSNL,7910011.0,7975145.0,65134.0,0.8234375400995018,10.209060344959347
2025-11-30,Tamil Nadu,Bharti Airtel,30983605.0,31136920.0,153315.0,0.4948262153484076,39.85867281863486
2025-11-30,Tamil Nadu,MTNL,0.0,0.0,0.0,,0.0
2025-11-30,Tamil Nadu,Reliance Com.,0.0,0.0,0.0,,0.0
2025-11-30,Tamil Nadu,Reliance Jio,24734073.0,24712402.0,-21671.0,-0.0876159781690625,31.63458511248311
2025-11-30,Tamil Nadu,Vodafone Idea,14324828.0,14293839.0,-30989.0,-0.2163306952097435,18.29768172392269
2025-11-30,U.P.(E),BSNL,8403483.0,8449052.0,45569.0,0.5422632496549348,8.127534223451734
2025-11-30,U.P.(E),Bharti Airtel,35979827.0,36115229.0,135402.0,0.3763275459884784,34.7409105406496
2025-11-30,U.P.(E),MTNL,0.0,0.0,0.0,,0.0
2025-11-30,U.P.(E),Reliance Com.,0.0,0.0,0.0,,0.0
2025-11-30,U.P.(E),Reliance Jio,43828277.0,43662554.0,-165723.0,-0.3781189025523408,42.001031822068256
2025-11-30,U.P.(E),Vodafone Idea,15744055.0,15729073.0,-14982.0,-0.0951597285451556,15.13052341383041
2025-11-30,U.P.(W),BSNL,5171874.0,5222783.0,50909.0,0.9843433927431332,8.318730882589351
2025-11-30,U.P.(W),Bharti Airtel,18981227.0,19147937.0,166710.0,0.8782888482393683,30.498401878802028
2025-11-30,U.P.(W),MTNL,0.0,0.0,0.0,,0.0
2025-11-30,U.P.(W),Reliance Com.,0.0,0.0,0.0,,0.0
2025-11-30,U.P.(W),Reliance Jio,25124205.0,25292780.0,168575.0,0.6709665042137652,40.285769118215
2025-11-30,U.P.(W),Vodafone Idea,13458556.0,13119911.0,-338645.0,-2.516206047662171,20.89709812039362
2025-11-30,West Bengal,BSNL,2637291.0,2650918.0,13627.0,0.5167044516513347,4.605619752649546
2025-11-30,West Bengal,Bharti Airtel,18588488.0,18669411.0,80923.0,0.4353393347538541,32.43563477705939
2025-11-30,West Bengal,MTNL,0.0,0.0,0.0,,0.0
2025-11-30,West Bengal,Reliance Com.,9.0,4.0,-5.0,-55.55555555555556,6.949471470108915e-06
2025-11-30,West Bengal,Reliance Jio,25339166.0,25474732.0,135566.0,0.5350057693295825,44.25898081066766
2025-11-30,West Bengal,Vodafone Idea,10955846.0,10763269.0,-192577.0,-1.7577556311032485,18.69975771015193
2025-12-31,Andhra Pradesh,BSNL,7440211.0,7420443.0,-19768.0,-0.26569138966623396,8.636166525144409
2025-12-31,Andhra Pradesh,Bharti Airtel,37368067.0,37693735.0,325668.0,0.8715141727828737,43.86926392597641
2025-12-31,Andhra Pradesh,MTNL,,0.0,,,0.0
2025-12-31,Andhra Pradesh,Reliance Com.,0.0,0.0,0.0,,0.0
2025-12-31,Andhra Pradesh,Reliance Jio,31885087.0,31894993.0,9906.0,0.031067815496316507,37.12048874525621
2025-12-31,Andhra Pradesh,Vodafone Idea,9031100.0,8913709.0,-117391.0,-1.2998527311180255,10.37408080362297
2025-12-31,Assam,BSNL,2955717.0,2951850.0,-3867.0,-0.1308311993333597,10.454682809630528
2025-12-31,Assam,Bharti Airtel,13534760.0,13961808.0,427048.0,3.1551944770354257,49.44908246996357
2025-12-31,Assam,MTNL,,0.0,,,0.0
2025-12-31,Assam,Reliance Com.,,0.0,,,0.0
2025-12-31,Assam,Reliance Jio,9839724.0,9869520.0,29796.0,0.3028133715945691,34.955265709065394
2025-12-31,Assam,Vodafone Idea,1453097.0,1451538.0,-1559.0,-0.10728808881994802,5.140969011340507
2025-12-31,Bihar,BSNL,5654203.0,5631850.0,-22353.0,-0.39533423189793504,5.389141446233954
2025-12-31,Bihar,Bharti Airtel,46632799.0,47410246.0,777447.0,1.6671677803427585,45.36706796074959
2025-12-31,Bihar,MTNL,,0.0,,,0.0
2025-12-31,Bihar,Reliance Com.,0.0,0.0,0.0,,0.0
2025-12-31,Bihar,Reliance Jio,43721379.0,44028753.0,307374.0,0.7030290604511811,42.13130279007743
2025-12-31,Bihar,Vodafone Idea,7574000.0,7432810.0,-141190.0,-1.8641404805914974,7.112487802939034
2025-12-31,Delhi,BSNL,,0.0,,,0.0
2025-12-31,Delhi,Bharti Airtel,37497984.0,37727940.0,229956.0,0.6132489682645339,50.407937114288245
2025-12-31,Delhi,MTNL,137855.0,137054.0,-801.0,-0.5810453012222988,0.1831165288447146
2025-12-31,Delhi,Reliance Com.,2.0,2.0,0.0,0.0,2.6721807294163555e-06
2025-12-31,Delhi,Reliance Jio,20362063.0,20421442.0,59379.0,0.2916158348002361,27.2848918896469
2025-12-31,Delhi,Vodafone Idea,16498393.0,16558799.0,60406.0,0.3661326287960288,22.12405179503941
2025-12-31,Gujarat,BSNL,3310283.0,3297834.0,-12449.0,-0.37607056556795904,4.715763158849798
2025-12-31,Gujarat,Bharti Airtel,14965437.0,15157524.0,192087.0,1.2835375271701053,21.674618327842342
2025-12-31,Gujarat,MTNL,,0.0,,,0.0
2025-12-31,Gujarat,Reliance Com.,1.0,1.0,0.0,0.0,1.429957711288621e-06
2025-12-31,Gujarat,Reliance Jio,31939314.0,32146030.0,206716.0,0.647214902611872,45.967463485815344
2025-12-31,Gujarat,Vodafone Idea,19154917.0,19330749.0,175832.0,0.9179470733284827,27.642153597534797
2025-12-31,Haryana,BSNL,4453936.0,4415510.0,-38426.0,-0.8627425270592123,16.65403582893366
2025-12-31,Haryana,Bharti Airtel,7697688.0,7738016.0,40328.0,0.5238975650870755,29.185574420364112
2025-12-31,Haryana,MTNL,,0.0,,,0.0
2025-12-31,Haryana,Reliance Com.,0.0,0.0,0.0,,0.0
2025-12-31,Haryana,Reliance Jio,8150243.0,8171541.0,21298.0,0.2613173619485947,30.820706235882245
2025-12-31,Haryana,Vodafone Idea,6188042.0,6188086.0,44.0,0.0007110488261068687,23.339683514819985
2025-12-31,Himachal Pradesh,BSNL,1771470.0,1766046.0,-5424.0,-0.3061863875764196,19.207616197885063
2025-12-31,Himachal Pradesh,Bharti Airtel,3613545.0,3620122.0,6577.0,0.1820096331995312,39.372651655460885
2025-12-31,Himachal Pradesh,MTNL,,0.0,,,0.0
2025-12-31,Himachal Pradesh,Reliance Com.,0.0,0.0,0.0,,0.0
2025-12-31,Himachal Pradesh,Reliance Jio,3363770.0,3424016.0,60246.0,1.7910261403128038,37.23979170611503
2025-12-31,Himachal Pradesh,Vodafone Idea,383831.0,384325.0,494.0,0.12870247582920608,4.179940440539022
2025-12-31,J&K,BSNL,863999.0,855338.0,-8661.0,-1.0024317157774487,6.594394450932152
2025-12-31,J&K,Bharti Airtel,6518075.0,6546994.0,28919.0,0.44367393747387074,50.47532192406522
2025-12-31,J&K,MTNL,,0.0,,,0.0
2025-12-31,J&K,Reliance Com.,0.0,0.0,0.0,,0.0
2025-12-31,J&K,Reliance Jio,5234264.0,5311720.0,77456.0,1.4797877982463246,40.95173708277351
2025-12-31,J&K,Vodafone Idea,250037.0,256631.0,6594.0,2.637209692965441,1.9785465422291177
2025-12-31,Karnataka,BSNL,4693660.0,4691369.0,-2291.0,-0.048810523131202516,5.77292378962994
2025-12-31,Karnataka,Bharti Airtel,42459160.0,43077802.0,618642.0,1.4570283538346025,53.00901889635375
2025-12-31,Karnataka,MTNL,,0.0,,,0.0
2025-12-31,Karnataka,Reliance Com.,376.0,180.0,-196.0,-52.12765957446809,0.00022149745247781387
2025-12-31,Karnataka,Reliance Jio,26076494.0,26138895.0,62401.0,0.2392998077118803,32.164992517139254
2025-12-31,Karnataka,Vodafone Idea,7383080.0,7356797.0,-26283.0,-0.35598964117956194,9.052843299424577
2025-12-31,Kerala,BSNL,8958276.0,8943038.0,-15238.0,-0.17009969328919985,21.19243693647623
2025-12-31,Kerala,Bharti Airtel,9425094.0,9490134.0,65040.0,0.6900726931742007,22.48889765577524
2025-12-31,Kerala,MTNL,,0.0,,,0.0
2025-12-31,Kerala,Reliance Com.,3.0,3.0,0.0,0.0,7.109140183618664e-06
2025-12-31,Kerala,Reliance Jio,10980116.0,11027624.0,47508.0,0.4326730245837111,26.13230830274586
2025-12-31,Kerala,Vodafone Idea,12744559.0,12738397.0,-6162.0,-0.04835004490936093,30.186349995862482
2025-12-31,Kolkata,BSNL,1425482.0,1421646.0,-3836.0,-0.26910195989847646,6.1879341364996865
2025-12-31,Kolkata,Bharti Airtel,5978735.0,6015362.0,36627.0,0.6126212317488565,26.182793651304912
2025-12-31,Kolkata,MTNL,,0.0,,,0.0
2025-12-31,Kolkata,Reliance Com.,0.0,0.0,0.0,,0.0
2025-12-31,Kolkata,Reliance Jio,10886695.0,10907840.0,21145.0,0.1942279084699259,47.47806098809179
2025-12-31,Kolkata,Vodafone Idea,4681821.0,4629637.0,-52184.0,-1.114609037808152,20.15121122410361
2025-12-31,Madhya Pradesh,BSNL,5141998.0,5118695.0,-23303.0,-0.45318959672874237,6.079327757073498
2025-12-31,Madhya Pradesh,Bharti Airtel,17771378.0,17958418.0,187040.0,1.0524788792405406,21.32869979956382
2025-12-31,Madhya Pradesh,MTNL,,0.0,,,0.0
2025-12-31,Madhya Pradesh,Reliance Com.,0.0,0.0,0.0,,0.0
2025-12-31,Madhya Pradesh,Reliance Jio,47842472.0,48377631.0,535159.0,1.1185855948246153,57.45672968593739
2025-12-31,Madhya Pradesh,Vodafone Idea,12880011.0,12743628.0,-136383.0,-1.0588733192852087,15.135242757425285
2025-12-31,Maharashtra,BSNL,5338162.0,5309578.0,-28584.0,-0.5354652031916604,5.304490357208594
2025-12-31,Maharashtra,Bharti Airtel,30002628.0,30470911.0,468283.0,1.5608066066745887,30.44171374351432
2025-12-31,Maharashtra,MTNL,,0.0,,,0.0
2025-12-31,Maharashtra,Reliance Com.,0.0,0.0,0.0,,0.0
2025-12-31,Maharashtra,Reliance Jio,43257600.0,43753436.0,495836.0,1.1462401982541797,43.711511415171486
2025-12-31,Maharashtra,Vodafone Idea,20565441.0,20561987.0,-3454.0,-0.016795166220845932,20.542284484105604
2025-12-31,Mumbai,BSNL,,0.0,,,0.0
2025-12-31,Mumbai,Bharti Airtel,15357972.0,15515681.0,157709.0,1.0268868832421363,39.09195503224158
2025-12-31,Mumbai,MTNL,98027.0,96241.0,-1786.0,-1.8219470145980188,0.2424804199221395
2025-12-31,Mumbai,Reliance Com.,80.0,54.0,-26.0,-32.5,0.00013605368476839947
2025-12-31,Mumbai,Reliance Jio,13310110.0,13306070.0,-4040.0,-0.030352867106282364,33.524812097893644
2025-12-31,Mumbai,Vodafone Idea,10768783.0,10772169.0,3386.0,0.03144273591546974,27.140616396257865
2025-12-31,North East,BSNL,1294812.0,1293623.0,-1189.0,-0.09182800282975444,9.935604052634417
2025-12-31,North East,Bharti Airtel,6559955.0,6614464.0,54509.0,0.8309355780641788,50.80204613276391
2025-12-31,North East,MTNL,,0.0,,,0.0
2025-12-31,North East,Reliance Com.,0.0,0.0,0.0,,0.0
2025-12-31,North East,Reliance Jio,4424098.0,4507283.0,83185.0,1.880270283343633,34.61795224819767
2025-12-31,North East,Vodafone Idea,609261.0,604704.0,-4557.0,-0.7479553097933398,4.644397566404
2025-12-31,Odisha,BSNL,5532821.0,5518354.0,-14467.0,-0.261476017387875,14.809483838060657
2025-12-31,Odisha,Bharti Airtel,12966363.0,12999819.0,33456.0,0.2580214667752245,34.88732498462655
2025-12-31,Odisha,MTNL,,0.0,,,0.0
2025-12-31,Odisha,Reliance Com.,0.0,0.0,0.0,,0.0
2025-12-31,Odisha,Reliance Jio,17093395.0,17254138.0,160743.0,0.9403807728072745,46.30454621988155
2025-12-31,Odisha,Vodafone Idea,1490368.0,1489987.0,-381.0,-0.025564155966848454,3.9986449574312353
2025-12-31,Punjab,BSNL,4091509.0,4091509.0,0.0,0.0,11.653839543602297
2025-12-31,Punjab,Bharti Airtel,13791710.0,13861756.0,70046.0,0.5078848090628356,39.482420841935436
2025-12-31,Punjab,MTNL,,0.0,,,0.0
2025-12-31,Punjab,Reliance Com.,6.0,5.0,-1.0,-16.666666666666664,1.424149322854025e-05
2025-12-31,Punjab,Reliance Jio,11500972.0,11522666.0,21694.0,0.18862753513355218,32.81999396274619
2025-12-31,Punjab,Vodafone Idea,5662904.0,5632742.0,-30162.0,-0.5326242507377841,16.04373141022285
2025-12-31,Rajasthan,BSNL,5739076.0,5726617.0,-12459.0,-0.21709069543599002,8.608278651374484
2025-12-31,Rajasthan,Bharti Airtel,24573899.0,25146992.0,573093.0,2.3321207595099174,37.8010812282164
2025-12-31,Rajasthan,MTNL,,0.0,,,0.0
2025-12-31,Rajasthan,Reliance Com.,51.0,46.0,-5.0,-9.803921568627452,6.914742472968356e-05
2025-12-31,Rajasthan,Reliance Jio,27079384.0,27220012.0,140628.0,0.5193175738414139,40.917255019806156
2025-12-31,Rajasthan,Vodafone Idea,8486300.0,8430864.0,-55436.0,-0.6532411062536088,12.673315953178236
2025-12-31,Tamil Nadu,BSNL,7975145.0,8015763.0,40618.0,0.5093073542863484,10.07611272592212
2025-12-31,Tamil Nadu,Bharti Airtel,32322490.0,32537397.0,214907.0,0.6648838007220359,40.90072024086543
2025-12-31,Tamil Nadu,MTNL,,0.0,,,0.0
2025-12-31,Tamil Nadu,Reliance Com.,0.0,0.0,0.0,,0.0
2025-12-31,Tamil Nadu,Reliance Jio,24712402.0,24746958.0,34556.0,0.13983262331197105,31.10784817760458
2025-12-31,Tamil Nadu,Vodafone Idea,14293839.0,14252019.0,-41820.0,-0.29257360461384796,17.915318855607865
2025-12-31,U.P.(E),BSNL,8449052.0,8434932.0,-14120.0,-0.16711934072603649,7.81185088355802
2025-12-31,U.P.(E),Bharti Airtel,39120178.0,39706971.0,586793.0,1.4999752812985667,36.77385146552014
2025-12-31,U.P.(E),MTNL,,0.0,,,0.0
2025-12-31,U.P.(E),Reliance Com.,0.0,0.0,0.0,,0.0
2025-12-31,U.P.(E),Reliance Jio,43662554.0,44136781.0,474227.0,1.0861183246403772,40.87643524005372
2025-12-31,U.P.(E),Vodafone Idea,15729073.0,15697417.0,-31656.0,-0.20125788722577614,14.537862410868124
2025-12-31,U.P.(W),BSNL,5222783.0,5210728.0,-12055.0,-0.2308156398609707,8.04965731479693
2025-12-31,U.P.(W),Bharti Airtel,21118508.0,21435119.0,316611.0,1.4992110238090683,33.113484805173606
2025-12-31,U.P.(W),MTNL,,0.0,,,0.0
2025-12-31,U.P.(W),Reliance Com.,0.0,0.0,0.0,,0.0
2025-12-31,U.P.(W),Reliance Jio,25292780.0,25291625.0,-1155.0,-0.00456652056436659,39.07110756584318
2025-12-31,U.P.(W),Vodafone Idea,13119911.0,12794824.0,-325087.0,-2.4778140644399187,19.765750314186292
2025-12-31,West Bengal,BSNL,2650918.0,2641993.0,-8925.0,-0.336675823243118,4.59637524920875
2025-12-31,West Bengal,Bharti Airtel,18679650.0,18697178.0,17528.0,0.09383473459085155,32.52818845063191
2025-12-31,West Bengal,MTNL,,0.0,,,0.0
2025-12-31,West Bengal,Reliance Com.,4.0,4.0,0.0,0.0,6.9589514418982184e-06
2025-12-31,West Bengal,Reliance Jio,25474732.0,25591262.0,116530.0,0.45743366407152,44.52208739872377
2025-12-31,West Bengal,Vodafone Idea,10763269.0,10549487.0,-213782.0,-1.9862181275967368,18.35334194248413
2026-01-31,Andhra Pradesh,BSNL,7420443.0,7489371.0,68928.0,0.9288933288753785,8.670988044933429
2026-01-31,Andhra Pradesh,Bharti Airtel,37693735.0,37999714.0,305979.0,0.8117502815786231,43.9950251903517
2026-01-31,Andhra Pradesh,MTNL,0.0,0.0,0.0,,0.0
2026-01-31,Andhra Pradesh,Reliance Com.,0.0,0.0,0.0,,0.0
2026-01-31,Andhra Pradesh,Reliance Jio,31894993.0,32030471.0,135478.0,0.4247625951822595,37.08399959283455
2026-01-31,Andhra Pradesh,Vodafone Idea,8913709.0,8853196.0,-60513.0,-0.6788756509776122,10.249987171880315
2026-01-31,Assam,BSNL,2951850.0,2950889.0,-961.0,-0.0325558548029202,10.405496763208108
2026-01-31,Assam,Bharti Airtel,13961808.0,14078593.0,116785.0,0.8364604354966061,49.64427800978767
2026-01-31,Assam,MTNL,0.0,0.0,0.0,,0.0
2026-01-31,Assam,Reliance Com.,0.0,0.0,0.0,,0.0
2026-01-31,Assam,Reliance Jio,9869520.0,9874991.0,5471.0,0.0554332936150896,34.82143411263833
2026-01-31,Assam,Vodafone Idea,1451538.0,1454471.0,2933.0,0.2020615374864454,5.128791114365894
2026-01-31,Bihar,BSNL,5631850.0,5645447.0,13597.0,0.2414304358248177,5.346126720633492
2026-01-31,Bihar,Bharti Airtel,47410246.0,48205639.0,795393.0,1.6776816555644951,45.64978729640221
2026-01-31,Bihar,MTNL,0.0,0.0,0.0,,0.0
2026-01-31,Bihar,Reliance Com.,0.0,0.0,0.0,,0.0
2026-01-31,Bihar,Reliance Jio,44028753.0,44387157.0,358404.0,0.8140226001858377,42.03376031882931
2026-01-31,Bihar,Vodafone Idea,7432810.0,7360582.0,-72228.0,-0.9717455444172528,6.970325664134994
2026-01-31,Delhi,BSNL,0.0,0.0,0.0,,0.0
2026-01-31,Delhi,Bharti Airtel,37727940.0,37956746.0,228806.0,0.6064630085819687,50.58700887811478
2026-01-31,Delhi,MTNL,137054.0,135776.0,-1278.0,-0.9324791687947817,0.1809560207672942
2026-01-31,Delhi,Reliance Com.,2.0,2.0,0.0,0.0,2.665508201262289e-06
2026-01-31,Delhi,Reliance Jio,20421442.0,20428587.0,7145.0,0.0349877349503526,27.22628309435009
2026-01-31,Delhi,Vodafone Idea,16558799.0,16511485.0,-47314.0,-0.2857332829512575,22.00574934125963
2026-01-31,Gujarat,BSNL,3297834.0,3298684.0,850.0,0.0257744931976564,4.6917582246904965
2026-01-31,Gujarat,Bharti Airtel,15157524.0,15339085.0,181561.0,1.1978275607546458,21.816966465407607
2026-01-31,Gujarat,MTNL,0.0,0.0,0.0,,0.0
2026-01-31,Gujarat,Reliance Com.,1.0,1.0,0.0,0.0,1.422312117405152e-06
2026-01-31,Gujarat,Reliance Jio,32146030.0,32287641.0,141611.0,0.4405240709350423,45.9231030367274
2026-01-31,Gujarat,Vodafone Idea,19330749.0,19382645.0,51896.0,0.2684634723672632,27.568170850862384
2026-01-31,Haryana,BSNL,4415510.0,4426395.0,10885.0,0.2465173898371875,16.652980412447658
2026-01-31,Haryana,Bharti Airtel,7738016.0,7771855.0,33839.0,0.4373084780388151,29.239267865471422
2026-01-31,Haryana,MTNL,0.0,0.0,0.0,,0.0
2026-01-31,Haryana,Reliance Com.,0.0,0.0,0.0,,0.0
2026-01-31,Haryana,Reliance Jio,8171541.0,8186780.0,15239.0,0.1864886928915855,30.80029843270161
2026-01-31,Haryana,Vodafone Idea,6188086.0,6195167.0,7081.0,0.1144295667513347,23.307453289379307
2026-01-31,Himachal Pradesh,BSNL,1766046.0,1779691.0,13645.0,0.772629931496688,19.18461781917967
2026-01-31,Himachal Pradesh,Bharti Airtel,3620122.0,3632072.0,11950.0,0.3300993723415951,39.15281541107054
2026-01-31,Himachal Pradesh,MTNL,0.0,0.0,0.0,,0.0
2026-01-31,Himachal Pradesh,Reliance Com.,0.0,0.0,0.0,,0.0
2026-01-31,Himachal Pradesh,Reliance Jio,3424016.0,3478257.0,54241.0,1.584133952645081,37.494728703964014
2026-01-31,Himachal Pradesh,Vodafone Idea,384325.0,386636.0,2311.0,0.6013139920640083,4.167838065785775
2026-01-31,J&K,BSNL,855338.0,856454.0,1116.0,0.1304747363030755,6.531921111814802
2026-01-31,J&K,Bharti Airtel,6546994.0,6590080.0,43086.0,0.6581035510342609,50.26058922084372
2026-01-31,J&K,MTNL,0.0,0.0,0.0,,0.0
2026-01-31,J&K,Reliance Com.,0.0,0.0,0.0,,0.0
2026-01-31,J&K,Reliance Jio,5311720.0,5401814.0,90094.0,1.6961360915108477,41.19803621525121
2026-01-31,J&K,Vodafone Idea,256631.0,263476.0,6845.0,2.667253761236952,2.009453452090266
2026-01-31,Karnataka,BSNL,4691369.0,4713937.0,22568.0,0.4810536114298406,5.769748534866363
2026-01-31,Karnataka,Bharti Airtel,43077802.0,43330426.0,252624.0,0.586436606027392,53.03542705993638
2026-01-31,Karnataka,MTNL,0.0,0.0,0.0,,0.0
2026-01-31,Karnataka,Reliance Com.,180.0,156.0,-24.0,-13.333333333333334,0.0001909403480443
2026-01-31,Karnataka,Reliance Jio,26138895.0,26108976.0,-29919.0,-0.1144616097964355,31.95677541360036
2026-01-31,Karnataka,Vodafone Idea,7356797.0,7547414.0,190617.0,2.5910324832940206,9.237858051248852
2026-01-31,Kerala,BSNL,8943038.0,8974130.0,31092.0,0.3476670903109212,21.205326472113097
2026-01-31,Kerala,Bharti Airtel,9490134.0,9543880.0,53746.0,0.5663355227650104,22.55161126601361
2026-01-31,Kerala,MTNL,0.0,0.0,0.0,,0.0
2026-01-31,Kerala,Reliance Com.,3.0,4.0,1.0,33.33333333333333,9.451758096712706e-06
2026-01-31,Kerala,Reliance Jio,11027624.0,11058663.0,31039.0,0.2814658896603657,26.1309518872668
2026-01-31,Kerala,Vodafone Idea,12738397.0,12743492.0,5095.0,0.0399971833190628,30.112100922848395
2026-01-31,Kolkata,BSNL,1421646.0,1428921.0,7275.0,0.5117307684191423,6.240626532400906
2026-01-31,Kolkata,Bharti Airtel,6015362.0,5983137.0,-32225.0,-0.5357117327269747,26.13057230538956
2026-01-31,Kolkata,MTNL,0.0,0.0,0.0,,0.0
2026-01-31,Kolkata,Reliance Com.,0.0,0.0,0.0,,0.0
2026-01-31,Kolkata,Reliance Jio,10907840.0,10886507.0,-21333.0,-0.1955749259248393,47.54540274050713
2026-01-31,Kolkata,Vodafone Idea,4629637.0,4598511.0,-31126.0,-0.6723205296657168,20.0833984217024
2026-01-31,Madhya Pradesh,BSNL,5118695.0,5131745.0,13050.0,0.2549477943108546,6.046488495807285
2026-01-31,Madhya Pradesh,Bharti Airtel,17958418.0,18082305.0,123887.0,0.6898547522393119,21.305510924681283
2026-01-31,Madhya Pradesh,MTNL,0.0,0.0,0.0,,0.0
2026-01-31,Madhya Pradesh,Reliance Com.,0.0,0.0,0.0,,0.0
2026-01-31,Madhya Pradesh,Reliance Jio,48377631.0,49001026.0,623395.0,1.288601750672744,57.73555388893128
2026-01-31,Madhya Pradesh,Vodafone Idea,12743628.0,12656416.0,-87212.0,-0.6843577041012182,14.912446690580152
2026-01-31,Maharashtra,BSNL,5309578.0,5321107.0,11529.0,0.2171359004425587,5.265699519319879
2026-01-31,Maharashtra,Bharti Airtel,30470911.0,31068546.0,597635.0,1.9613296103946485,30.745036275002096
2026-01-31,Maharashtra,MTNL,0.0,0.0,0.0,,0.0
2026-01-31,Maharashtra,Reliance Com.,0.0,0.0,0.0,,0.0
2026-01-31,Maharashtra,Reliance Jio,43753436.0,44114092.0,360656.0,0.8242918339030563,43.65474196245874
2026-01-31,Maharashtra,Vodafone Idea,20561987.0,20548489.0,-13498.0,-0.0656454067401171,20.334522243219283
2026-01-31,Mumbai,BSNL,0.0,0.0,0.0,,0.0
2026-01-31,Mumbai,Bharti Airtel,15515681.0,15559577.0,43896.0,0.2829137825146057,39.146878274882006
2026-01-31,Mumbai,MTNL,96241.0,90957.0,-5284.0,-5.490383516380753,0.2288418642260289
2026-01-31,Mumbai,Reliance Com.,54.0,48.0,-6.0,-11.11111111111111,0.0001207648612294
2026-01-31,Mumbai,Reliance Jio,13306070.0,13289563.0,-16507.0,-0.1240561638410139,33.43567148948688
2026-01-31,Mumbai,Vodafone Idea,10772169.0,10806516.0,34347.0,0.3188494350580649,27.188487606543852
2026-01-31,North East,BSNL,1293623.0,1305572.0,11949.0,0.923684875732729,10.018691060942745
2026-01-31,North East,Bharti Airtel,6614464.0,6624053.0,9589.0,0.1449701744540449,50.83162060637862
2026-01-31,North East,MTNL,0.0,0.0,0.0,,0.0
2026-01-31,North East,Reliance Com.,0.0,0.0,0.0,,0.0
2026-01-31,North East,Reliance Jio,4507283.0,4501763.0,-5520.0,-0.1224684582707586,34.54560355658882
2026-01-31,North East,Vodafone Idea,604704.0,599975.0,-4729.0,-0.7820355082817378,4.604084776089808
2026-01-31,Odisha,BSNL,5518354.0,5513183.0,-5171.0,-0.0937054781190188,14.694638202323018
2026-01-31,Odisha,Bharti Airtel,12999819.0,13107129.0,107310.0,0.8254730315860551,34.935266710025026
2026-01-31,Odisha,MTNL,0.0,0.0,0.0,,0.0
2026-01-31,Odisha,Reliance Com.,0.0,0.0,0.0,,0.0
2026-01-31,Odisha,Reliance Jio,17254138.0,17411440.0,157302.0,0.9116769554062916,46.40782128608013
2026-01-31,Odisha,Vodafone Idea,1489987.0,1486579.0,-3408.0,-0.2287268278179608,3.962273801571824
2026-01-31,Punjab,BSNL,4091509.0,4112988.0,21479.0,0.5249652389863985,11.679643233991047
2026-01-31,Punjab,Bharti Airtel,13861756.0,13941637.0,79881.0,0.5762689806399709,39.59003679510109
2026-01-31,Punjab,MTNL,0.0,0.0,0.0,,0.0
2026-01-31,Punjab,Reliance Com.,5.0,5.0,0.0,0.0,1.419848931481328e-05
2026-01-31,Punjab,Reliance Jio,11522666.0,11562724.0,40058.0,0.3476452411273572,32.83464263282701
2026-01-31,Punjab,Vodafone Idea,5632742.0,5597660.0,-35082.0,-0.6228227744143083,15.89566313959154
2026-01-31,Rajasthan,BSNL,5726617.0,5743571.0,16954.0,0.2960561182981156,8.580930236935925
2026-01-31,Rajasthan,Bharti Airtel,25146992.0,25442403.0,295411.0,1.1747369228096942,38.011105843909526
2026-01-31,Rajasthan,MTNL,0.0,0.0,0.0,,0.0
2026-01-31,Rajasthan,Reliance Com.,46.0,39.0,-7.0,-15.217391304347828,5.8266238763393206e-05
2026-01-31,Rajasthan,Reliance Jio,27220012.0,27336583.0,116571.0,0.428254770791431,40.84102236034143
2026-01-31,Rajasthan,Vodafone Idea,8430864.0,8411534.0,-19330.0,-0.229276619810259,12.566883292574357
2026-01-31,Tamil Nadu,BSNL,8015763.0,7971060.0,-44703.0,-0.5576886442376103,9.98429542650188
2026-01-31,Tamil Nadu,Bharti Airtel,32537397.0,32743838.0,206441.0,0.6344730034796576,41.01388673394987
2026-01-31,Tamil Nadu,MTNL,0.0,0.0,0.0,,0.0
2026-01-31,Tamil Nadu,Reliance Com.,0.0,0.0,0.0,,0.0
2026-01-31,Tamil Nadu,Reliance Jio,24746958.0,24857332.0,110374.0,0.446010374285195,31.13550095001653
2026-01-31,Tamil Nadu,Vodafone Idea,14252019.0,14263749.0,11730.0,0.082304128278246,17.866316889531724
2026-01-31,U.P.(E),BSNL,8434932.0,8482147.0,47215.0,0.5597555498965493,7.808563450281652
2026-01-31,U.P.(E),Bharti Airtel,39706971.0,40222140.0,515169.0,1.297427094098918,37.028022774907306
2026-01-31,U.P.(E),MTNL,0.0,0.0,0.0,,0.0
2026-01-31,U.P.(E),Reliance Com.,0.0,0.0,0.0,,0.0
2026-01-31,U.P.(E),Reliance Jio,44136781.0,44213422.0,76641.0,0.1736442900083719,40.70234942180072
2026-01-31,U.P.(E),Vodafone Idea,15697417.0,15708507.0,11090.0,0.0706485659392242,14.461064353010329
2026-01-31,U.P.(W),BSNL,5210728.0,5230318.0,19590.0,0.3759551448473227,8.045019096991206
2026-01-31,U.P.(W),Bharti Airtel,21435119.0,21815161.0,380042.0,1.7729875910649249,33.55501268736199
2026-01-31,U.P.(W),MTNL,0.0,0.0,0.0,,0.0
2026-01-31,U.P.(W),Reliance Com.,0.0,0.0,0.0,,0.0
2026-01-31,U.P.(W),Reliance Jio,25291625.0,25383294.0,91669.0,0.3624480435717357,39.04334018974416
2026-01-31,U.P.(W),Vodafone Idea,12794824.0,12584348.0,-210476.0,-1.645008950494356,19.356628025902648
2026-01-31,West Bengal,BSNL,2641993.0,2652592.0,10599.0,0.4011744164348656,4.61388922256167
2026-01-31,West Bengal,Bharti Airtel,18697178.0,18753034.0,55856.0,0.2987402697883071,32.61882018151776
2026-01-31,West Bengal,MTNL,0.0,0.0,0.0,,0.0
2026-01-31,West Bengal,Reliance Com.,4.0,4.0,0.0,0.0,6.957555813425766e-06
2026-01-31,West Bengal,Reliance Jio,25591262.0,25686703.0,95441.0,0.3729437024246791,44.67916744634777
2026-01-31,West Bengal,Vodafone Idea,10549487.0,10399121.0,-150366.0,-1.425339450155254,18.08811619201699
2026-02-28,Andhra Pradesh,BSNL,7489371.0,7489622.0,251.0,0.0033514162938382,8.633875175346255
2026-02-28,Andhra Pradesh,Bharti Airtel,37999714.0,38327283.0,327569.0,0.8620301721218218,44.18286760428904
2026-02-28,Andhra Pradesh,MTNL,0.0,0.0,0.0,,0.0
2026-02-28,Andhra Pradesh,Reliance Com.,0.0,0.0,0.0,,0.0
2026-02-28,Andhra Pradesh,Reliance Jio,32030471.0,32075153.0,44682.0,0.1394984169917451,36.97554659395801
2026-02-28,Andhra Pradesh,Vodafone Idea,8853196.0,8854876.0,1680.0,0.0189761979741553,10.207710626406692
2026-02-28,Assam,BSNL,2950889.0,2939314.0,-11575.0,-0.392254673083264,10.303311601709163
2026-02-28,Assam,Bharti Airtel,14078593.0,14212088.0,133495.0,0.9482126516477888,49.81828112781132
2026-02-28,Assam,MTNL,0.0,0.0,0.0,,0.0
2026-02-28,Assam,Reliance Com.,0.0,0.0,0.0,,0.0
2026-02-28,Assam,Reliance Jio,9874991.0,9910383.0,35392.0,0.3584003266433356,34.73931813385071
2026-02-28,Assam,Vodafone Idea,1454471.0,1466072.0,11601.0,0.7976095776402554,5.1390891366288045
2026-02-28,Bihar,BSNL,5645447.0,5636574.0,-8873.0,-0.1571709024989518,5.279105000727068
2026-02-28,Bihar,Bharti Airtel,48205639.0,49237048.0,1031409.0,2.1396023813728515,46.114456461999545
2026-02-28,Bihar,MTNL,0.0,0.0,0.0,,0.0
2026-02-28,Bihar,Reliance Com.,0.0,0.0,0.0,,0.0
2026-02-28,Bihar,Reliance Jio,44387157.0,44537959.0,150802.0,0.3397424169337991,41.71338158233656
2026-02-28,Bihar,Vodafone Idea,7360582.0,7359813.0,-769.0,-0.0104475434143658,6.893056954936825
2026-02-28,Delhi,BSNL,0.0,0.0,0.0,,0.0
2026-02-28,Delhi,Bharti Airtel,37956746.0,38222715.0,265969.0,0.7007160202826659,50.86190229883062
2026-02-28,Delhi,MTNL,135776.0,134606.0,-1170.0,-0.8617134103228847,0.179116455250141
2026-02-28,Delhi,Reliance Com.,2.0,2.0,0.0,0.0,2.661344297433116e-06
2026-02-28,Delhi,Reliance Jio,20428587.0,20466208.0,37621.0,0.1841586008861014,27.23381297544001
2026-02-28,Delhi,Vodafone Idea,16511485.0,16326460.0,-185025.0,-1.120583642234481,21.725165609134937
2026-02-28,Gujarat,BSNL,3298684.0,3293233.0,-5451.0,-0.1652477169683425,4.648848330372661
2026-02-28,Gujarat,Bharti Airtel,15339085.0,15503511.0,164426.0,1.0719413837266043,21.885324004485614
2026-02-28,Gujarat,MTNL,0.0,0.0,0.0,,0.0
2026-02-28,Gujarat,Reliance Com.,1.0,1.0,0.0,0.0,1.4116366289213851e-06
2026-02-28,Gujarat,Reliance Jio,32287641.0,32585710.0,298069.0,0.9231674745144745,45.99918181540988
2026-02-28,Gujarat,Vodafone Idea,19382645.0,19457305.0,74660.0,0.3851899469860795,27.466644438095216
2026-02-28,Haryana,BSNL,4426395.0,4415488.0,-10907.0,-0.2464081944788027,16.5711867730383
2026-02-28,Haryana,Bharti Airtel,7771855.0,7813312.0,41457.0,0.5334247743942726,29.3231127494903
2026-02-28,Haryana,MTNL,0.0,0.0,0.0,,0.0
2026-02-28,Haryana,Reliance Com.,0.0,0.0,0.0,,0.0
2026-02-28,Haryana,Reliance Jio,8186780.0,8209320.0,22540.0,0.2753219214391983,30.809318245149527
2026-02-28,Haryana,Vodafone Idea,6195167.0,6207455.0,12288.0,0.1983481639800831,23.29638223232188
2026-02-28,Himachal Pradesh,BSNL,1779691.0,1778243.0,-1448.0,-0.0813624387604365,18.96133588988488
2026-02-28,Himachal Pradesh,Bharti Airtel,3632072.0,3632654.0,582.0,0.0160239114202581,38.734848198887256
2026-02-28,Himachal Pradesh,MTNL,0.0,0.0,0.0,,0.0
2026-02-28,Himachal Pradesh,Reliance Com.,0.0,0.0,0.0,,0.0
2026-02-28,Himachal Pradesh,Reliance Jio,3478257.0,3577829.0,99572.0,2.8626981847517308,38.15025135798141
2026-02-28,Himachal Pradesh,Vodafone Idea,386636.0,389532.0,2896.0,0.7490249226662804,4.153564553246455
2026-02-28,J&K,BSNL,856454.0,855876.0,-578.0,-0.0674875708444353,6.468443630229542
2026-02-28,J&K,Bharti Airtel,6590080.0,6620418.0,30338.0,0.4603585995921141,50.035052556161176
2026-02-28,J&K,MTNL,0.0,0.0,0.0,,0.0
2026-02-28,J&K,Reliance Com.,0.0,0.0,0.0,,0.0
2026-02-28,J&K,Reliance Jio,5401814.0,5486632.0,84818.0,1.5701762407961477,41.466251900758486
2026-02-28,J&K,Vodafone Idea,263476.0,268634.0,5158.0,1.9576735641956005,2.03025191285079
2026-02-28,Karnataka,BSNL,4713937.0,4712976.0,-961.0,-0.0203863564574579,5.739830814306504
2026-02-28,Karnataka,Bharti Airtel,43330426.0,43661606.0,331180.0,0.764312817972295,53.17451892836071
2026-02-28,Karnataka,MTNL,0.0,0.0,0.0,,0.0
2026-02-28,Karnataka,Reliance Com.,156.0,135.0,-21.0,-13.461538461538462,0.0001644135594858
2026-02-28,Karnataka,Reliance Jio,26108976.0,26218620.0,109644.0,0.4199475306882966,31.931086214865672
2026-02-28,Karnataka,Vodafone Idea,7547414.0,7516679.0,-30735.0,-0.4072255742165462,9.154399628907637
2026-02-28,Kerala,BSNL,8974130.0,8968497.0,-5633.0,-0.0627693157999716,21.16967641176308
2026-02-28,Kerala,Bharti Airtel,9543880.0,9570297.0,26417.0,0.2767951818338034,22.59019439427442
2026-02-28,Kerala,MTNL,0.0,0.0,0.0,,0.0
2026-02-28,Kerala,Reliance Com.,4.0,3.0,-1.0,-25.0,7.081345874931913e-06
2026-02-28,Kerala,Reliance Jio,11058663.0,11070831.0,12168.0,0.1100313844449369,26.13212781130612
2026-02-28,Kerala,Vodafone Idea,12743492.0,12755200.0,11708.0,0.091874346529193,30.10799430131051
2026-02-28,Kolkata,BSNL,1428921.0,1426529.0,-2392.0,-0.1673990374555346,6.230357194643147
2026-02-28,Kolkata,Bharti Airtel,5983137.0,5983605.0,468.0,0.0078219836851471,26.133360388504336
2026-02-28,Kolkata,MTNL,0.0,0.0,0.0,,0.0
2026-02-28,Kolkata,Reliance Com.,0.0,0.0,0.0,,0.0
2026-02-28,Kolkata,Reliance Jio,10886507.0,10897387.0,10880.0,0.0999402287620813,47.59427498372671
2026-02-28,Kolkata,Vodafone Idea,4598511.0,4588903.0,-9608.0,-0.2089371972797281,20.042007433125804
2026-02-28,Madhya Pradesh,BSNL,5131745.0,5136362.0,4617.0,0.0899693963749173,6.0144114626977965
2026-02-28,Madhya Pradesh,Bharti Airtel,18082305.0,18200513.0,118208.0,0.6537219674151056,21.31184951804025
2026-02-28,Madhya Pradesh,MTNL,0.0,0.0,0.0,,0.0
2026-02-28,Madhya Pradesh,Reliance Com.,0.0,0.0,0.0,,0.0
2026-02-28,Madhya Pradesh,Reliance Jio,49001026.0,49402733.0,401707.0,0.8197930386192323,57.84801843090474
2026-02-28,Madhya Pradesh,Vodafone Idea,12656416.0,12661300.0,4884.0,0.0385891234927802,14.82572058835721
2026-02-28,Maharashtra,BSNL,5321107.0,5315131.0,-5976.0,-0.1123074578278542,5.250031813025797
2026-02-28,Maharashtra,Bharti Airtel,31068546.0,31586780.0,518234.0,1.6680342877970538,31.19990831289897
2026-02-28,Maharashtra,MTNL,0.0,0.0,0.0,,0.0
2026-02-28,Maharashtra,Reliance Com.,0.0,0.0,0.0,,0.0
2026-02-28,Maharashtra,Reliance Jio,44114092.0,43720843.0,-393249.0,-0.8914362331202466,43.18535453638043
2026-02-28,Maharashtra,Vodafone Idea,20548489.0,20617223.0,68734.0,0.3344966143252674,20.36470533769481
2026-02-28,Mumbai,BSNL,0.0,0.0,0.0,,0.0
2026-02-28,Mumbai,Bharti Airtel,15559577.0,15797686.0,238109.0,1.530305097625726,39.50245224885519
2026-02-28,Mumbai,MTNL,90957.0,89426.0,-1531.0,-1.6832129467770482,0.2236116286148569
2026-02-28,Mumbai,Reliance Com.,48.0,51.0,3.0,6.25,0.0001275265924826
2026-02-28,Mumbai,Reliance Jio,13289563.0,13276305.0,-13258.0,-0.0997624978338264,33.19768504727448
2026-02-28,Mumbai,Vodafone Idea,10806516.0,10828191.0,21675.0,0.2005734318072541,27.076123548662984
2026-02-28,North East,BSNL,1305572.0,1305447.0,-125.0,-0.0095743474890699,9.940581010381724
2026-02-28,North East,Bharti Airtel,6624053.0,6636085.0,12032.0,0.1816410587294515,50.53176462489783
2026-02-28,North East,MTNL,0.0,0.0,0.0,,0.0
2026-02-28,North East,Reliance Com.,0.0,0.0,0.0,,0.0
2026-02-28,North East,Reliance Jio,4501763.0,4593508.0,91745.0,2.0379793427597144,34.978163338562595
2026-02-28,North East,Vodafone Idea,599975.0,597462.0,-2513.0,-0.4188507854493937,4.549491026157849
2026-02-28,Odisha,BSNL,5513183.0,5507651.0,-5532.0,-0.1003413091856374,14.589468512353148
2026-02-28,Odisha,Bharti Airtel,13107129.0,13153321.0,46192.0,0.3524189011949146,34.84243329186497
2026-02-28,Odisha,MTNL,0.0,0.0,0.0,,0.0
2026-02-28,Odisha,Reliance Com.,0.0,0.0,0.0,,0.0
2026-02-28,Odisha,Reliance Jio,17411440.0,17586250.0,174810.0,1.0039950745027406,46.58502156824579
2026-02-28,Odisha,Vodafone Idea,1486579.0,1503646.0,17067.0,1.1480721845256794,3.983076627536088
2026-02-28,Punjab,BSNL,4112988.0,4103312.0,-9676.0,-0.2352547588274023,11.581974939844216
2026-02-28,Punjab,Bharti Airtel,13941637.0,14059983.0,118346.0,0.8488673173745666,39.68559318926656
2026-02-28,Punjab,MTNL,0.0,0.0,0.0,,0.0
2026-02-28,Punjab,Reliance Com.,5.0,5.0,0.0,0.0,1.4112959165479272e-05
2026-02-28,Punjab,Reliance Jio,11562724.0,11648351.0,85627.0,0.7405434913087954,32.878540401633934
2026-02-28,Punjab,Vodafone Idea,5597660.0,5616780.0,19120.0,0.3415712994358357,15.853877356296136
2026-02-28,Rajasthan,BSNL,5743571.0,5733509.0,-10062.0,-0.1751871788474452,8.509359122708789
2026-02-28,Rajasthan,Bharti Airtel,25442403.0,25683135.0,240732.0,0.94618421066595,38.117498221771584
2026-02-28,Rajasthan,MTNL,0.0,0.0,0.0,,0.0
2026-02-28,Rajasthan,Reliance Com.,39.0,36.0,-3.0,-7.6923076923076925,5.3429222561177874e-05
2026-02-28,Rajasthan,Reliance Jio,27336583.0,27543925.0,207342.0,0.7584781170345979,40.87918052870531
2026-02-28,Rajasthan,Vodafone Idea,8411534.0,8418253.0,6719.0,0.0798784145674261,12.493908697591758
2026-02-28,Tamil Nadu,BSNL,7971060.0,7990412.0,19352.0,0.2427782503205345,9.967669864443812
2026-02-28,Tamil Nadu,Bharti Airtel,32743838.0,32957309.0,213471.0,0.6519425120537183,41.11272056215158
2026-02-28,Tamil Nadu,MTNL,0.0,0.0,0.0,,0.0
2026-02-28,Tamil Nadu,Reliance Com.,0.0,0.0,0.0,,0.0
2026-02-28,Tamil Nadu,Reliance Jio,24857332.0,24938684.0,81352.0,0.3272756706150121,31.109856283466613
2026-02-28,Tamil Nadu,Vodafone Idea,14263749.0,14276884.0,13135.0,0.0920865895775367,17.80975328993799
2026-02-28,U.P.(E),BSNL,8482147.0,8474962.0,-7185.0,-0.0847073270482108,7.77967780239594
2026-02-28,U.P.(E),Bharti Airtel,40222140.0,40720415.0,498275.0,1.2388077809882816,37.37972024887553
2026-02-28,U.P.(E),MTNL,0.0,0.0,0.0,,0.0
2026-02-28,U.P.(E),Reliance Com.,0.0,0.0,0.0,,0.0
2026-02-28,U.P.(E),Reliance Jio,44213422.0,43907858.0,-305564.0,-0.6911114005154363,40.30566605883932
2026-02-28,U.P.(E),Vodafone Idea,15708507.0,15833950.0,125443.0,0.7985672985981417,14.534935889889203
2026-02-28,U.P.(W),BSNL,5230318.0,5195981.0,-34337.0,-0.6564992797761053,7.929369205995906
2026-02-28,U.P.(W),Bharti Airtel,21815161.0,22227092.0,411931.0,1.88827852336272,33.919835127118056
2026-02-28,U.P.(W),MTNL,0.0,0.0,0.0,,0.0
2026-02-28,U.P.(W),Reliance Com.,0.0,0.0,0.0,,0.0
2026-02-28,U.P.(W),Reliance Jio,25383294.0,25604734.0,221440.0,0.8723848055339075,39.07431326390847
2026-02-28,U.P.(W),Vodafone Idea,12584348.0,12500495.0,-83853.0,-0.6663277271098987,19.07648240297757
2026-02-28,West Bengal,BSNL,2652592.0,2647259.0,-5333.0,-0.2010486346939144,4.589654630291725
2026-02-28,West Bengal,Bharti Airtel,18753034.0,18842022.0,88988.0,0.4745258820519389,32.667137411321875
2026-02-28,West Bengal,MTNL,0.0,0.0,0.0,,0.0
2026-02-28,West Bengal,Reliance Com.,4.0,4.0,0.0,0.0,6.9349536713887465e-06
2026-02-28,West Bengal,Reliance Jio,25686703.0,25852760.0,166057.0,0.6464706661652918,44.82192321938303
2026-02-28,West Bengal,Vodafone Idea,10399121.0,10336783.0,-62338.0,-0.5994545115880467,17.921277804049694
2026-03-31,Andhra Pradesh,BSNL,7489622.0,7489676.0,54.0,0.0007209976685071,8.58939259770593
2026-03-31,Andhra Pradesh,Bharti Airtel,38327283.0,38642976.0,315693.0,0.8236769613958809,44.31696271076719
2026-03-31,Andhra Pradesh,MTNL,0.0,0.0,0.0,,0.0
2026-03-31,Andhra Pradesh,Reliance Com.,0.0,0.0,0.0,,0.0
2026-03-31,Andhra Pradesh,Reliance Jio,32075153.0,32224617.0,149464.0,0.4659806299287177,36.95618965676334
2026-03-31,Andhra Pradesh,Vodafone Idea,8854876.0,8839537.0,-15339.0,-0.1732265928963884,10.137455034763544
2026-03-31,Assam,BSNL,2939314.0,2928181.0,-11133.0,-0.3787618471520906,10.024400100018706
2026-03-31,Assam,Bharti Airtel,14212088.0,14786568.0,574480.0,4.042192815017751,50.62066646089617
2026-03-31,Assam,MTNL,0.0,0.0,0.0,,0.0
2026-03-31,Assam,Reliance Com.,0.0,0.0,0.0,,0.0
2026-03-31,Assam,Reliance Jio,9910383.0,10015219.0,104836.0,1.0578400451324637,34.28632394831783
2026-03-31,Assam,Vodafone Idea,1466072.0,1480568.0,14496.0,0.9887645354389144,5.0686094907673045
2026-03-31,Bihar,BSNL,5636574.0,5626979.0,-9595.0,-0.1702275176374868,5.232993122722135
2026-03-31,Bihar,Bharti Airtel,49237048.0,49486508.0,249460.0,0.5066510079970675,46.02159631865233
2026-03-31,Bihar,MTNL,0.0,0.0,0.0,,0.0
2026-03-31,Bihar,Reliance Com.,0.0,0.0,0.0,,0.0
2026-03-31,Bihar,Reliance Jio,44537959.0,44998130.0,460171.0,1.0332107944147149,41.84748242802338
2026-03-31,Bihar,Vodafone Idea,7359813.0,7417265.0,57452.0,0.7806176597149955,6.897928130602157
2026-03-31,Delhi,BSNL,0.0,0.0,0.0,,0.0
2026-03-31,Delhi,Bharti Airtel,38222715.0,38960542.0,737827.0,1.930336450458844,51.51879418078455
2026-03-31,Delhi,MTNL,134606.0,133080.0,-1526.0,-1.1336790336240583,0.1759760202919869
2026-03-31,Delhi,Reliance Com.,2.0,2.0,0.0,0.0,2.6446651681993824e-06
2026-03-31,Delhi,Reliance Jio,20466208.0,20434815.0,-31393.0,-0.153389431007444,27.02162172454913
2026-03-31,Delhi,Vodafone Idea,16326460.0,16095501.0,-230959.0,-1.4146299932747208,21.28360542970916
2026-03-31,Gujarat,BSNL,3293233.0,3290591.0,-2642.0,-0.0802251161700371,4.607778159729922
2026-03-31,Gujarat,Bharti Airtel,15503511.0,15664281.0,160770.0,1.036990911284547,21.93451932484845
2026-03-31,Gujarat,MTNL,0.0,0.0,0.0,,0.0
2026-03-31,Gujarat,Reliance Com.,1.0,1.0,0.0,0.0,1.40028893281782e-06
2026-03-31,Gujarat,Reliance Jio,32585710.0,32899907.0,314197.0,0.964217136898352,46.06937566283552
2026-03-31,Gujarat,Vodafone Idea,19457305.0,19559053.0,101748.0,0.5229295629584878,27.38832545229717
2026-03-31,Haryana,BSNL,4415488.0,4509472.0,93984.0,2.1285076530612246,16.8165610387154
2026-03-31,Haryana,Bharti Airtel,7813312.0,7854741.0,41429.0,0.530236089381814,29.2916180585666
2026-03-31,Haryana,MTNL,0.0,0.0,0.0,,0.0
2026-03-31,Haryana,Reliance Com.,0.0,0.0,0.0,,0.0
2026-03-31,Haryana,Reliance Jio,8209320.0,8220268.0,10948.0,0.1333606193935673,30.654728220199384
2026-03-31,Haryana,Vodafone Idea,6207455.0,6231180.0,23725.0,0.3822017235727041,23.23709268251862
2026-03-31,Himachal Pradesh,BSNL,1778243.0,1777880.0,-363.0,-0.0204134080662766,18.929292086127493
2026-03-31,Himachal Pradesh,Bharti Airtel,3632654.0,3630477.0,-2177.0,-0.0599286361982176,38.65410463302803
2026-03-31,Himachal Pradesh,MTNL,0.0,0.0,0.0,,0.0
2026-03-31,Himachal Pradesh,Reliance Com.,0.0,0.0,0.0,,0.0
2026-03-31,Himachal Pradesh,Reliance Jio,3577829.0,3590215.0,12386.0,0.3461875902956793,38.225430505431305
2026-03-31,Himachal Pradesh,Vodafone Idea,389532.0,393644.0,4112.0,1.0556257252292496,4.191172775413172
2026-03-31,J&K,BSNL,855876.0,851147.0,-4729.0,-0.5525333109001771,6.328991373907182
2026-03-31,J&K,Bharti Airtel,6620418.0,6704199.0,83781.0,1.2654941123052956,49.85133900484541
2026-03-31,J&K,MTNL,0.0,0.0,0.0,,0.0
2026-03-31,J&K,Reliance Com.,0.0,0.0,0.0,,0.0
2026-03-31,J&K,Reliance Jio,5486632.0,5616528.0,129896.0,2.367499770350918,41.76359343721844
2026-03-31,J&K,Vodafone Idea,268634.0,276509.0,7875.0,2.9314978744313827,2.0560761840289645
2026-03-31,Karnataka,BSNL,4712976.0,4711589.0,-1387.0,-0.0294293881403172,5.693929452900153
2026-03-31,Karnataka,Bharti Airtel,43661606.0,43989594.0,327988.0,0.7512046167060369,53.16118296772488
2026-03-31,Karnataka,MTNL,0.0,0.0,0.0,,0.0
2026-03-31,Karnataka,Reliance Com.,135.0,102.0,-33.0,-24.444444444444443,0.0001232664403019
2026-03-31,Karnataka,Reliance Jio,26218620.0,26428918.0,210298.0,0.802094084280561,31.93920238129493
2026-03-31,Karnataka,Vodafone Idea,7516679.0,7617380.0,100701.0,1.339700684304864,9.205561931639744
2026-03-31,Kerala,BSNL,8968497.0,8961293.0,-7204.0,-0.0803256108576498,21.10371182630911
2026-03-31,Kerala,Bharti Airtel,9570297.0,9582288.0,11991.0,0.1252939172107197,22.5661458216688
2026-03-31,Kerala,MTNL,0.0,0.0,0.0,,0.0
2026-03-31,Kerala,Reliance Com.,3.0,3.0,0.0,0.0,7.064955412006652e-06
2026-03-31,Kerala,Reliance Jio,11070831.0,11137247.0,66416.0,0.5999188317480414,26.228051155834947
2026-03-31,Kerala,Vodafone Idea,12755200.0,12782282.0,27082.0,0.2123212493728048,30.102084131231734
2026-03-31,Kolkata,BSNL,1426529.0,1423628.0,-2901.0,-0.2033607448569219,6.204713423582913
2026-03-31,Kolkata,Bharti Airtel,5983605.0,5994154.0,10549.0,0.176298402050269,26.12480773546405
2026-03-31,Kolkata,MTNL,0.0,0.0,0.0,,0.0
2026-03-31,Kolkata,Reliance Com.,0.0,0.0,0.0,,0.0
2026-03-31,Kolkata,Reliance Jio,10897387.0,10933395.0,36008.0,0.3304278355903117,47.6519025488641
2026-03-31,Kolkata,Vodafone Idea,4588903.0,4593122.0,4219.0,0.0919391845937907,20.01857629208894
2026-03-31,Madhya Pradesh,BSNL,5136362.0,5132531.0,-3831.0,-0.0745858644698329,5.992707377451684
2026-03-31,Madhya Pradesh,Bharti Airtel,18200513.0,18298313.0,97800.0,0.537347491249285,21.36498256123929
2026-03-31,Madhya Pradesh,MTNL,0.0,0.0,0.0,,0.0
2026-03-31,Madhya Pradesh,Reliance Com.,0.0,0.0,0.0,,0.0
2026-03-31,Madhya Pradesh,Reliance Jio,49402733.0,49606122.0,203389.0,0.4116958468674193,57.91976186333181
2026-03-31,Madhya Pradesh,Vodafone Idea,12661300.0,12609315.0,-51985.0,-0.4105818517845719,14.722548197977211
2026-03-31,Maharashtra,BSNL,5315131.0,5338848.0,23717.0,0.4462166595705731,5.225579284043348
2026-03-31,Maharashtra,Bharti Airtel,31586780.0,32250561.0,663781.0,2.101451936538007,31.56633480862844
2026-03-31,Maharashtra,MTNL,0.0,0.0,0.0,,0.0
2026-03-31,Maharashtra,Reliance Com.,0.0,0.0,0.0,,0.0
2026-03-31,Maharashtra,Reliance Jio,43720843.0,43941678.0,220835.0,0.505102337573866,43.00941369053836
2026-03-31,Maharashtra,Vodafone Idea,20617223.0,20636495.0,19272.0,0.0934752463995757,20.198672216789863
2026-03-31,Mumbai,BSNL,0.0,0.0,0.0,,0.0
2026-03-31,Mumbai,Bharti Airtel,15797686.0,15942397.0,144711.0,0.9160265623712232,39.65256492877416
2026-03-31,Mumbai,MTNL,89426.0,81887.0,-7539.0,-8.430434101939033,0.2036726085997312
2026-03-31,Mumbai,Reliance Com.,51.0,48.0,-3.0,-5.88235294117647,0.0001193875122154
2026-03-31,Mumbai,Reliance Jio,13276305.0,13337985.0,61680.0,0.4645870970876309,33.17476764827245
2026-03-31,Mumbai,Vodafone Idea,10828191.0,10842893.0,14702.0,0.1357752185937614,26.96887542684145
2026-03-31,North East,BSNL,1305447.0,1296967.0,-8480.0,-0.6495859272724208,9.770813964166797
2026-03-31,North East,Bharti Airtel,6636085.0,6724753.0,88668.0,1.3361492506500443,50.6615129899007
2026-03-31,North East,MTNL,0.0,0.0,0.0,,0.0
2026-03-31,North East,Reliance Com.,0.0,0.0,0.0,,0.0
2026-03-31,North East,Reliance Jio,4593508.0,4656859.0,63351.0,1.379142041333116,35.08285326176827
2026-03-31,North East,Vodafone Idea,597462.0,595310.0,-2152.0,-0.3601902715151758,4.484819784164234
2026-03-31,Odisha,BSNL,5507651.0,5500943.0,-6708.0,-0.121794209545957,14.416186109047038
2026-03-31,Odisha,Bharti Airtel,13153321.0,13309058.0,155737.0,1.1840127675740597,34.87872116909798
2026-03-31,Odisha,MTNL,0.0,0.0,0.0,,0.0
2026-03-31,Odisha,Reliance Com.,0.0,0.0,0.0,,0.0
2026-03-31,Odisha,Reliance Jio,17586250.0,17826738.0,240488.0,1.3674774326533512,46.71809410226955
2026-03-31,Odisha,Vodafone Idea,1503646.0,1521363.0,17717.0,1.1782693532919315,3.986998619585429
2026-03-31,Punjab,BSNL,4103312.0,4098495.0,-4817.0,-0.1173929742607922,11.525701924821286
2026-03-31,Punjab,Bharti Airtel,14059983.0,14145393.0,85410.0,0.6074687288028726,39.77937836387589
2026-03-31,Punjab,MTNL,0.0,0.0,0.0,,0.0
2026-03-31,Punjab,Reliance Com.,5.0,5.0,0.0,0.0,1.4060895432129702e-05
2026-03-31,Punjab,Reliance Jio,11648351.0,11681843.0,33492.0,0.2875256763811461,32.85143457551127
2026-03-31,Punjab,Vodafone Idea,5616780.0,5633877.0,17097.0,0.3043914840887484,15.843471074896115
2026-03-31,Rajasthan,BSNL,5733509.0,5739342.0,5833.0,0.1017352549721296,8.467384270744581
2026-03-31,Rajasthan,Bharti Airtel,25683135.0,25919581.0,236446.0,0.9206274857021932,38.23975857575487
2026-03-31,Rajasthan,MTNL,0.0,0.0,0.0,,0.0
2026-03-31,Rajasthan,Reliance Com.,36.0,36.0,0.0,0.0,5.31116343557859e-05
2026-03-31,Rajasthan,Reliance Jio,27543925.0,27741623.0,197698.0,0.7177553671090812,40.92785936700167
2026-03-31,Rajasthan,Vodafone Idea,8418253.0,8381177.0,-37076.0,-0.4404239216854138,12.364944674864516
2026-03-31,Tamil Nadu,BSNL,7990412.0,7982319.0,-8093.0,-0.1012838887406556,9.91420420154188
2026-03-31,Tamil Nadu,Bharti Airtel,32957309.0,33196496.0,239187.0,0.7257479668622216,41.230730082281625
2026-03-31,Tamil Nadu,MTNL,0.0,0.0,0.0,,0.0
2026-03-31,Tamil Nadu,Reliance Com.,0.0,0.0,0.0,,0.0
2026-03-31,Tamil Nadu,Reliance Jio,24938684.0,25015812.0,77128.0,0.309270529270911,31.070152475161887
2026-03-31,Tamil Nadu,Vodafone Idea,14276884.0,14319339.0,42455.0,0.2973688096085952,17.784913241014607
2026-03-31,U.P.(E),BSNL,8474962.0,8460976.0,-13986.0,-0.1650272886179312,7.72468272562857
2026-03-31,U.P.(E),Bharti Airtel,40720415.0,41112752.0,392337.0,0.963489689385533,37.53502730387741
2026-03-31,U.P.(E),MTNL,0.0,0.0,0.0,,0.0
2026-03-31,U.P.(E),Reliance Com.,0.0,0.0,0.0,,0.0
2026-03-31,U.P.(E),Reliance Jio,43907858.0,44076149.0,168291.0,0.3832821906274726,40.24054279228909
2026-03-31,U.P.(E),Vodafone Idea,15833950.0,15881819.0,47869.0,0.3023187517959827,14.499747178204927
2026-03-31,U.P.(W),BSNL,5195981.0,5178467.0,-17514.0,-0.3370682071393255,7.817494303578947
2026-03-31,U.P.(W),Bharti Airtel,22227092.0,22650740.0,423648.0,1.9059983195282584,34.19390930208647
2026-03-31,U.P.(W),MTNL,0.0,0.0,0.0,,0.0
2026-03-31,U.P.(W),Reliance Com.,0.0,0.0,0.0,,0.0
2026-03-31,U.P.(W),Reliance Jio,25604734.0,25926452.0,321718.0,1.2564785871237718,39.13897507158257
2026-03-31,U.P.(W),Vodafone Idea,12500495.0,12486372.0,-14123.0,-0.1129795260107699,18.849621322752014
2026-03-31,West Bengal,BSNL,2647259.0,2644149.0,-3110.0,-0.11748000478986,4.569795773785457
2026-03-31,West Bengal,Bharti Airtel,18842022.0,18897474.0,55452.0,0.294299624530743,32.65988294170282
2026-03-31,West Bengal,MTNL,0.0,0.0,0.0,,0.0
2026-03-31,West Bengal,Reliance Com.,4.0,4.0,0.0,0.0,6.913068475014771e-06
2026-03-31,West Bengal,Reliance Jio,25852760.0,26029005.0,176245.0,0.6817260516865511,44.98507347537546
2026-03-31,West Bengal,Vodafone Idea,10336783.0,10290794.0,-45989.0,-0.4449063117606319,17.78524089606779
2026-04-30,Andhra Pradesh,BSNL,7489676.0,7557962.0,68286.0,0.9117350336650076,8.60732506861979
2026-04-30,Andhra Pradesh,Bharti Airtel,38642976.0,38970326.0,327350.0,0.8471138454760835,44.3810466250142
2026-04-30,Andhra Pradesh,MTNL,0.0,0.0,0.0,,0.0
2026-04-30,Andhra Pradesh,Reliance Com.,0.0,0.0,0.0,,0.0
2026-04-30,Andhra Pradesh,Reliance Jio,32224617.0,32478104.0,253487.0,0.7866253305663804,36.98743110119377
2026-04-30,Andhra Pradesh,Vodafone Idea,8839537.0,8802096.0,-37441.0,-0.4235629083287959,10.024197205172236
2026-04-30,Assam,BSNL,2928181.0,2922793.0,-5388.0,-0.1840050188154352,9.953513493448792
2026-04-30,Assam,Bharti Airtel,14786568.0,14896478.0,109910.0,0.7433097389468605,50.72965987596901
2026-04-30,Assam,MTNL,0.0,0.0,0.0,,0.0
2026-04-30,Assam,Reliance Com.,0.0,0.0,0.0,,0.0
2026-04-30,Assam,Reliance Jio,10015219.0,10060108.0,44889.0,0.4482078724389352,34.25949792665856
2026-04-30,Assam,Vodafone Idea,1480568.0,1485056.0,4488.0,0.3031269080515045,5.05732870392364
2026-04-30,Bihar,BSNL,5626979.0,5625714.0,-1265.0,-0.022480979580695,5.222191405662795
2026-04-30,Bihar,Bharti Airtel,49486508.0,49517464.0,30956.0,0.0625544239250019,45.96566319066645
2026-04-30,Bihar,MTNL,0.0,0.0,0.0,,0.0
2026-04-30,Bihar,Reliance Com.,0.0,0.0,0.0,,0.0
2026-04-30,Bihar,Reliance Jio,44998130.0,45149439.0,151309.0,0.3362561955352366,41.91094895977589
2026-04-30,Bihar,Vodafone Idea,7417265.0,7434457.0,17192.0,0.2317835482485795,6.901196443894875
2026-04-30,Delhi,BSNL,0.0,0.0,0.0,,0.0
2026-04-30,Delhi,Bharti Airtel,38960542.0,39262547.0,302005.0,0.7751560540405213,51.52954670156764
2026-04-30,Delhi,MTNL,133080.0,129207.0,-3873.0,-2.9102795311091074,0.169575808229391
2026-04-30,Delhi,Reliance Com.,2.0,2.0,0.0,0.0,2.624870296955908e-06
2026-04-30,Delhi,Reliance Jio,20434815.0,20612684.0,177869.0,0.8704213862469516,27.052810986069144
2026-04-30,Delhi,Vodafone Idea,16095501.0,16189801.0,94300.0,0.5858780040459753,21.24806387926353
2026-04-30,Gujarat,BSNL,3290591.0,3295987.0,5396.0,0.1639827009798544,4.585361295967333
2026-04-30,Gujarat,Bharti Airtel,15664281.0,15723878.0,59597.0,0.3804643187899911,21.87498360998154
2026-04-30,Gujarat,MTNL,0.0,0.0,0.0,,0.0
2026-04-30,Gujarat,Reliance Com.,1.0,1.0,0.0,0.0,1.391195200699315e-06
2026-04-30,Gujarat,Reliance Jio,32899907.0,33131377.0,231470.0,0.7035582197846334,46.09221267495967
2026-04-30,Gujarat,Vodafone Idea,19559053.0,19729396.0,170343.0,0.8709163986620416,27.447441027896257
2026-04-30,Haryana,BSNL,4509472.0,4559710.0,50238.0,1.1140550379290526,16.903907961264604
2026-04-30,Haryana,Bharti Airtel,7854741.0,7887027.0,32286.0,0.4110383779681595,29.23904776751348
2026-04-30,Haryana,MTNL,0.0,0.0,0.0,,0.0
2026-04-30,Haryana,Reliance Com.,0.0,0.0,0.0,,0.0
2026-04-30,Haryana,Reliance Jio,8220268.0,8303484.0,83216.0,1.0123270920120853,30.78295095386181
2026-04-30,Haryana,Vodafone Idea,6231180.0,6224074.0,-7106.0,-0.1140393954275113,23.074093317360106
2026-04-30,Himachal Pradesh,BSNL,1777880.0,1780772.0,2892.0,0.1626656467253132,18.959869561541865
2026-04-30,Himachal Pradesh,Bharti Airtel,3630477.0,3637192.0,6715.0,0.1849619209817332,38.72516295757322
2026-04-30,Himachal Pradesh,MTNL,0.0,0.0,0.0,,0.0
2026-04-30,Himachal Pradesh,Reliance Com.,0.0,0.0,0.0,,0.0
2026-04-30,Himachal Pradesh,Reliance Jio,3590215.0,3577538.0,-12677.0,-0.3530986305834051,38.09002715196519
2026-04-30,Himachal Pradesh,Vodafone Idea,393644.0,396820.0,3176.0,0.8068203757710012,4.224940328919728
2026-04-30,J&K,BSNL,851147.0,854884.0,3737.0,0.4390545933898609,6.272573322024049
2026-04-30,J&K,Bharti Airtel,6704199.0,6796765.0,92566.0,1.380716771682941,49.870165794501695
2026-04-30,J&K,MTNL,0.0,0.0,0.0,,0.0
2026-04-30,J&K,Reliance Com.,0.0,0.0,0.0,,0.0
2026-04-30,J&K,Reliance Jio,5616528.0,5696363.0,79835.0,1.4214297516187937,41.79614378835594
2026-04-30,J&K,Vodafone Idea,276509.0,280908.0,4399.0,1.5909066251008106,2.061117095118322
2026-04-30,Karnataka,BSNL,4711589.0,4725412.0,13823.0,0.2933829754675121,5.688030575512181
2026-04-30,Karnataka,Bharti Airtel,43989594.0,44269515.0,279921.0,0.636334584038216,53.28770377759551
2026-04-30,Karnataka,MTNL,0.0,0.0,0.0,,0.0
2026-04-30,Karnataka,Reliance Com.,102.0,75.0,-27.0,-26.47058823529412,9.027832772325749e-05
2026-04-30,Karnataka,Reliance Jio,26428918.0,26465455.0,36537.0,0.1382462952134476,31.856760264468317
2026-04-30,Karnataka,Vodafone Idea,7617380.0,7615960.0,-1420.0,-0.0186415801758609,9.16741510409627
2026-04-30,Kerala,BSNL,8961293.0,8961337.0,44.0,0.0004910005732431,21.09902851350773
2026-04-30,Kerala,Bharti Airtel,9582288.0,9631490.0,49202.0,0.5134681821293621,22.676870888525293
2026-04-30,Kerala,MTNL,0.0,0.0,0.0,,0.0
2026-04-30,Kerala,Reliance Com.,3.0,3.0,0.0,0.0,7.063352883673854e-06
2026-04-30,Kerala,Reliance Jio,11137247.0,11115720.0,-21527.0,-0.1932883413647915,26.17141763870371
2026-04-30,Kerala,Vodafone Idea,12782282.0,12764197.0,-18085.0,-0.1414849085632753,30.05267589591038
2026-04-30,Kolkata,BSNL,1423628.0,1426037.0,2409.0,0.169215553501336,6.182943522444261
2026-04-30,Kolkata,Bharti Airtel,5994154.0,5981811.0,-12343.0,-0.2059172987547534,25.93565214292184
2026-04-30,Kolkata,MTNL,0.0,0.0,0.0,,0.0
2026-04-30,Kolkata,Reliance Com.,0.0,0.0,0.0,,0.0
2026-04-30,Kolkata,Reliance Jio,10933395.0,11087736.0,154341.0,1.4116475257685284,48.07367935037593
2026-04-30,Kolkata,Vodafone Idea,4593122.0,4568463.0,-24659.0,-0.5368679516895044,19.80772498425797
2026-04-30,Madhya Pradesh,BSNL,5132531.0,5140116.0,7585.0,0.147782838525476,5.976717350915401
2026-04-30,Madhya Pradesh,Bharti Airtel,18298313.0,18400729.0,102416.0,0.5597018697843894,21.395617586021828
2026-04-30,Madhya Pradesh,MTNL,0.0,0.0,0.0,,0.0
2026-04-30,Madhya Pradesh,Reliance Com.,0.0,0.0,0.0,,0.0
2026-04-30,Madhya Pradesh,Reliance Jio,49606122.0,49953871.0,347749.0,0.7010203297084985,58.08432485786111
2026-04-30,Madhya Pradesh,Vodafone Idea,12609315.0,12507611.0,-101704.0,-0.8065783113515683,14.543340205201655
2026-04-30,Maharashtra,BSNL,5338848.0,5316718.0,-22130.0,-0.4145088977996751,5.168548782824833
2026-04-30,Maharashtra,Bharti Airtel,32250561.0,32726341.0,475780.0,1.4752611590229392,31.814305355646173
2026-04-30,Maharashtra,MTNL,0.0,0.0,0.0,,0.0
2026-04-30,Maharashtra,Reliance Com.,0.0,0.0,0.0,,0.0
2026-04-30,Maharashtra,Reliance Jio,43941678.0,44226664.0,284986.0,0.6485551143495248,42.994131038283925
2026-04-30,Maharashtra,Vodafone Idea,20636495.0,20597024.0,-39471.0,-0.1912679454529463,20.023014823245067
2026-04-30,Mumbai,BSNL,0.0,0.0,0.0,,0.0
2026-04-30,Mumbai,Bharti Airtel,15942397.0,16078527.0,136130.0,0.8538866520511313,39.81857066566602
2026-04-30,Mumbai,MTNL,81887.0,52357.0,-29530.0,-36.06189016571617,0.1296624314119245
2026-04-30,Mumbai,Reliance Com.,48.0,40.0,-8.0,-16.666666666666664,9.90602451721256e-05
2026-04-30,Mumbai,Reliance Jio,13337985.0,13426809.0,88824.0,0.6659476675074983,33.25157478548256
2026-04-30,Mumbai,Vodafone Idea,10842893.0,10821735.0,-21158.0,-0.1951324245291362,26.800093057194317
2026-04-30,North East,BSNL,1296967.0,1296058.0,-909.0,-0.0700865943389461,9.709519315647366
2026-04-30,North East,Bharti Airtel,6724753.0,6773477.0,48724.0,0.7245470577134953,50.74402979310585
2026-04-30,North East,MTNL,0.0,0.0,0.0,,0.0
2026-04-30,North East,Reliance Com.,0.0,0.0,0.0,,0.0
2026-04-30,North East,Reliance Jio,4656859.0,4682631.0,25772.0,0.5534202345400623,35.08029435607754
2026-04-30,North East,Vodafone Idea,595310.0,596157.0,847.0,0.1422788127194235,4.466156535169249
2026-04-30,Odisha,BSNL,5500943.0,5501212.0,269.0,0.0048900706660658,14.32198481053364
2026-04-30,Odisha,Bharti Airtel,13309058.0,13405275.0,96217.0,0.7229437274974683,34.89960847373748
2026-04-30,Odisha,MTNL,0.0,0.0,0.0,,0.0
2026-04-30,Odisha,Reliance Com.,0.0,0.0,0.0,,0.0
2026-04-30,Odisha,Reliance Jio,17826738.0,17970331.0,143593.0,0.8054922891669805,46.78438271825586
2026-04-30,Odisha,Vodafone Idea,1521363.0,1534143.0,12780.0,0.8400362043772591,3.994023997473013
2026-04-30,Punjab,BSNL,4098495.0,4103016.0,4521.0,0.1103087840780579,11.51917117542338
2026-04-30,Punjab,Bharti Airtel,14145393.0,14180852.0,35459.0,0.2506752551873249,39.81258215940298
2026-04-30,Punjab,MTNL,0.0,0.0,0.0,,0.0
2026-04-30,Punjab,Reliance Com.,5.0,5.0,0.0,0.0,1.4037443645629676e-05
2026-04-30,Punjab,Reliance Jio,11681843.0,11693275.0,11432.0,0.0978612706916194,32.828737769070074
2026-04-30,Punjab,Vodafone Idea,5633877.0,5641873.0,7996.0,0.1419271311745002,15.839494858659927
2026-04-30,Rajasthan,BSNL,5739342.0,5742178.0,2836.0,0.0494133299601243,8.44083723924325
2026-04-30,Rajasthan,Bharti Airtel,25919581.0,26113715.0,194134.0,0.7489858728812013,38.38641331337779
2026-04-30,Rajasthan,MTNL,0.0,0.0,0.0,,0.0
2026-04-30,Rajasthan,Reliance Com.,36.0,35.0,-1.0,-2.7777777777777777,5.144899781468176e-05
2026-04-30,Rajasthan,Reliance Jio,27741623.0,27858385.0,116762.0,0.42089101996664,40.95102825673038
2026-04-30,Rajasthan,Vodafone Idea,8381177.0,8314223.0,-66954.0,-0.7988615441482741,12.22166974165077
2026-04-30,Tamil Nadu,BSNL,7982319.0,7947847.0,-34472.0,-0.4318544523214369,9.858388616353608
2026-04-30,Tamil Nadu,Bharti Airtel,33196496.0,33322607.0,126111.0,0.3798925043173231,41.33285523941579
2026-04-30,Tamil Nadu,MTNL,0.0,0.0,0.0,,0.0
2026-04-30,Tamil Nadu,Reliance Com.,0.0,0.0,0.0,,0.0
2026-04-30,Tamil Nadu,Reliance Jio,25015812.0,25047405.0,31593.0,0.1262921227581979,31.068420456659325
2026-04-30,Tamil Nadu,Vodafone Idea,14319339.0,14302284.0,-17055.0,-0.1191046597891145,17.74033568757128
2026-04-30,U.P.(E),BSNL,8460976.0,8455120.0,-5856.0,-0.0692118734292592,7.660416308679791
2026-04-30,U.P.(E),Bharti Airtel,41112752.0,41356367.0,243615.0,0.5925533761398409,37.469248010027854
2026-04-30,U.P.(E),MTNL,0.0,0.0,0.0,,0.0
2026-04-30,U.P.(E),Reliance Com.,0.0,0.0,0.0,,0.0
2026-04-30,U.P.(E),Reliance Jio,44076149.0,44480957.0,404808.0,0.9184286948480912,40.30015522292818
2026-04-30,U.P.(E),Vodafone Idea,15881819.0,16081714.0,199895.0,1.2586404617758205,14.570180458364176
2026-04-30,U.P.(W),BSNL,5178467.0,5163335.0,-15132.0,-0.2922100304974426,7.746318831959114
2026-04-30,U.P.(W),Bharti Airtel,22650740.0,23008979.0,358239.0,1.5815774672262362,34.51933437048958
2026-04-30,U.P.(W),MTNL,0.0,0.0,0.0,,0.0
2026-04-30,U.P.(W),Reliance Com.,0.0,0.0,0.0,,0.0
2026-04-30,U.P.(W),Reliance Jio,25926452.0,26070008.0,143556.0,0.5537047645393206,39.11165824408542
2026-04-30,U.P.(W),Vodafone Idea,12486372.0,12413016.0,-73356.0,-0.5874885034660188,18.62268855346589
2026-04-30,West Bengal,BSNL,2644149.0,2643440.0,-709.0,-0.0268139200930053,4.556396585694838
2026-04-30,West Bengal,Bharti Airtel,18897474.0,18941712.0,44238.0,0.2340947790164971,32.64910566686399
2026-04-30,West Bengal,MTNL,0.0,0.0,0.0,,0.0
2026-04-30,West Bengal,Reliance Com.,4.0,1.0,-3.0,-75.0,1.7236618140358162e-06
2026-04-30,West Bengal,Reliance Jio,26029005.0,26193824.0,164819.0,0.6332128331451778,45.149294192374896
2026-04-30,West Bengal,Vodafone Idea,10290794.0,10237044.0,-53750.0,-0.5223114951091237,17.645201831404467
2026-05-31,Andhra Pradesh,BSNL,7557962.0,7535550.0,-22412.0,-0.2965349653782329,8.584313622294301
2026-05-31,Andhra Pradesh,Bharti Airtel,38970326.0,39092047.0,121721.0,0.3123427810175362,44.53270054414994
2026-05-31,Andhra Pradesh,MTNL,0.0,0.0,0.0,,0.0
2026-05-31,Andhra Pradesh,Reliance Com.,0.0,0.0,0.0,,0.0
2026-05-31,Andhra Pradesh,Reliance Jio,32478104.0,32401558.0,-76546.0,-0.2356849402292695,36.911059673541935
2026-05-31,Andhra Pradesh,Vodafone Idea,8802096.0,8753635.0,-48461.0,-0.5505620479485795,9.971926160013824
2026-05-31,Assam,BSNL,2922793.0,2917852.0,-4941.0,-0.1690506306809958,9.903481973424874
2026-05-31,Assam,Bharti Airtel,14896478.0,14928274.0,31796.0,0.2134464267325471,50.66805734264358
2026-05-31,Assam,MTNL,0.0,0.0,0.0,,0.0
2026-05-31,Assam,Reliance Com.,0.0,0.0,0.0,,0.0
2026-05-31,Assam,Reliance Jio,10060108.0,10119073.0,58965.0,0.5861269083791149,34.345147404073394
2026-05-31,Assam,Vodafone Idea,1485056.0,1497691.0,12635.0,0.8508096664368213,5.083313279858154
2026-05-31,Bihar,BSNL,5625714.0,5553265.0,-72449.0,-1.2878187550949087,5.137112309335203
2026-05-31,Bihar,Bharti Airtel,49517464.0,49720312.0,202848.0,0.4096494117711682,45.99435229530498
2026-05-31,Bihar,MTNL,0.0,0.0,0.0,,0.0
2026-05-31,Bihar,Reliance Com.,0.0,0.0,0.0,,0.0
2026-05-31,Bihar,Reliance Jio,45149439.0,45386595.0,237156.0,0.5252689850697813,41.985397032792704
2026-05-31,Bihar,Vodafone Idea,7434457.0,7440735.0,6278.0,0.0844446339524191,6.883138362567115
2026-05-31,Delhi,BSNL,0.0,0.0,0.0,,0.0
2026-05-31,Delhi,Bharti Airtel,39262547.0,39710860.0,448313.0,1.1418337175120097,51.63376566584713
2026-05-31,Delhi,MTNL,129207.0,127923.0,-1284.0,-0.993754208363324,0.1663309786106914
2026-05-31,Delhi,Reliance Com.,2.0,2.0,0.0,0.0,2.600485895588619e-06
2026-05-31,Delhi,Reliance Jio,20612684.0,20661804.0,49120.0,0.2382998739999119,26.86536493970825
2026-05-31,Delhi,Vodafone Idea,16189801.0,16408115.0,218314.0,1.348466235008077,21.334535815348023
2026-05-31,Gujarat,BSNL,3295987.0,3299334.0,3347.0,0.1015477306190831,4.560792331390035
2026-05-31,Gujarat,Bharti Airtel,15723878.0,15747678.0,23800.0,0.1513621512453861,21.76860210563694
2026-05-31,Gujarat,MTNL,0.0,0.0,0.0,,0.0
2026-05-31,Gujarat,Reliance Com.,1.0,1.0,0.0,0.0,1.3823372630324893e-06
2026-05-31,Gujarat,Reliance Jio,33131377.0,33397802.0,266425.0,0.8041470778591545,46.16702620798099
2026-05-31,Gujarat,Vodafone Idea,19729396.0,19896431.0,167035.0,0.8466300742303515,27.503577972654767
2026-05-31,Haryana,BSNL,4559710.0,4577770.0,18060.0,0.3960778207385996,17.009175904522678
2026-05-31,Haryana,Bharti Airtel,7887027.0,7908071.0,21044.0,0.2668179023604204,29.38325226135314
2026-05-31,Haryana,MTNL,0.0,0.0,0.0,,0.0
2026-05-31,Haryana,Reliance Com.,0.0,0.0,0.0,,0.0
2026-05-31,Haryana,Reliance Jio,8303484.0,8221663.0,-81821.0,-0.9853815579099088,30.548435634535075
2026-05-31,Haryana,Vodafone Idea,6224074.0,6206028.0,-18046.0,-0.2899387121682679,23.05913619958912
2026-05-31,Himachal Pradesh,BSNL,1780772.0,1789147.0,8375.0,0.4703016444553261,19.02995615705178
2026-05-31,Himachal Pradesh,Bharti Airtel,3637192.0,3624363.0,-12829.0,-0.3527171510329946,38.54991735572352
2026-05-31,Himachal Pradesh,MTNL,0.0,0.0,0.0,,0.0
2026-05-31,Himachal Pradesh,Reliance Com.,0.0,0.0,0.0,,0.0
2026-05-31,Himachal Pradesh,Reliance Jio,3577538.0,3592071.0,14533.0,0.4062290882724377,38.20644901901137
2026-05-31,Himachal Pradesh,Vodafone Idea,396820.0,396159.0,-661.0,-0.1665742654100095,4.213677468213331
2026-05-31,J&K,BSNL,854884.0,854021.0,-863.0,-0.1009493685693029,6.222153542216238
2026-05-31,J&K,Bharti Airtel,6796765.0,6837398.0,40633.0,0.5978285257766011,49.8153326267647
2026-05-31,J&K,MTNL,0.0,0.0,0.0,,0.0
2026-05-31,J&K,Reliance Com.,0.0,0.0,0.0,,0.0
2026-05-31,J&K,Reliance Jio,5696363.0,5749073.0,52710.0,0.9253272658361132,41.88610693578932
2026-05-31,J&K,Vodafone Idea,280908.0,284997.0,4089.0,1.4556367209193046,2.076406895229744
2026-05-31,Karnataka,BSNL,4725412.0,4739380.0,13968.0,0.2955932731368185,5.677534697988715
2026-05-31,Karnataka,Bharti Airtel,44269515.0,44450844.0,181329.0,0.4096024092425679,53.24983630029318
2026-05-31,Karnataka,MTNL,0.0,0.0,0.0,,0.0
2026-05-31,Karnataka,Reliance Com.,75.0,75.0,0.0,0.0,8.984616180790603e-05
2026-05-31,Karnataka,Reliance Jio,26465455.0,26665384.0,199929.0,0.7554338287401444,31.94376540711931
2026-05-31,Karnataka,Vodafone Idea,7615960.0,7620337.0,4377.0,0.0574714152910467,9.128773748436975
2026-05-31,Kerala,BSNL,8961337.0,8970872.0,9535.0,0.1064015336104422,21.051660305318432
2026-05-31,Kerala,Bharti Airtel,9631490.0,9748800.0,117310.0,1.2179839256439036,22.877199227063805
2026-05-31,Kerala,MTNL,0.0,0.0,0.0,,0.0
2026-05-31,Kerala,Reliance Com.,3.0,3.0,0.0,0.0,7.040004685827119e-06
2026-05-31,Kerala,Reliance Jio,11115720.0,11143678.0,27958.0,0.2515176704702889,26.15051511244953
2026-05-31,Kerala,Vodafone Idea,12764197.0,12750255.0,-13942.0,-0.1092273959732837,29.92061831516355
2026-05-31,Kolkata,BSNL,1426037.0,1427641.0,1604.0,0.112479549969601,6.182750016543449
2026-05-31,Kolkata,Bharti Airtel,5981811.0,6020324.0,38513.0,0.6438351194980918,26.0724918313476
2026-05-31,Kolkata,MTNL,0.0,0.0,0.0,,0.0
2026-05-31,Kolkata,Reliance Com.,0.0,0.0,0.0,,0.0
2026-05-31,Kolkata,Reliance Jio,11087736.0,11100615.0,12879.0,0.1161553630064785,48.07393985945518
2026-05-31,Kolkata,Vodafone Idea,4568463.0,4542132.0,-26331.0,-0.5763645234732119,19.67081829265377
2026-05-31,Madhya Pradesh,BSNL,5140116.0,5132545.0,-7571.0,-0.147292395735816,5.9401050770781625
2026-05-31,Madhya Pradesh,Bharti Airtel,18400729.0,18558123.0,157394.0,0.8553682845935072,21.47807776713912
2026-05-31,Madhya Pradesh,MTNL,0.0,0.0,0.0,,0.0
2026-05-31,Madhya Pradesh,Reliance Com.,0.0,0.0,0.0,,0.0
2026-05-31,Madhya Pradesh,Reliance Jio,49953871.0,50272816.0,318945.0,0.6384790480001039,58.18279422014152
2026-05-31,Madhya Pradesh,Vodafone Idea,12507611.0,12441469.0,-66142.0,-0.5288140157221072,14.3990229356412
2026-05-31,Maharashtra,BSNL,5316718.0,5284267.0,-32451.0,-0.6103577432543911,5.102889586368735
2026-05-31,Maharashtra,Bharti Airtel,32726341.0,33220613.0,494272.0,1.5103185534857075,32.08034721381146
2026-05-31,Maharashtra,MTNL,0.0,0.0,0.0,,0.0
2026-05-31,Maharashtra,Reliance Com.,0.0,0.0,0.0,,0.0
2026-05-31,Maharashtra,Reliance Jio,44226664.0,44467631.0,240967.0,0.5448455257669899,42.9413220718006
2026-05-31,Maharashtra,Vodafone Idea,20597024.0,20581895.0,-15129.0,-0.0734523589427288,19.87544112801921
2026-05-31,Mumbai,BSNL,0.0,0.0,0.0,,0.0
2026-05-31,Mumbai,Bharti Airtel,16078527.0,16206457.0,127930.0,0.7956574629006749,40.202585449976816
2026-05-31,Mumbai,MTNL,52357.0,49838.0,-2519.0,-4.811200030559429,0.1236307512281027
2026-05-31,Mumbai,Reliance Com.,40.0,40.0,0.0,0.0,9.922609352550483e-05
2026-05-31,Mumbai,Reliance Jio,13426809.0,13342742.0,-84067.0,-0.6261130250679816,33.09870413946704
2026-05-31,Mumbai,Vodafone Idea,10821735.0,10712900.0,-108835.0,-1.0057074951474971,26.57498043323452
2026-05-31,North East,BSNL,1296058.0,1296289.0,231.0,0.0178232764274438,9.691189853911718
2026-05-31,North East,Bharti Airtel,6773477.0,6789479.0,16002.0,0.2362449890949655,50.758843126915885
2026-05-31,North East,MTNL,0.0,0.0,0.0,,0.0
2026-05-31,North East,Reliance Com.,0.0,0.0,0.0,,0.0
2026-05-31,North East,Reliance Jio,4682631.0,4693114.0,10483.0,0.2238698714462019,35.08620282980958
2026-05-31,North East,Vodafone Idea,596157.0,597071.0,914.0,0.1533153179447695,4.463764189362807
2026-05-31,Odisha,BSNL,5501212.0,5499804.0,-1408.0,-0.0255943599337745,14.300054222537886
2026-05-31,Odisha,Bharti Airtel,13405275.0,13370540.0,-34735.0,-0.2591144157803551,34.764774705537086
2026-05-31,Odisha,MTNL,0.0,0.0,0.0,,0.0
2026-05-31,Odisha,Reliance Com.,0.0,0.0,0.0,,0.0
2026-05-31,Odisha,Reliance Jio,17970331.0,18064429.0,94098.0,0.5236297539538921,46.969367308214224
2026-05-31,Odisha,Vodafone Idea,1534143.0,1525249.0,-8894.0,-0.5797373517331826,3.965803763710796
2026-05-31,Punjab,BSNL,4103016.0,4104876.0,1860.0,0.0453325066243953,11.541494881578998
2026-05-31,Punjab,Bharti Airtel,14180852.0,14089157.0,-91695.0,-0.6466113601636911,39.613847872935246
2026-05-31,Punjab,MTNL,0.0,0.0,0.0,,0.0
2026-05-31,Punjab,Reliance Com.,5.0,5.0,0.0,0.0,1.4058274697675397e-05
2026-05-31,Punjab,Reliance Jio,11693275.0,11755036.0,61761.0,0.5281753828589509,33.05110503381268
2026-05-31,Punjab,Vodafone Idea,5641873.0,5617168.0,-24705.0,-0.4378864962043634,15.793538153398382
2026-05-31,Rajasthan,BSNL,5742178.0,5757236.0,15058.0,0.262234991670408,8.428694556630482
2026-05-31,Rajasthan,Bharti Airtel,26113715.0,26261236.0,147521.0,0.5649177070363217,38.446910448622994
2026-05-31,Rajasthan,MTNL,0.0,0.0,0.0,,0.0
2026-05-31,Rajasthan,Reliance Com.,35.0,35.0,0.0,0.0,5.124061432987408e-05
2026-05-31,Rajasthan,Reliance Jio,27858385.0,28074665.0,216280.0,0.7763551261137356,41.1018023344404
2026-05-31,Rajasthan,Vodafone Idea,8314223.0,8212020.0,-102203.0,-1.229254976682728,12.022541419691786
2026-05-31,Tamil Nadu,BSNL,7947847.0,7906366.0,-41481.0,-0.521914928659296,9.807290575476236
2026-05-31,Tamil Nadu,Bharti Airtel,33322607.0,33412949.0,90342.0,0.2711132415299919,41.44641164177931
2026-05-31,Tamil Nadu,MTNL,0.0,0.0,0.0,,0.0
2026-05-31,Tamil Nadu,Reliance Com.,0.0,0.0,0.0,,0.0
2026-05-31,Tamil Nadu,Reliance Jio,25047405.0,25096131.0,48726.0,0.1945351225007141,31.12998424778425
2026-05-31,Tamil Nadu,Vodafone Idea,14302284.0,14201784.0,-100500.0,-0.7026849697572779,17.616313534960206
2026-05-31,U.P.(E),BSNL,8455120.0,8457382.0,2262.0,0.0267530206549404,7.60566228886461
2026-05-31,U.P.(E),Bharti Airtel,41356367.0,41649868.0,293501.0,0.7096875796657863,37.45542419436522
2026-05-31,U.P.(E),MTNL,0.0,0.0,0.0,,0.0
2026-05-31,U.P.(E),Reliance Com.,0.0,0.0,0.0,,0.0
2026-05-31,U.P.(E),Reliance Jio,44480957.0,44687286.0,206329.0,0.4638591746126326,40.18695217053072
2026-05-31,U.P.(E),Vodafone Idea,16081714.0,16403959.0,322245.0,2.0037976051557687,14.751961346239442
2026-05-31,U.P.(W),BSNL,5163335.0,5169858.0,6523.0,0.1263330773618213,7.723194885162499
2026-05-31,U.P.(W),Bharti Airtel,23008979.0,23203685.0,194706.0,0.8462174701450246,34.66373376385227
2026-05-31,U.P.(W),MTNL,0.0,0.0,0.0,,0.0
2026-05-31,U.P.(W),Reliance Com.,0.0,0.0,0.0,,0.0
2026-05-31,U.P.(W),Reliance Jio,26070008.0,26207243.0,137235.0,0.5264095047458367,39.15071653647173
2026-05-31,U.P.(W),Vodafone Idea,12413016.0,12358584.0,-54432.0,-0.4385074505664055,18.462354814513493
2026-05-31,West Bengal,BSNL,2643440.0,2641533.0,-1907.0,-0.0721408467754138,4.519505412996108
2026-05-31,West Bengal,Bharti Airtel,18941712.0,19258903.0,317191.0,1.6745635241418515,32.95083436658447
2026-05-31,West Bengal,MTNL,0.0,0.0,0.0,,0.0
2026-05-31,West Bengal,Reliance Com.,1.0,1.0,0.0,0.0,1.7109403566020597e-06
2026-05-31,West Bengal,Reliance Jio,26193824.0,26336227.0,142403.0,0.5436510530115801,45.05971361493278
2026-05-31,West Bengal,Vodafone Idea,10237044.0,10210727.0,-26317.0,-0.2570761637832171,17.469944894546277
2026-06-30,Andhra Pradesh,BSNL,7535550.0,7577013.0,41463.0,0.5502319007902542,8.58105077340254
2026-06-30,Andhra Pradesh,Bharti Airtel,39092047.0,39412884.0,320837.0,0.8207219233108974,44.6355257316075
2026-06-30,Andhra Pradesh,MTNL,0.0,0.0,0.0,,0.0
2026-06-30,Andhra Pradesh,Reliance Com.,0.0,0.0,0.0,,0.0
2026-06-30,Andhra Pradesh,Reliance Jio,32401558.0,32580104.0,178546.0,0.5510414036263318,36.89732703728173
2026-06-30,Andhra Pradesh,Vodafone Idea,8753635.0,8729360.0,-24275.0,-0.2773133675324594,9.886096457708229
2026-06-30,Assam,BSNL,2917852.0,2907824.0,-10028.0,-0.343677472332387,9.810950304056648
2026-06-30,Assam,Bharti Airtel,14928274.0,15052205.0,123931.0,0.8301763485852418,50.7858918632878
2026-06-30,Assam,MTNL,0.0,0.0,0.0,,0.0
2026-06-30,Assam,Reliance Com.,0.0,0.0,0.0,,0.0
2026-06-30,Assam,Reliance Jio,10119073.0,10164079.0,45006.0,0.4447640608976731,34.29343521324048
2026-06-30,Assam,Vodafone Idea,1497691.0,1514448.0,16757.0,1.1188556250922252,5.109722619415062
2026-06-30,Bihar,BSNL,5553265.0,5532703.0,-20562.0,-0.3702686617692474,5.101996157796088
2026-06-30,Bihar,Bharti Airtel,49720312.0,49856273.0,135961.0,0.2734516227492699,45.975089081780254
2026-06-30,Bihar,MTNL,0.0,0.0,0.0,,0.0
2026-06-30,Bihar,Reliance Com.,0.0,0.0,0.0,,0.0
2026-06-30,Bihar,Reliance Jio,45386595.0,45608581.0,221986.0,0.4891003610206934,42.05806908929174
2026-06-30,Bihar,Vodafone Idea,7440735.0,7444371.0,3636.0,0.0488661402401778,6.864845671131927
2026-06-30,Delhi,BSNL,0.0,0.0,0.0,,0.0
2026-06-30,Delhi,Bharti Airtel,39710860.0,40134446.0,423586.0,1.0666754635885498,51.81298706865029
2026-06-30,Delhi,MTNL,127923.0,124727.0,-3196.0,-2.4983779304738007,0.1610207460721282
2026-06-30,Delhi,Reliance Com.,2.0,2.0,0.0,0.0,2.58197096173448e-06
2026-06-30,Delhi,Reliance Jio,20661804.0,20740302.0,78498.0,0.3799184233864575,26.775428750801783
2026-06-30,Delhi,Vodafone Idea,16408115.0,16460728.0,52613.0,0.3206523113715378,21.250560852504844
2026-06-30,Gujarat,BSNL,3299334.0,3301492.0,2158.0,0.0654071397439604,4.541173204039361
2026-06-30,Gujarat,Bharti Airtel,15747678.0,15838587.0,90909.0,0.5772851083188264,21.78583709251641
2026-06-30,Gujarat,MTNL,0.0,0.0,0.0,,0.0
2026-06-30,Gujarat,Reliance Com.,1.0,1.0,0.0,0.0,1.375491203383004e-06
2026-06-30,Gujarat,Reliance Jio,33397802.0,33553455.0,155653.0,0.4660576166060269,46.15248219560748
2026-06-30,Gujarat,Vodafone Idea,19896431.0,20007766.0,111335.0,0.5595727193485103,27.52050613234556
2026-06-30,Haryana,BSNL,4577770.0,4649224.0,71454.0,1.5608910015138375,17.18233358331334
2026-06-30,Haryana,Bharti Airtel,7908071.0,7938962.0,30891.0,0.3906262348934398,29.340357313230857
2026-06-30,Haryana,MTNL,0.0,0.0,0.0,,0.0
2026-06-30,Haryana,Reliance Com.,0.0,0.0,0.0,,0.0
2026-06-30,Haryana,Reliance Jio,8221663.0,8270811.0,49148.0,0.5977866035131822,30.5667856843502
2026-06-30,Haryana,Vodafone Idea,6206028.0,6199167.0,-6861.0,-0.1105538034955691,22.9105234191056
2026-06-30,Himachal Pradesh,BSNL,1789147.0,1795583.0,6436.0,0.3597244944099059,19.063960852471617
2026-06-30,Himachal Pradesh,Bharti Airtel,3624363.0,3625894.0,1531.0,0.042241905681081,38.49663383492255
2026-06-30,Himachal Pradesh,MTNL,0.0,0.0,0.0,,0.0
2026-06-30,Himachal Pradesh,Reliance Com.,0.0,0.0,0.0,,0.0
2026-06-30,Himachal Pradesh,Reliance Jio,3592071.0,3603233.0,11162.0,0.3107399603181563,38.256038765311246
2026-06-30,Himachal Pradesh,Vodafone Idea,396159.0,394020.0,-2139.0,-0.5399347231793296,4.183366547294592
2026-06-30,J&K,BSNL,854021.0,857909.0,3888.0,0.4552581259711412,6.123883165044308
2026-06-30,J&K,Bharti Airtel,6837398.0,7021123.0,183725.0,2.6870601945359915,50.11782944275603
2026-06-30,J&K,MTNL,0.0,0.0,0.0,,0.0
2026-06-30,J&K,Reliance Com.,0.0,0.0,0.0,,0.0
2026-06-30,J&K,Reliance Jio,5749073.0,5848439.0,99366.0,1.7283829932234294,41.74703509799824
2026-06-30,J&K,Vodafone Idea,284997.0,281761.0,-3236.0,-1.135450548602266,2.011252294201424
2026-06-30,Karnataka,BSNL,4739380.0,4746383.0,7003.0,0.1477619435453582,5.660598261928689
2026-06-30,Karnataka,Bharti Airtel,44450844.0,44658497.0,207653.0,0.4671519847857107,53.26030589999744
2026-06-30,Karnataka,MTNL,0.0,0.0,0.0,,0.0
2026-06-30,Karnataka,Reliance Com.,75.0,53.0,-22.0,-29.33333333333333,6.320849115678623e-05
2026-06-30,Karnataka,Reliance Jio,26665384.0,26761089.0,95705.0,0.3589110136197551,31.915623724574893
2026-06-30,Karnataka,Vodafone Idea,7620337.0,7683472.0,63135.0,0.8285066657813166,9.163408905007822
2026-06-30,Kerala,BSNL,8970872.0,8981297.0,10425.0,0.1162094387256891,21.007259275552563
2026-06-30,Kerala,Bharti Airtel,9748800.0,9785939.0,37139.0,0.3809597078614804,22.88931741459408
2026-06-30,Kerala,MTNL,0.0,0.0,0.0,,0.0
2026-06-30,Kerala,Reliance Com.,3.0,3.0,0.0,0.0,7.0170018680662375e-06
2026-06-30,Kerala,Reliance Jio,11143678.0,11193819.0,50141.0,0.4499501870028908,26.18234961126512
2026-06-30,Kerala,Vodafone Idea,12750255.0,12792244.0,41989.0,0.329318903818002,29.92106668158637
2026-06-30,Kolkata,BSNL,1427641.0,1421235.0,-6406.0,-0.4487122462860061,6.153172024503499
2026-06-30,Kolkata,Bharti Airtel,6020324.0,6044270.0,23946.0,0.3977526790916901,26.16839092236384
2026-06-30,Kolkata,MTNL,0.0,0.0,0.0,,0.0
2026-06-30,Kolkata,Reliance Com.,0.0,0.0,0.0,,0.0
2026-06-30,Kolkata,Reliance Jio,11100615.0,11098252.0,-2363.0,-0.0212871088673915,48.04937517531584
2026-06-30,Kolkata,Vodafone Idea,4542132.0,4533842.0,-8290.0,-0.1825134100021752,19.629061877816824
2026-06-30,Madhya Pradesh,BSNL,5132545.0,5128546.0,-3999.0,-0.0779145628533213,5.914557580991288
2026-06-30,Madhya Pradesh,Bharti Airtel,18558123.0,18612142.0,54019.0,0.2910800839071925,21.464677427985706
2026-06-30,Madhya Pradesh,MTNL,0.0,0.0,0.0,,0.0
2026-06-30,Madhya Pradesh,Reliance Com.,0.0,0.0,0.0,,0.0
2026-06-30,Madhya Pradesh,Reliance Jio,50272816.0,50568363.0,295547.0,0.5878863042006638,58.31857503861121
2026-06-30,Madhya Pradesh,Vodafone Idea,12441469.0,12401509.0,-39960.0,-0.3211839373630236,14.302189952411796
2026-06-30,Maharashtra,BSNL,5284267.0,5288701.0,4434.0,0.0839094618042578,5.077857636646812
2026-06-30,Maharashtra,Bharti Airtel,33220613.0,33739307.0,518694.0,1.5613619170723911,32.39423020986084
2026-06-30,Maharashtra,MTNL,0.0,0.0,0.0,,0.0
2026-06-30,Maharashtra,Reliance Com.,0.0,0.0,0.0,,0.0
2026-06-30,Maharashtra,Reliance Jio,44467631.0,44483815.0,16184.0,0.036395012812803,42.71038950867784
2026-06-30,Maharashtra,Vodafone Idea,20581895.0,20640388.0,58493.0,0.2841963774472661,19.81752264481452
2026-06-30,Mumbai,BSNL,0.0,0.0,0.0,,0.0
2026-06-30,Mumbai,Bharti Airtel,16206457.0,16336019.0,129562.0,0.7994467884004505,40.311380872198
2026-06-30,Mumbai,MTNL,49838.0,41750.0,-8088.0,-16.22858060114772,0.1030238855264716
2026-06-30,Mumbai,Reliance Com.,40.0,43.0,3.0,7.5,0.0001061084329973
2026-06-30,Mumbai,Reliance Jio,13342742.0,13446132.0,103390.0,0.7748782071930942,33.18018596267851
2026-06-30,Mumbai,Vodafone Idea,10712900.0,10700639.0,-12261.0,-0.1144508023037646,26.40530317116403
2026-06-30,North East,BSNL,1296289.0,1291691.0,-4598.0,-0.3547048536244618,9.639911676688378
2026-06-30,North East,Bharti Airtel,6789479.0,6809337.0,19858.0,0.2924819415451465,50.81819665601619
2026-06-30,North East,MTNL,0.0,0.0,0.0,,0.0
2026-06-30,North East,Reliance Com.,0.0,0.0,0.0,,0.0
2026-06-30,North East,Reliance Jio,4693114.0,4702354.0,9240.0,0.1968842009804151,35.09374705910493
2026-06-30,North East,Vodafone Idea,597071.0,596025.0,-1046.0,-0.1751885454158718,4.448144608190497
2026-06-30,Odisha,BSNL,5499804.0,5496126.0,-3678.0,-0.0668751104584818,14.237971987276891
2026-06-30,Odisha,Bharti Airtel,13370540.0,13384173.0,13633.0,0.101962972325725,34.67232742605751
2026-06-30,Odisha,MTNL,0.0,0.0,0.0,,0.0
2026-06-30,Odisha,Reliance Com.,0.0,0.0,0.0,,0.0
2026-06-30,Odisha,Reliance Jio,18064429.0,18177455.0,113026.0,0.62568266065869,47.08954909148485
2026-06-30,Odisha,Vodafone Idea,1525249.0,1544134.0,18885.0,1.2381584908431345,4.000151495180754
2026-06-30,Punjab,BSNL,4104876.0,4105142.0,266.0,0.006480098302604,11.52715768993754
2026-06-30,Punjab,Bharti Airtel,14089157.0,14146751.0,57594.0,0.408782441703219,39.72379751474653
2026-06-30,Punjab,MTNL,0.0,0.0,0.0,,0.0
2026-06-30,Punjab,Reliance Com.,5.0,5.0,0.0,0.0,1.4039901287138838e-05
2026-06-30,Punjab,Reliance Jio,11755036.0,11769733.0,14697.0,0.1250272649101202,33.04917789919609
2026-06-30,Punjab,Vodafone Idea,5617168.0,5591155.0,-26013.0,-0.4630981305882252,15.699852856218548
2026-06-30,Rajasthan,BSNL,5757236.0,5789648.0,32412.0,0.5629784848145881,8.447293620216003
2026-06-30,Rajasthan,Bharti Airtel,26261236.0,26324143.0,62907.0,0.2395431806789292,38.40782120459719
2026-06-30,Rajasthan,MTNL,0.0,0.0,0.0,,0.0
2026-06-30,Rajasthan,Reliance Com.,35.0,34.0,-1.0,-2.857142857142857,4.960715799774772e-05
2026-06-30,Rajasthan,Reliance Jio,28074665.0,28257109.0,182444.0,0.6498528121350691,41.22808443301703
2026-06-30,Rajasthan,Vodafone Idea,8212020.0,8167562.0,-44458.0,-0.5413771520283682,11.916751135011774
2026-06-30,Tamil Nadu,BSNL,7906366.0,7875683.0,-30683.0,-0.3880796816135251,9.7287043572947
2026-06-30,Tamil Nadu,Bharti Airtel,33412949.0,33648424.0,235475.0,0.7047417454831658,41.56535619639586
2026-06-30,Tamil Nadu,MTNL,0.0,0.0,0.0,,0.0
2026-06-30,Tamil Nadu,Reliance Com.,0.0,0.0,0.0,,0.0
2026-06-30,Tamil Nadu,Reliance Jio,25096131.0,25263846.0,167715.0,0.6682902635469986,31.208022042306965
2026-06-30,Tamil Nadu,Vodafone Idea,14201784.0,14165098.0,-36686.0,-0.2583196589949544,17.497917404002475
2026-06-30,U.P.(E),BSNL,8457382.0,8452682.0,-4700.0,-0.0555727528920888,7.576359635294224
2026-06-30,U.P.(E),Bharti Airtel,41649868.0,41710382.0,60514.0,0.1452921771564798,37.38610473663896
2026-06-30,U.P.(E),MTNL,0.0,0.0,0.0,,0.0
2026-06-30,U.P.(E),Reliance Com.,0.0,0.0,0.0,,0.0
2026-06-30,U.P.(E),Reliance Jio,44687286.0,44822268.0,134982.0,0.3020590688814711,40.17536943156503
2026-06-30,U.P.(E),Vodafone Idea,16403959.0,16581204.0,177245.0,1.0805013594584087,14.86216619650179
2026-06-30,U.P.(W),BSNL,5169858.0,5177442.0,7584.0,0.146696485667498,7.73495127269722
2026-06-30,U.P.(W),Bharti Airtel,23203685.0,23343743.0,140058.0,0.6036024019460702,34.87488891760967
2026-06-30,U.P.(W),MTNL,0.0,0.0,0.0,,0.0
2026-06-30,U.P.(W),Reliance Com.,0.0,0.0,0.0,,0.0
2026-06-30,U.P.(W),Reliance Jio,26207243.0,26183935.0,-23308.0,-0.0889372453256529,39.11805508443577
2026-06-30,U.P.(W),Vodafone Idea,12358584.0,12230557.0,-128027.0,-1.0359358321309302,18.272104725257357
2026-06-30,West Bengal,BSNL,2641533.0,2632670.0,-8863.0,-0.3355248637817509,4.4880755909169405
2026-06-30,West Bengal,Bharti Airtel,19258903.0,19376456.0,117553.0,0.610382637058819,33.03224453200595
2026-06-30,West Bengal,MTNL,0.0,0.0,0.0,,0.0
2026-06-30,West Bengal,Reliance Com.,1.0,1.0,0.0,0.0,1.7047619302521544e-06
2026-06-30,West Bengal,Reliance Jio,26336227.0,26486442.0,150215.0,0.5703740326964831,45.153077989431736
2026-06-30,West Bengal,Vodafone Idea,10210727.0,10163648.0,-47079.0,-0.4610739274490445,17.32660018288345
2026-07-31,Andhra Pradesh,BSNL,7577013.0,7614955.0,37942.0,0.5007514174781011,8.583585402732654
2026-07-31,Andhra Pradesh,Bharti Airtel,39412884.0,39732416.0,319532.0,0.8107298110942605,44.78642171790921
2026-07-31,Andhra Pradesh,MTNL,0.0,0.0,0.0,,0.0
2026-07-31,Andhra Pradesh,Reliance Com.,0.0,0.0,0.0,,0.0
2026-07-31,Andhra Pradesh,Reliance Jio,32580104.0,32652535.0,72431.0,0.2223166629547898,36.80597229901123
2026-07-31,Andhra Pradesh,Vodafone Idea,8729360.0,8715411.0,-13949.0,-0.159794074250575,9.82402058034691
2026-07-31,Assam,BSNL,2907824.0,2901384.0,-6440.0,-0.2214714508168307,9.742323948932803
2026-07-31,Assam,Bharti Airtel,15052205.0,15143012.0,90807.0,0.6032803831730966,50.84750190480709
2026-07-31,Assam,MTNL,0.0,0.0,0.0,,0.0
2026-07-31,Assam,Reliance Com.,0.0,0.0,0.0,,0.0
2026-07-31,Assam,Reliance Jio,10164079.0,10216861.0,52782.0,0.5192993875785499,34.30637571697422
2026-07-31,Assam,Vodafone Idea,1514448.0,1519974.0,5526.0,0.3648854235998859,5.103798429285882
2026-07-31,Bihar,BSNL,5532703.0,5518948.0,-13755.0,-0.2486126582251026,5.066800179042703
2026-07-31,Bihar,Bharti Airtel,49856273.0,50040817.0,184544.0,0.3701520167783099,45.94115047560571
2026-07-31,Bihar,MTNL,0.0,0.0,0.0,,0.0
2026-07-31,Bihar,Reliance Com.,0.0,0.0,0.0,,0.0
2026-07-31,Bihar,Reliance Jio,45608581.0,45882993.0,274412.0,0.6016674800735414,42.12396223834961
2026-07-31,Bihar,Vodafone Idea,7444371.0,7480977.0,36606.0,0.4917272392791816,6.868087107001977
2026-07-31,Delhi,BSNL,0.0,0.0,0.0,,0.0
2026-07-31,Delhi,Bharti Airtel,40134446.0,40228926.0,94480.0,0.2354087558602403,51.845928653999295
2026-07-31,Delhi,MTNL,124727.0,122756.0,-1971.0,-1.580251268770996,0.1582045421210185
2026-07-31,Delhi,Reliance Com.,2.0,3.0,1.0,50.0,3.866317136132292e-06
2026-07-31,Delhi,Reliance Jio,20740302.0,20697557.0,-42745.0,-0.2060963239590243,26.674439768391625
2026-07-31,Delhi,Vodafone Idea,16460728.0,16543979.0,83251.0,0.5057552740073221,21.321423169170924
2026-07-31,Gujarat,BSNL,3301492.0,3304433.0,2941.0,0.0890809367401162,4.512813625567464
2026-07-31,Gujarat,Bharti Airtel,15838587.0,15946351.0,107764.0,0.6803889766176743,21.777687751841647
2026-07-31,Gujarat,MTNL,0.0,0.0,0.0,,0.0
2026-07-31,Gujarat,Reliance Com.,1.0,2.0,1.0,100.0,2.731369421360617e-06
2026-07-31,Gujarat,Reliance Jio,33553455.0,33856293.0,302838.0,0.9025538502666864,46.23702171041276
2026-07-31,Gujarat,Vodafone Idea,20007766.0,20116264.0,108498.0,0.5422794328962064,27.47247418080871
2026-07-31,Haryana,BSNL,4649224.0,4717784.0,68560.0,1.47465469506309,17.349889371922902
2026-07-31,Haryana,Bharti Airtel,7938962.0,7964101.0,25139.0,0.3166534869419957,29.288384397594413
2026-07-31,Haryana,MTNL,0.0,0.0,0.0,,0.0
2026-07-31,Haryana,Reliance Com.,0.0,0.0,0.0,,0.0
2026-07-31,Haryana,Reliance Jio,8270811.0,8308319.0,37508.0,0.4534984537792002,30.554263509445345
2026-07-31,Haryana,Vodafone Idea,6199167.0,6201808.0,2641.0,0.0426024980453019,22.80746272103734
2026-07-31,Himachal Pradesh,BSNL,1795583.0,1800820.0,5237.0,0.2916601460361342,19.01502062243091
2026-07-31,Himachal Pradesh,Bharti Airtel,3625894.0,3637211.0,11317.0,0.3121161291532516,38.40563863858272
2026-07-31,Himachal Pradesh,MTNL,0.0,0.0,0.0,,0.0
2026-07-31,Himachal Pradesh,Reliance Com.,0.0,0.0,0.0,,0.0
2026-07-31,Himachal Pradesh,Reliance Jio,3603233.0,3639396.0,36163.0,1.0036264654547735,38.42871025043733
2026-07-31,Himachal Pradesh,Vodafone Idea,394020.0,393086.0,-934.0,-0.2370438048830008,4.150630488549036
2026-07-31,J&K,BSNL,857909.0,863662.0,5753.0,0.6705839430522351,6.05337578335685
2026-07-31,J&K,Bharti Airtel,7021123.0,7070320.0,49197.0,0.700699873795118,49.55561767055122
2026-07-31,J&K,MTNL,0.0,0.0,0.0,,0.0
2026-07-31,J&K,Reliance Com.,0.0,0.0,0.0,,0.0
2026-07-31,J&K,Reliance Jio,5848439.0,6063404.0,214965.0,3.675596171901596,42.4981797720741
2026-07-31,J&K,Vodafone Idea,281761.0,270058.0,-11703.0,-4.153520181998218,1.8928267740178268
2026-07-31,Karnataka,BSNL,4746383.0,4750730.0,4347.0,0.0915855294442104,5.6306749964147
2026-07-31,Karnataka,Bharti Airtel,44658497.0,45088864.0,430367.0,0.963684469721406,53.44036372126871
2026-07-31,Karnataka,MTNL,0.0,0.0,0.0,,0.0
2026-07-31,Karnataka,Reliance Com.,53.0,4.0,-49.0,-92.45283018867924,4.740892449299119e-06
2026-07-31,Karnataka,Reliance Jio,26761089.0,26780725.0,19636.0,0.0733751903743528,31.741134234814037
2026-07-31,Karnataka,Vodafone Idea,7683472.0,7751977.0,68505.0,0.8915891149209628,9.187822306610109
2026-07-31,Kerala,BSNL,8981297.0,9025390.0,44093.0,0.4909424551932755,21.02798621313353
2026-07-31,Kerala,Bharti Airtel,9785939.0,9841122.0,55183.0,0.5639009194723164,22.928535801529364
2026-07-31,Kerala,MTNL,0.0,0.0,0.0,,0.0
2026-07-31,Kerala,Reliance Com.,3.0,3.0,0.0,0.0,6.989610270514693e-06
2026-07-31,Kerala,Reliance Jio,11193819.0,11246920.0,53101.0,0.4743778687148685,26.20386251455237
2026-07-31,Kerala,Vodafone Idea,12792244.0,12807413.0,15169.0,0.1185796643653764,29.839608481174466
2026-07-31,Kolkata,BSNL,1421235.0,1420158.0,-1077.0,-0.0757791638961888,6.153066407769817
2026-07-31,Kolkata,Bharti Airtel,6044270.0,6062654.0,18384.0,0.3041558368504385,26.267438319772385
2026-07-31,Kolkata,MTNL,0.0,0.0,0.0,,0.0
2026-07-31,Kolkata,Reliance Com.,0.0,0.0,0.0,,0.0
2026-07-31,Kolkata,Reliance Jio,11098252.0,11089259.0,-8993.0,-0.0810307785406206,48.04602518871782
2026-07-31,Kolkata,Vodafone Idea,4533842.0,4508421.0,-25421.0,-0.5606944397268365,19.53347008373998
2026-07-31,Madhya Pradesh,BSNL,5128546.0,5127474.0,-1072.0,-0.0209026106034731,5.887748075537727
2026-07-31,Madhya Pradesh,Bharti Airtel,18612142.0,18696294.0,84152.0,0.4521349557724199,21.46847921962892
2026-07-31,Madhya Pradesh,MTNL,0.0,0.0,0.0,,0.0
2026-07-31,Madhya Pradesh,Reliance Com.,0.0,0.0,0.0,,0.0
2026-07-31,Madhya Pradesh,Reliance Jio,50568363.0,50872131.0,303768.0,0.6007076005209028,58.41517507329207
2026-07-31,Madhya Pradesh,Vodafone Idea,12401509.0,12391285.0,-10224.0,-0.082441580294785,14.228597631541284
2026-07-31,Maharashtra,BSNL,5288701.0,5293675.0,4974.0,0.0940495596177586,5.063820975305116
2026-07-31,Maharashtra,Bharti Airtel,33739307.0,34081957.0,342650.0,1.0155810254194018,32.6021013258364
2026-07-31,Maharashtra,MTNL,0.0,0.0,0.0,,0.0
2026-07-31,Maharashtra,Reliance Com.,0.0,0.0,0.0,,0.0
2026-07-31,Maharashtra,Reliance Jio,44483815.0,44467148.0,-16667.0,-0.0374675598304686,42.53636212166348
2026-07-31,Maharashtra,Vodafone Idea,20640388.0,20696362.0,55974.0,0.2711867625744245,19.797715577195
2026-07-31,Mumbai,BSNL,0.0,0.0,0.0,,0.0
2026-07-31,Mumbai,Bharti Airtel,16336019.0,16447086.0,111067.0,0.6798902474342127,40.45807441727837
2026-07-31,Mumbai,MTNL,41750.0,37977.0,-3773.0,-9.037125748502994,0.0934193626849753
2026-07-31,Mumbai,Reliance Com.,43.0,62.0,19.0,44.18604651162791,0.000152513376161
2026-07-31,Mumbai,Reliance Jio,13446132.0,13441467.0,-4665.0,-0.034693992294587,33.06457278592642
2026-07-31,Mumbai,Vodafone Idea,10700639.0,10725580.0,24941.0,0.2330795385210173,26.383780920734072
2026-07-31,North East,BSNL,1291691.0,1293699.0,2008.0,0.1554551359419551,9.628209566921504
2026-07-31,North East,Bharti Airtel,6809337.0,6839355.0,30018.0,0.4408358699239001,50.90113174901768
2026-07-31,North East,MTNL,0.0,0.0,0.0,,0.0
2026-07-31,North East,Reliance Com.,0.0,0.0,0.0,,0.0
2026-07-31,North East,Reliance Jio,4702354.0,4711654.0,9300.0,0.1977732854651095,35.065955928561415
2026-07-31,North East,Vodafone Idea,596025.0,591840.0,-4185.0,-0.7021517553793885,4.404702755499403
2026-07-31,Odisha,BSNL,5496126.0,5491419.0,-4707.0,-0.0856421413919549,14.075405248338896
2026-07-31,Odisha,Bharti Airtel,13384173.0,13464578.0,80405.0,0.6007468672139847,34.51191610909101
2026-07-31,Odisha,MTNL,0.0,0.0,0.0,,0.0
2026-07-31,Odisha,Reliance Com.,0.0,0.0,0.0,,0.0
2026-07-31,Odisha,Reliance Jio,18177455.0,18504489.0,327034.0,1.7991187435204763,47.430032490405374
2026-07-31,Odisha,Vodafone Idea,1544134.0,1553801.0,9667.0,0.6260467032006289,3.9826461521647194
2026-07-31,Punjab,BSNL,4105142.0,4104294.0,-848.0,-0.0206570199033309,11.496080856699182
2026-07-31,Punjab,Bharti Airtel,14146751.0,14198899.0,52148.0,0.3686217421936669,39.77095475619075
2026-07-31,Punjab,MTNL,0.0,0.0,0.0,,0.0
2026-07-31,Punjab,Reliance Com.,5.0,6.0,1.0,20.0,1.6805931821695785e-05
2026-07-31,Punjab,Reliance Jio,11769733.0,11825488.0,55755.0,0.4737150791780918,33.12305751438028
2026-07-31,Punjab,Vodafone Idea,5591155.0,5572993.0,-18162.0,-0.3248344930519722,15.609890066797975
2026-07-31,Rajasthan,BSNL,5789648.0,5847630.0,57982.0,1.0014771191616485,8.477291012892634
2026-07-31,Rajasthan,Bharti Airtel,26324143.0,26440461.0,116318.0,0.4418681360301074,38.33065402770664
2026-07-31,Rajasthan,MTNL,0.0,0.0,0.0,,0.0
2026-07-31,Rajasthan,Reliance Com.,34.0,34.0,0.0,0.0,4.928969419035567e-05
2026-07-31,Rajasthan,Reliance Jio,28257109.0,28519571.0,262462.0,0.9288352888471356,41.34473332441576
2026-07-31,Rajasthan,Vodafone Idea,8167562.0,8172241.0,4679.0,0.0572875969597782,11.847272345290778
2026-07-31,Tamil Nadu,BSNL,7875683.0,7850699.0,-24984.0,-0.317229629481024,9.667710596140711
2026-07-31,Tamil Nadu,Bharti Airtel,33648424.0,33848814.0,200390.0,0.5955405221950366,41.68298106634786
2026-07-31,Tamil Nadu,MTNL,0.0,0.0,0.0,,0.0
2026-07-31,Tamil Nadu,Reliance Com.,0.0,2.0,2.0,,2.462891672739131e-06
2026-07-31,Tamil Nadu,Reliance Jio,25263846.0,25309000.0,45154.0,0.178729715182716,31.166662672677337
2026-07-31,Tamil Nadu,Vodafone Idea,14165098.0,14196843.0,31745.0,0.2241071681960831,17.482643201942413
2026-07-31,U.P.(E),BSNL,8452682.0,8451922.0,-760.0,-0.0089912290560558,7.558877577168853
2026-07-31,U.P.(E),Bharti Airtel,41710382.0,41789816.0,79434.0,0.1904417945632816,37.37423311720247
2026-07-31,U.P.(E),MTNL,0.0,0.0,0.0,,0.0
2026-07-31,U.P.(E),Reliance Com.,0.0,0.0,0.0,,0.0
2026-07-31,U.P.(E),Reliance Jio,44822268.0,44972938.0,150670.0,0.3361498797874306,40.22102104439736
2026-07-31,U.P.(E),Vodafone Idea,16581204.0,16599835.0,18631.0,0.1123621662214637,14.84586826123132
2026-07-31,U.P.(W),BSNL,5177442.0,5179350.0,1908.0,0.0368521752633829,7.707990510421707
2026-07-31,U.P.(W),Bharti Airtel,23343743.0,23498533.0,154790.0,0.6630898909399405,34.97088811778145
2026-07-31,U.P.(W),MTNL,0.0,0.0,0.0,,0.0
2026-07-31,U.P.(W),Reliance Com.,0.0,0.0,0.0,,0.0
2026-07-31,U.P.(W),Reliance Jio,26183935.0,26360551.0,176616.0,0.674520464552024,39.230188528963566
2026-07-31,U.P.(W),Vodafone Idea,12230557.0,12156122.0,-74435.0,-0.608598610840046,18.09093284283328
2026-07-31,West Bengal,BSNL,2632670.0,2619442.0,-13228.0,-0.5024556818742949,4.458264301324817
2026-07-31,West Bengal,Bharti Airtel,19376456.0,19426718.0,50262.0,0.259397280906271,33.06408133919524
2026-07-31,West Bengal,MTNL,0.0,0.0,0.0,,0.0
2026-07-31,West Bengal,Reliance Com.,1.0,3.0,2.0,200.0,5.1059702425075465e-06
2026-07-31,West Bengal,Reliance Jio,26486442.0,26611644.0,125202.0,0.4727022225182227,45.29275412273483
2026-07-31,West Bengal,Vodafone Idea,10163648.0,10096942.0,-66706.0,-0.6563194632478417,17.184895130774876
